pit_stop_id,race_id,driver_id,pit_stop_number,pit_stop_time,laps_completed
1,799,341,2,07:42:36,28
2,2126,728,1,20:49:16,64
3,2944,719,1,13:27:22,5
4,1554,2417,2,14:45:18,5
5,292,1304,2,03:16:14,45
6,1579,1790,3,00:12:03,41
7,1404,225,1,19:49:52,29
8,1060,1613,3,18:58:53,13
9,2107,1961,1,10:15:59,18
10,1527,708,1,13:27:30,23
11,1558,1448,3,21:06:57,64
12,1566,2007,2,00:00:00,19
13,1442,2347,2,15:28:27,1
14,912,2287,1,01:19:38,52
15,2939,789,2,21:41:03,40
16,287,1193,3,12:27:43,29
17,686,2836,2,12:15:24,31
18,910,209,3,13:55:42,19
19,1154,2602,2,22:10:08,14
20,909,905,1,02:24:57,51
21,2193,649,2,02:25:18,50
22,2506,775,3,01:24:54,45
23,1978,129,2,03:14:25,21
24,2480,486,3,12:07:48,10
25,2285,1815,2,09:17:16,40
26,2319,2329,3,15:25:33,15
27,2586,2977,3,17:39:21,39
28,2166,157,3,13:11:49,14
29,2547,713,1,23:48:53,53
30,1455,2448,1,18:11:05,42
31,1456,301,1,04:31:12,21
32,952,2118,2,16:22:48,66
33,1072,1309,1,12:30:06,41
34,457,289,2,00:06:38,17
35,730,2557,2,21:22:32,28
36,2066,499,3,09:03:49,69
37,2286,2435,1,05:56:56,35
38,195,1836,2,12:55:36,11
39,46,397,1,08:07:33,40
40,2287,2409,3,11:11:37,58
41,2976,2228,3,15:27:54,60
42,1401,22,3,02:26:39,11
43,2916,622,3,20:46:27,5
44,1148,1647,3,17:38:14,65
45,536,2600,1,03:04:02,46
46,2504,986,1,17:31:56,31
47,1400,1653,3,03:19:26,6
48,2080,2085,2,04:20:57,33
49,1271,1799,3,09:39:49,24
50,2305,563,3,21:37:51,51
51,1933,2850,1,03:09:38,35
52,1449,2433,3,11:38:27,30
53,212,2112,2,01:08:24,15
54,1061,1320,2,18:14:43,43
55,2513,761,3,02:36:18,65
56,2012,1443,1,18:54:02,25
57,2974,1131,2,18:58:44,59
58,1749,380,2,14:29:23,27
59,2549,2817,3,07:20:28,13
60,2574,2347,2,14:37:19,58
61,2685,1080,3,06:44:38,4
62,1394,323,2,15:06:14,31
63,80,1760,1,21:59:00,11
64,1963,548,1,17:01:33,51
65,917,2425,2,19:34:43,14
66,2157,1802,1,04:21:11,62
67,445,2231,2,06:34:39,12
68,210,1221,3,19:55:32,10
69,2561,2402,3,05:41:17,52
70,1448,639,2,17:42:16,23
71,436,656,3,14:52:34,63
72,525,2835,3,12:23:36,60
73,2121,743,3,13:27:26,14
74,512,1712,2,06:54:42,47
75,967,1023,1,14:41:42,22
76,187,2542,3,06:04:10,66
77,2100,2108,2,20:56:48,58
78,2334,2327,1,16:38:05,29
79,680,1460,2,02:33:58,4
80,882,716,1,15:34:48,35
81,1854,2843,2,16:18:56,69
82,937,2960,3,09:21:33,55
83,1814,569,3,15:06:23,26
84,2399,2569,3,00:26:20,43
85,2066,1190,3,10:18:20,53
86,2413,558,1,13:02:34,5
87,1436,2053,1,01:16:45,26
88,1365,2224,1,23:56:59,8
89,1274,845,3,01:54:24,16
90,1824,860,2,00:45:30,32
91,1067,118,3,14:06:21,22
92,2864,242,3,12:18:16,15
93,1518,269,1,14:39:22,27
94,361,2061,2,06:29:02,46
95,1955,2865,2,06:34:41,36
96,1056,605,3,14:31:44,39
97,1469,1821,2,19:45:37,46
98,1543,1459,3,07:00:08,20
99,205,650,1,16:49:05,58
100,2186,457,2,13:27:56,56
101,2678,927,1,05:35:23,69
102,2036,867,1,23:37:25,54
103,2373,2328,3,18:49:33,41
104,456,2099,3,05:37:34,31
105,684,41,1,16:24:37,51
106,2435,264,2,07:47:00,12
107,4,1964,3,02:18:34,4
108,2881,1429,2,12:07:45,20
109,910,808,3,21:34:36,20
110,404,1991,3,15:42:27,22
111,1438,2986,3,18:14:07,59
112,1593,2020,1,13:02:57,57
113,1688,363,1,19:37:30,18
114,959,2101,2,06:56:38,25
115,2830,58,3,00:51:26,56
116,1972,1190,2,06:12:50,7
117,353,2064,3,20:05:04,12
118,2176,2974,1,19:19:29,67
119,1182,1936,2,10:41:53,70
120,1072,2521,2,08:24:44,6
121,1083,2938,2,08:38:03,13
122,281,1309,2,14:47:38,62
123,2741,811,3,01:58:35,23
124,167,2124,1,08:33:05,24
125,2504,992,1,03:54:30,29
126,970,2691,3,21:12:04,10
127,2328,1265,1,05:56:51,25
128,687,2497,1,22:18:34,16
129,2975,913,2,18:40:00,57
130,2808,1331,2,00:04:51,54
131,2705,1514,1,03:04:23,45
132,1104,1997,2,04:52:12,25
133,948,1805,3,16:40:03,33
134,1413,1951,1,23:41:05,69
135,2829,587,1,01:25:32,22
136,2817,130,2,18:57:43,39
137,327,2492,2,10:10:11,43
138,1674,887,3,16:59:12,20
139,121,1385,2,21:38:21,2
140,1956,2983,1,17:43:03,27
141,961,2268,2,10:01:43,11
142,2419,2178,1,13:08:17,53
143,1955,1129,2,12:15:12,26
144,2149,452,2,03:29:32,21
145,2337,2310,1,20:54:56,53
146,471,1940,3,23:30:47,42
147,1549,2374,3,08:25:52,57
148,2514,2330,3,03:42:35,48
149,298,976,3,23:34:22,22
150,1095,2553,2,02:02:52,70
151,1383,2193,1,22:09:24,58
152,684,528,2,07:35:14,26
153,307,848,1,19:49:24,70
154,212,2097,1,15:08:27,62
155,1241,841,1,09:08:35,65
156,761,2627,3,19:18:27,62
157,715,663,1,23:47:06,5
158,1150,2932,1,04:38:48,38
159,1763,728,3,08:35:50,24
160,115,788,3,20:59:31,66
161,588,1145,2,01:57:43,59
162,1704,212,1,23:35:35,37
163,2450,2339,2,13:03:47,12
164,1205,232,1,00:15:02,56
165,274,841,3,10:11:18,70
166,411,188,2,19:51:01,36
167,2337,2689,1,23:33:34,26
168,394,1772,3,17:59:36,43
169,1004,1148,2,21:39:11,69
170,2062,766,3,12:50:57,18
171,2524,1785,3,18:29:30,5
172,950,736,2,18:50:03,23
173,1838,2684,1,01:43:02,24
174,2609,2651,3,16:18:47,27
175,694,2163,2,15:44:54,43
176,113,1991,1,03:26:25,7
177,270,953,2,01:24:02,66
178,2448,1037,2,06:20:16,50
179,1201,1497,2,03:08:39,7
180,840,2158,3,16:39:47,11
181,2200,1400,1,05:24:44,7
182,1862,356,3,22:52:05,48
183,1022,1751,1,10:25:07,20
184,913,2288,1,19:11:07,53
185,2226,2581,2,18:55:18,23
186,158,1311,1,16:07:06,44
187,1964,1126,1,03:05:37,56
188,2244,573,2,00:03:06,17
189,1901,2042,1,04:25:45,8
190,373,1100,3,23:54:06,37
191,1708,1821,2,07:42:56,43
192,197,2693,2,17:33:57,12
193,417,2585,2,01:48:53,33
194,1956,222,2,20:18:23,21
195,2721,984,1,23:27:45,52
196,100,108,3,21:50:35,64
197,2077,875,1,01:54:45,57
198,72,1851,2,07:30:12,60
199,759,645,3,08:23:47,55
200,404,2732,2,11:34:42,21
201,1125,1247,3,13:35:15,21
202,1339,2903,2,09:42:13,26
203,321,1565,1,13:52:44,3
204,1102,153,3,11:55:32,16
205,685,484,1,04:27:27,15
206,657,2119,2,07:29:39,61
207,2501,1925,2,20:30:56,47
208,854,1801,3,11:03:14,56
209,2984,1819,3,17:47:06,53
210,2147,2524,3,06:04:49,32
211,980,939,3,14:31:59,58
212,2626,1768,1,22:14:48,48
213,2067,727,2,13:41:46,9
214,1832,1756,2,15:28:44,68
215,1685,2549,3,10:29:14,17
216,663,429,2,06:54:11,61
217,1691,932,3,15:51:07,24
218,2175,618,2,21:22:37,17
219,811,1851,1,18:20:03,63
220,1097,1575,2,13:27:29,52
221,758,450,1,13:00:26,44
222,2582,2904,3,00:14:20,61
223,1081,722,2,01:43:57,30
224,439,1398,1,17:54:52,33
225,1490,1755,1,05:26:20,47
226,473,1391,2,04:31:07,15
227,1403,2947,3,03:25:35,31
228,2638,917,1,08:45:57,64
229,514,452,1,08:08:14,21
230,56,269,2,06:09:21,60
231,1012,1414,1,07:08:00,32
232,2134,2261,2,23:25:59,50
233,1838,2312,1,15:16:01,52
234,2984,2735,1,09:42:42,38
235,2668,2708,1,19:14:56,59
236,253,1076,1,15:54:19,39
237,2623,359,1,18:13:10,8
238,18,204,2,14:08:43,10
239,2318,608,3,13:15:16,51
240,1308,2835,2,03:23:35,42
241,2085,1054,2,14:30:10,19
242,1779,1246,1,03:55:02,41
243,935,1885,2,16:44:34,37
244,1398,736,3,07:27:09,22
245,2627,2931,1,20:19:35,25
246,2520,976,2,10:48:51,59
247,1744,272,3,02:21:10,15
248,18,2307,1,20:33:50,26
249,672,2513,3,17:52:09,63
250,504,1565,1,08:54:23,36
251,1118,390,3,13:35:50,34
252,1199,1077,3,17:27:14,9
253,1674,387,3,13:33:47,32
254,1658,2515,2,06:49:31,25
255,2107,1636,1,17:41:29,6
256,517,2599,1,07:25:00,15
257,64,1141,2,18:18:20,12
258,382,1252,1,09:14:26,53
259,1726,503,3,08:51:05,32
260,1897,408,2,04:52:23,33
261,2100,1764,3,00:44:16,3
262,967,582,1,20:08:38,5
263,684,526,3,09:36:44,66
264,2026,2876,1,12:52:47,42
265,1134,97,2,21:37:30,41
266,1266,2096,1,05:24:57,50
267,2906,979,1,11:16:49,32
268,258,80,1,00:57:59,41
269,2176,989,3,22:47:32,50
270,44,1997,1,10:38:12,57
271,2737,2614,3,20:14:19,1
272,365,376,3,07:43:40,39
273,80,2393,2,03:50:13,16
274,524,2918,2,03:26:30,14
275,499,370,2,05:21:27,61
276,462,1962,1,12:25:28,22
277,1815,2209,1,16:09:25,21
278,243,2048,2,06:47:10,40
279,1047,2312,2,05:23:41,3
280,2769,2496,1,04:06:30,55
281,1929,2829,3,20:43:21,31
282,1558,329,2,01:58:26,59
283,1449,805,3,19:34:44,49
284,2926,2424,2,06:28:43,16
285,338,1436,2,01:28:21,1
286,374,1047,1,22:28:34,8
287,2978,702,1,11:27:28,27
288,497,2587,1,18:45:33,53
289,1470,2853,3,16:18:07,14
290,1766,1239,1,21:02:15,61
291,739,529,2,05:24:52,4
292,2310,528,3,04:45:27,16
293,1268,64,2,11:05:24,49
294,1754,157,2,19:00:57,40
295,576,462,1,02:14:54,68
296,843,2277,3,00:04:19,56
297,1729,1038,3,12:39:13,8
298,2681,2056,1,16:56:16,52
299,1215,1015,1,16:23:20,6
300,2169,2424,1,01:22:42,23
301,2734,1770,3,13:29:57,54
302,2406,846,2,00:51:21,65
303,940,2723,1,05:17:13,65
304,2252,657,2,06:30:38,30
305,155,181,1,16:29:14,42
306,2297,1779,1,05:31:59,1
307,1397,1188,1,19:53:08,63
308,363,684,3,01:58:30,21
309,707,858,1,18:50:02,20
310,1723,1933,2,09:24:29,19
311,2570,2850,2,10:44:06,60
312,79,2079,2,05:40:53,26
313,1257,1084,3,12:53:56,55
314,2234,1418,3,00:59:18,17
315,2248,570,2,18:44:24,49
316,2229,628,1,01:35:34,35
317,652,924,2,18:38:19,18
318,2203,943,2,13:15:06,29
319,2488,2633,3,17:08:41,26
320,593,1354,1,18:04:40,7
321,2268,676,2,08:44:41,44
322,746,975,3,20:49:51,27
323,2255,1757,3,17:09:21,34
324,493,408,1,17:46:14,48
325,1472,620,3,22:14:04,20
326,1781,2582,3,10:49:42,49
327,15,2599,2,20:59:07,50
328,841,1516,3,18:41:36,24
329,2164,76,1,17:06:47,2
330,2377,2598,2,08:57:45,56
331,1102,1681,1,20:49:11,41
332,1641,350,1,09:34:56,23
333,1328,2213,3,06:28:39,23
334,433,770,3,06:14:57,38
335,1931,2268,2,07:26:58,39
336,2772,2362,3,17:29:53,7
337,1469,1800,1,02:45:54,41
338,2258,1398,2,07:19:47,39
339,896,2604,1,03:29:18,40
340,2770,2088,3,20:54:09,62
341,1275,862,3,13:29:06,25
342,256,373,3,10:12:43,6
343,1517,725,2,21:43:22,64
344,1750,480,2,09:47:19,67
345,545,1784,2,23:27:20,45
346,1752,1438,3,15:56:12,43
347,578,967,3,04:21:20,8
348,77,2584,1,17:28:18,12
349,2704,2259,2,17:26:59,50
350,1384,1582,2,08:31:00,47
351,2325,2460,2,00:23:25,19
352,1455,2201,1,05:25:34,54
353,2630,2941,1,13:50:01,46
354,931,2270,1,14:24:20,36
355,173,2908,1,13:33:41,11
356,151,211,1,03:54:48,38
357,2227,2342,1,18:20:32,48
358,1655,1966,3,20:42:53,42
359,1846,2095,1,19:51:10,28
360,1642,257,3,21:38:56,12
361,2972,1249,1,17:43:31,10
362,2619,2690,2,02:33:44,61
363,1601,59,2,07:06:29,7
364,646,2610,3,12:26:50,35
365,1594,126,2,03:33:42,27
366,1773,1004,2,18:51:12,14
367,2460,2937,1,21:27:18,50
368,1773,203,2,22:11:15,68
369,1742,1554,1,02:29:56,26
370,2368,17,3,09:07:31,61
371,2879,2154,1,12:01:14,35
372,2606,2299,1,14:59:28,2
373,1736,2431,3,05:51:01,7
374,2760,2581,2,01:41:59,53
375,130,1950,3,09:47:27,7
376,1859,1078,3,17:49:44,66
377,2332,594,1,10:17:11,18
378,1980,134,2,04:39:11,41
379,1126,2147,2,09:58:33,26
380,1116,909,1,09:49:56,66
381,20,755,1,03:05:34,1
382,826,2760,3,00:03:29,45
383,1198,1907,3,08:15:26,54
384,841,1970,3,02:44:58,50
385,1639,2957,1,21:05:08,22
386,1713,1487,2,09:15:28,69
387,1568,2952,2,15:58:49,57
388,184,546,1,10:47:00,53
389,965,398,2,07:20:15,11
390,796,2635,2,09:18:34,39
391,1268,2893,3,09:25:00,54
392,2553,649,1,06:03:03,47
393,1874,1087,2,00:28:03,8
394,2206,2290,3,23:36:21,44
395,1048,2334,2,14:12:14,19
396,624,1860,3,16:04:16,31
397,1226,2120,1,23:30:16,18
398,476,1714,3,20:11:32,12
399,407,1946,3,16:31:49,68
400,1429,1981,3,17:04:56,28
401,1580,1317,1,02:55:00,12
402,413,2390,3,02:14:25,28
403,808,2526,3,20:11:43,42
404,2301,1528,2,03:54:33,61
405,435,345,1,14:26:11,31
406,2775,1655,1,22:32:50,61
407,2045,2167,3,10:40:32,55
408,1838,1842,1,23:04:55,7
409,1334,1066,1,05:13:06,68
410,1971,2249,2,10:03:15,52
411,2871,472,2,21:21:11,16
412,28,2218,3,01:44:15,29
413,1355,843,1,22:22:45,22
414,1505,2976,1,12:20:37,52
415,2709,1529,3,20:53:23,58
416,2155,598,1,11:40:55,23
417,2587,681,2,19:00:27,47
418,1206,1850,2,11:57:51,23
419,1701,1952,3,04:25:38,20
420,2449,1287,2,05:34:05,30
421,2699,1427,2,01:55:42,65
422,22,1293,3,05:58:24,22
423,510,1520,3,06:07:50,54
424,1112,1824,1,13:59:01,3
425,1653,636,1,05:02:48,5
426,1416,1992,2,04:18:39,43
427,2665,1535,1,13:30:47,3
428,1186,2982,2,10:34:36,27
429,648,2608,3,17:04:28,8
430,1132,1104,1,21:00:38,39
431,2248,40,1,22:41:34,54
432,1300,2237,1,01:12:46,42
433,2482,2976,1,17:08:00,27
434,2535,2946,3,10:14:03,49
435,134,694,2,21:29:48,17
436,51,759,3,01:34:03,19
437,912,202,1,06:36:52,56
438,2022,511,3,15:32:22,55
439,41,914,3,00:32:14,10
440,1642,1580,1,04:08:46,52
441,1677,1203,3,15:33:53,68
442,1433,2958,1,19:17:12,31
443,1038,1486,3,18:37:49,18
444,2090,1531,2,05:34:48,65
445,780,632,1,07:28:10,58
446,2422,230,3,01:18:05,55
447,1427,218,3,14:11:28,64
448,2574,669,2,02:39:24,28
449,592,436,1,12:18:51,57
450,2446,2716,3,16:17:29,25
451,2549,1781,1,21:29:42,33
452,1732,231,2,20:11:29,64
453,1479,1548,3,02:59:01,56
454,272,1614,3,18:13:00,9
455,2709,2735,2,00:56:30,16
456,937,81,2,10:49:35,50
457,470,1612,2,23:23:32,41
458,722,2410,1,05:46:49,63
459,227,878,2,17:50:13,2
460,1246,2347,3,07:51:09,49
461,917,511,3,07:27:25,29
462,2009,2385,2,06:01:30,27
463,2513,2199,1,04:37:52,46
464,1693,81,3,05:27:32,54
465,1091,2394,2,02:56:40,31
466,1609,1102,2,13:41:16,70
467,625,2963,1,01:26:22,2
468,2268,1629,2,11:50:17,45
469,286,1429,1,10:25:31,17
470,655,2569,1,07:46:22,7
471,590,2882,1,04:21:55,2
472,2219,1326,2,17:30:03,2
473,2905,103,1,05:18:30,37
474,2237,1573,3,12:54:28,54
475,2708,2144,3,15:49:36,14
476,1439,2396,1,15:21:26,62
477,1334,2642,2,00:30:55,16
478,1235,2081,2,03:38:25,37
479,851,758,1,03:17:15,14
480,328,1185,2,05:24:45,62
481,2800,2915,1,10:43:31,62
482,1130,1148,2,10:19:58,48
483,2093,2902,1,01:31:05,54
484,2399,105,2,16:09:58,13
485,2092,784,3,15:44:11,53
486,2354,2651,3,07:15:52,16
487,2246,2647,3,08:42:56,16
488,2323,818,1,22:24:40,7
489,1224,977,3,12:21:34,51
490,2232,1334,3,00:44:21,19
491,944,680,3,07:13:48,66
492,2507,341,3,08:10:42,11
493,1495,2885,3,00:02:25,43
494,1417,2069,1,08:28:16,2
495,187,1706,2,21:02:31,25
496,1600,2207,2,10:14:19,65
497,2305,2397,1,03:39:13,17
498,2899,1272,3,16:56:49,12
499,1020,984,2,20:05:37,41
500,1463,2589,2,16:40:35,31
501,573,114,3,20:14:39,32
502,721,517,1,20:15:55,41
503,2721,2718,3,23:54:47,44
504,1288,2028,1,16:50:20,23
505,1985,1192,3,19:19:08,49
506,915,1801,3,23:42:34,16
507,2603,1328,1,06:45:37,57
508,1533,1856,1,06:55:25,50
509,1696,2643,2,19:22:52,43
510,333,682,2,14:23:07,30
511,10,894,3,03:23:34,3
512,192,2849,3,05:59:23,24
513,1363,1683,1,01:48:29,46
514,2778,818,1,06:39:50,31
515,2780,1735,1,02:21:03,48
516,1581,475,2,01:30:50,62
517,2036,2537,3,20:59:18,53
518,730,53,3,17:25:38,59
519,2830,1625,2,04:00:43,21
520,1800,1000,3,08:04:54,47
521,2194,1442,2,07:26:08,55
522,1485,1803,1,16:23:02,18
523,429,958,1,22:12:43,14
524,2544,2451,1,23:25:45,43
525,101,1054,1,05:20:53,28
526,1713,439,1,17:55:19,59
527,2996,319,3,05:24:13,62
528,2236,1594,2,07:36:51,6
529,2517,1906,1,13:04:05,11
530,1780,155,2,12:27:00,49
531,11,2235,2,19:15:08,63
532,1326,1233,2,07:51:55,51
533,2732,1680,3,19:31:59,67
534,304,2023,1,17:09:38,6
535,319,231,3,06:09:54,44
536,116,1247,1,18:03:12,5
537,2322,379,2,05:26:18,1
538,2749,1456,3,17:28:56,36
539,214,2122,2,14:13:04,36
540,843,1086,2,02:47:32,14
541,1036,2609,1,16:22:46,30
542,670,456,1,20:10:56,2
543,463,1259,1,02:33:21,48
544,805,1159,2,06:11:12,22
545,64,986,3,22:55:28,16
546,2083,1929,2,15:23:21,44
547,389,2802,2,08:32:57,50
548,2944,2912,1,17:02:03,38
549,323,2511,3,04:08:56,40
550,2597,1419,1,15:58:54,62
551,1319,1898,1,13:15:46,1
552,1062,614,1,00:01:50,54
553,877,2212,1,15:57:24,25
554,2394,273,3,20:58:29,28
555,2304,976,2,05:32:56,17
556,476,1084,3,23:42:35,20
557,2326,2520,2,11:47:52,36
558,2846,1885,1,17:52:00,17
559,1079,1232,3,19:32:45,23
560,1798,652,1,18:25:12,17
561,2548,417,1,23:54:39,43
562,1643,1665,2,01:36:11,61
563,1011,2126,1,18:28:14,55
564,1947,2334,2,14:39:06,43
565,2019,890,1,06:11:39,41
566,2688,2776,1,01:20:52,31
567,1494,2601,3,02:12:28,40
568,2873,1581,3,16:15:29,22
569,1164,2340,2,22:07:00,11
570,2367,395,3,22:05:22,49
571,2366,2195,2,03:03:57,58
572,920,862,3,07:53:08,2
573,1971,2804,1,16:51:20,16
574,590,446,1,14:37:56,69
575,2729,174,1,13:45:05,26
576,1480,2033,3,03:56:02,10
577,1787,1735,3,00:29:43,14
578,941,1166,3,10:26:50,46
579,255,1183,2,12:10:18,47
580,2558,2476,2,03:56:47,62
581,589,2874,2,12:18:03,1
582,2885,2989,3,12:12:10,18
583,580,2508,3,10:00:01,49
584,1734,105,3,02:37:22,23
585,2188,781,1,12:46:39,36
586,1788,2913,2,07:43:39,61
587,1565,148,3,22:20:54,29
588,286,183,3,02:38:19,58
589,806,52,1,22:14:22,50
590,1666,483,2,11:09:46,30
591,1557,2419,2,07:25:12,5
592,2471,2496,2,13:13:58,46
593,1600,1174,2,13:20:49,50
594,2496,2524,3,08:37:46,16
595,518,157,3,02:27:17,46
596,1799,1465,1,10:27:49,27
597,1557,2593,1,23:32:22,7
598,1688,1219,2,16:39:04,5
599,527,248,1,04:40:12,48
600,2316,2395,1,16:05:54,12
601,190,2508,3,16:14:13,43
602,1504,1863,3,18:52:35,68
603,2147,1126,3,00:06:11,27
604,773,2988,2,05:03:11,31
605,141,2857,1,11:07:30,44
606,2572,1574,1,23:22:47,57
607,2293,42,3,23:08:40,15
608,28,496,3,17:52:22,26
609,2445,2912,3,08:35:49,14
610,1518,2778,2,22:51:22,41
611,766,33,2,11:09:02,70
612,2359,1984,3,06:01:00,29
613,1897,572,1,16:50:11,13
614,1972,200,3,22:09:22,48
615,1159,1255,1,19:36:54,42
616,870,1922,3,17:20:39,31
617,2806,747,3,21:45:23,12
618,357,1461,2,10:31:30,55
619,2382,891,2,04:49:42,3
620,1288,1272,1,20:37:39,6
621,1533,419,1,16:19:21,34
622,704,249,3,20:11:55,28
623,2070,313,2,10:40:10,40
624,88,1499,2,08:00:30,61
625,1919,2621,1,20:52:58,66
626,392,2075,1,21:42:01,34
627,1649,1004,2,04:00:25,60
628,2322,2710,3,08:00:42,14
629,2606,6,1,21:20:12,35
630,250,1366,2,13:27:18,9
631,2555,412,2,23:19:25,63
632,295,2350,1,12:02:50,31
633,1368,27,3,23:45:03,11
634,2774,23,3,22:51:48,35
635,1081,1698,3,11:13:02,67
636,2850,1362,3,02:17:18,49
637,1612,1089,1,19:31:47,21
638,1221,10,2,21:46:31,63
639,274,1545,1,07:29:10,64
640,505,1245,3,03:08:13,30
641,2016,1724,3,10:22:17,32
642,1932,2370,3,10:40:01,70
643,680,2127,2,16:24:17,67
644,1593,1078,3,00:11:20,34
645,1657,2195,1,14:01:20,14
646,2693,2103,2,04:05:31,64
647,2674,2540,3,01:32:35,26
648,2974,1128,1,23:32:58,35
649,459,1591,1,20:16:26,35
650,2650,81,2,10:45:06,9
651,2980,1043,1,05:40:43,35
652,790,2210,1,05:16:01,40
653,323,1433,2,19:12:55,34
654,1837,2162,1,03:06:15,56
655,283,1019,3,14:10:37,10
656,1795,2669,1,14:29:27,67
657,931,2882,2,06:08:15,28
658,99,1499,2,17:06:37,48
659,1455,924,1,16:40:56,65
660,2214,726,3,08:52:36,30
661,712,2464,3,21:18:37,59
662,455,1577,1,19:06:46,27
663,1958,2425,2,07:44:22,67
664,2942,768,2,09:33:52,41
665,2102,2657,1,11:54:23,52
666,869,1518,2,07:55:07,46
667,1958,1950,3,20:41:04,28
668,993,1407,1,16:43:49,44
669,2793,749,2,01:58:30,28
670,975,501,2,17:40:49,67
671,1086,1322,3,18:50:31,59
672,2587,1558,3,11:21:51,21
673,1513,2009,3,22:41:59,18
674,2678,2642,3,03:20:51,34
675,325,2714,2,20:49:42,62
676,391,2708,3,14:31:14,36
677,1899,1494,2,05:21:54,61
678,646,2727,1,08:19:05,53
679,1161,419,3,23:20:59,19
680,232,1024,3,16:21:35,11
681,2589,2467,1,13:17:11,49
682,1379,642,3,17:25:43,64
683,1537,2075,2,05:46:22,24
684,796,68,2,00:29:26,69
685,509,784,2,22:48:25,38
686,129,590,3,13:25:39,14
687,906,555,1,20:57:14,11
688,2480,2368,3,18:30:26,29
689,2773,1210,1,17:42:13,39
690,906,630,2,02:01:08,37
691,2490,2580,3,16:45:49,2
692,577,911,3,04:11:06,30
693,2104,381,2,13:58:25,67
694,692,137,2,15:34:16,50
695,2214,2139,1,17:06:21,69
696,2350,1687,2,17:51:02,28
697,632,1766,2,07:11:52,32
698,1042,1217,3,21:40:37,60
699,2625,2660,3,17:05:28,26
700,1431,1117,2,08:27:24,34
701,1814,1217,1,04:14:10,16
702,1331,308,1,23:28:44,6
703,607,758,2,10:31:05,24
704,2678,87,3,00:07:21,48
705,2739,279,1,07:49:10,32
706,1564,1392,1,14:03:40,19
707,74,62,1,00:33:18,52
708,1761,1855,2,19:28:52,12
709,2139,854,2,19:22:07,56
710,2411,2719,2,08:48:46,70
711,2474,788,3,11:19:18,4
712,689,2486,3,23:00:48,29
713,20,2107,3,18:41:46,9
714,2847,1470,3,05:29:04,44
715,554,2494,1,22:11:00,40
716,870,598,3,15:22:38,22
717,2916,2154,1,01:21:28,31
718,1560,937,2,12:36:21,48
719,2913,1487,1,19:41:31,59
720,2518,2893,1,05:07:06,10
721,2730,923,1,09:44:03,20
722,2036,394,3,06:13:56,29
723,2818,2018,3,07:38:47,63
724,448,1853,2,08:13:53,45
725,2255,2626,2,06:48:03,43
726,1058,924,2,10:08:49,65
727,852,2101,3,12:58:19,2
728,1694,2690,1,03:15:54,54
729,322,105,2,14:14:18,70
730,2010,1257,2,13:24:52,41
731,793,1839,2,21:42:43,26
732,813,2329,3,16:55:43,26
733,2158,1606,1,16:41:58,24
734,526,1169,3,05:37:28,50
735,1595,540,2,10:14:01,9
736,16,1754,3,13:53:37,51
737,2167,909,1,09:49:36,8
738,2482,2647,1,14:24:33,42
739,2277,2822,1,19:14:54,35
740,81,1326,1,19:24:35,57
741,274,1863,3,00:36:53,26
742,1039,742,3,01:02:39,19
743,186,2324,2,23:17:51,7
744,850,2,1,17:10:10,65
745,2739,634,3,13:59:07,36
746,69,305,3,18:33:33,29
747,221,314,3,21:20:46,55
748,1397,84,3,14:00:44,24
749,588,1896,1,01:26:15,45
750,486,815,1,21:56:34,17
751,2287,1785,3,14:59:48,52
752,425,2427,1,07:34:38,63
753,1155,2808,1,01:06:16,49
754,342,1039,2,13:58:24,54
755,2252,1247,3,19:20:18,30
756,1821,143,3,16:56:12,45
757,1580,1094,2,22:09:16,39
758,189,2473,3,17:25:46,30
759,251,768,3,01:06:18,26
760,1214,2000,3,22:51:47,21
761,2772,304,3,11:35:22,28
762,2756,2302,3,05:14:56,26
763,978,76,3,12:29:20,45
764,681,2753,2,11:50:48,38
765,1702,1523,1,23:11:05,37
766,2035,2928,2,16:33:31,18
767,1718,340,3,23:43:12,34
768,647,1361,3,07:35:35,10
769,2919,1955,3,12:06:19,11
770,285,1309,3,06:49:09,58
771,240,1410,3,05:14:45,29
772,1523,2012,1,14:33:55,14
773,100,608,2,11:12:23,20
774,1863,143,2,08:49:45,2
775,599,2968,1,01:41:52,23
776,2029,1558,2,17:08:49,17
777,1006,2763,1,09:29:03,53
778,614,20,2,01:24:59,31
779,2747,2652,1,17:36:04,36
780,344,894,2,12:01:19,15
781,1424,2406,3,06:12:05,44
782,1906,2447,2,09:01:33,54
783,1536,1531,3,10:57:47,43
784,403,101,1,04:26:55,57
785,1529,453,3,23:59:47,57
786,1201,1091,2,07:50:16,19
787,2180,1321,1,09:35:22,20
788,200,809,1,17:02:27,61
789,834,1332,2,19:01:56,20
790,2725,531,1,21:43:21,55
791,2121,803,3,02:05:19,23
792,598,1597,3,10:29:37,39
793,795,615,1,12:08:25,69
794,915,359,3,21:23:57,49
795,2776,506,2,10:39:09,21
796,1462,1728,3,20:10:51,38
797,932,2876,2,14:38:15,5
798,993,2019,2,21:36:23,68
799,514,592,2,21:49:18,8
800,2148,115,3,18:55:32,27
801,2144,1687,2,21:00:23,39
802,1042,628,1,09:23:05,4
803,862,2124,2,09:13:21,56
804,2268,851,1,00:34:06,41
805,2507,2465,1,21:54:19,48
806,2234,1920,2,17:19:19,64
807,254,2767,3,19:05:00,47
808,1258,235,3,22:09:18,29
809,320,1583,1,12:41:10,7
810,2149,2745,2,05:59:36,31
811,362,810,3,17:56:37,45
812,2977,921,2,11:34:18,39
813,971,1087,1,08:52:43,57
814,505,1565,2,03:30:47,21
815,360,605,2,01:32:30,27
816,2438,1661,1,20:57:14,34
817,2700,2526,2,15:40:57,23
818,1854,2114,3,13:23:16,27
819,489,2408,2,17:32:37,1
820,277,206,1,02:56:23,52
821,1585,472,2,08:33:44,38
822,1062,1965,1,20:30:10,20
823,2831,553,3,05:39:22,22
824,1685,1908,2,00:59:00,7
825,1580,2705,3,04:34:06,25
826,1138,2219,1,00:05:23,12
827,18,1417,3,09:25:42,29
828,2235,1065,1,06:42:29,66
829,2958,1454,2,15:05:24,41
830,1756,1626,1,20:16:43,64
831,2892,2791,3,21:01:47,34
832,2350,2628,1,16:59:14,64
833,2678,2856,2,02:35:42,70
834,1090,1689,3,07:02:11,49
835,2877,1030,3,23:32:40,34
836,1929,2725,1,04:22:42,65
837,743,2882,2,07:49:51,57
838,1096,985,1,17:34:08,5
839,187,2997,3,02:59:27,13
840,39,1834,3,11:18:22,61
841,2709,277,2,21:37:42,5
842,657,2158,2,20:19:03,12
843,451,1202,1,13:17:37,37
844,1811,147,1,02:42:13,52
845,332,2194,1,06:22:47,37
846,1641,2067,3,00:52:16,10
847,2227,2366,3,19:02:10,13
848,2917,2391,2,22:02:22,36
849,778,939,1,11:24:01,13
850,253,520,3,04:34:51,67
851,1948,502,2,08:31:43,54
852,48,749,1,20:31:33,2
853,1082,2402,2,11:09:27,15
854,2481,181,3,06:12:15,27
855,2470,2340,3,19:52:48,65
856,267,2990,2,02:36:02,30
857,793,513,2,07:37:22,45
858,2700,1095,3,07:32:10,16
859,1382,2521,3,03:30:04,49
860,726,124,2,00:33:56,17
861,1852,849,1,01:18:30,37
862,422,2344,1,05:27:48,69
863,545,200,2,08:16:27,40
864,1563,401,3,18:24:21,49
865,766,2858,2,18:25:19,2
866,2575,1719,3,21:29:49,42
867,2472,488,1,10:09:39,11
868,1695,1215,2,21:12:39,30
869,1002,612,2,07:34:20,52
870,1876,2847,3,20:32:25,4
871,1893,2107,3,11:38:59,32
872,99,2563,3,19:39:50,42
873,526,975,2,08:23:48,13
874,1367,1542,2,05:19:59,23
875,118,878,2,03:05:53,43
876,1705,2357,2,11:45:08,18
877,102,1695,2,18:23:34,68
878,1903,426,2,08:50:30,51
879,2322,2346,1,10:47:13,41
880,2095,1890,2,19:10:44,26
881,2918,1500,1,06:28:29,17
882,1463,792,1,15:32:45,24
883,784,636,1,13:10:51,14
884,2105,1274,2,11:12:58,12
885,1371,1918,1,00:28:42,6
886,493,915,2,16:16:49,5
887,2678,430,2,12:05:23,10
888,2535,928,2,23:04:39,58
889,743,752,3,15:35:27,55
890,1485,922,3,06:20:15,15
891,2335,2806,3,19:04:36,14
892,2737,104,1,10:30:47,18
893,2517,2609,2,00:41:49,13
894,836,1490,3,02:59:39,18
895,70,1369,1,16:34:14,43
896,2322,2026,3,18:11:36,64
897,764,1538,2,21:51:58,32
898,2287,1496,1,14:16:31,36
899,1530,410,2,22:18:18,3
900,2966,194,3,22:22:57,30
901,873,1287,2,19:03:57,53
902,2368,1776,3,01:16:28,15
903,1040,2849,1,03:49:19,40
904,300,1738,1,13:09:31,2
905,1086,2039,2,19:12:51,13
906,447,283,2,09:15:10,8
907,1244,1952,3,01:51:01,38
908,2281,1874,1,00:22:49,13
909,794,137,1,16:15:49,21
910,385,2037,3,19:34:51,48
911,1390,1498,3,01:14:25,22
912,2120,626,1,20:21:44,32
913,1589,1732,2,04:15:03,24
914,122,2397,1,05:06:45,35
915,2766,210,2,02:23:21,66
916,2815,2951,2,23:06:14,63
917,2385,1464,2,04:11:24,52
918,3,2686,1,00:42:49,39
919,863,2054,2,13:18:50,4
920,2531,9,3,15:54:48,12
921,759,2596,2,08:50:11,68
922,2613,898,2,12:37:13,48
923,398,1688,1,22:15:27,30
924,113,1682,1,00:19:46,59
925,2579,177,2,08:37:16,24
926,2823,11,1,04:17:30,54
927,2152,35,1,04:08:26,14
928,1256,2007,3,07:16:05,67
929,1625,2534,1,01:53:34,40
930,1340,1888,3,11:39:02,23
931,1037,2081,2,09:23:37,36
932,1637,1707,2,20:18:04,14
933,2440,82,1,06:52:05,35
934,2100,166,2,06:03:45,5
935,2696,351,3,19:16:09,52
936,2146,2728,2,19:53:55,53
937,2290,1961,3,16:06:55,2
938,315,2231,3,08:54:33,62
939,856,175,2,04:16:32,45
940,1869,2294,2,07:28:49,65
941,1120,156,2,05:11:55,44
942,1315,1049,2,03:13:40,52
943,47,138,3,17:07:36,34
944,2460,1356,2,07:04:28,46
945,2687,2144,1,23:51:33,55
946,992,2292,1,02:38:11,40
947,2977,1901,2,22:06:04,7
948,1939,2842,3,22:26:28,40
949,993,1001,2,23:32:41,6
950,2398,814,2,19:30:23,34
951,1425,1558,1,12:16:09,59
952,2407,506,1,11:09:30,29
953,1361,2722,3,06:48:14,4
954,2135,2037,2,13:07:06,67
955,2110,1106,1,07:42:19,48
956,1907,556,3,07:27:18,56
957,659,1937,3,22:40:01,15
958,2990,1273,1,03:10:09,45
959,1023,2022,1,20:44:05,30
960,1111,241,2,08:45:16,16
961,76,2644,1,16:42:08,12
962,2957,1487,1,04:52:51,34
963,2121,1808,2,02:52:01,64
964,1376,355,1,01:46:16,48
965,1612,227,2,13:07:16,67
966,1958,1401,1,03:28:10,42
967,134,1797,1,10:45:02,43
968,2417,2556,1,00:01:27,7
969,2427,2831,2,08:26:26,67
970,2561,2047,2,23:55:09,35
971,186,2185,2,09:34:10,61
972,2846,2240,3,01:31:06,50
973,714,936,2,15:39:37,11
974,1670,941,2,12:02:37,3
975,357,136,1,17:14:29,30
976,1269,2340,1,07:24:32,67
977,2659,1035,3,10:23:09,28
978,2674,2298,2,22:46:18,7
979,1107,1326,1,21:23:43,14
980,1327,1947,2,15:38:53,14
981,2356,1287,3,02:40:22,4
982,893,2669,1,02:56:09,54
983,2473,1689,3,19:26:07,37
984,2148,1083,3,09:18:40,39
985,730,1674,3,03:37:00,63
986,1102,2298,2,16:57:18,68
987,2855,1345,3,22:07:44,39
988,1119,423,1,07:19:01,21
989,381,2811,3,19:30:46,14
990,39,235,2,05:43:48,3
991,58,1822,2,21:31:46,12
992,1287,11,1,07:40:11,61
993,1181,959,2,05:09:18,29
994,1784,2408,1,17:33:41,43
995,2682,5,1,11:04:54,20
996,1826,136,3,05:34:14,39
997,847,970,1,22:28:20,4
998,1493,1447,1,22:30:44,62
999,2908,1743,3,04:57:09,15
1000,2950,2467,2,18:50:56,67
1001,400,2653,2,05:01:35,49
1002,1854,448,2,06:42:06,64
1003,2707,1703,2,12:27:29,70
1004,966,2010,1,20:15:30,10
1005,465,2518,1,19:36:07,56
1006,2832,2128,2,07:47:07,39
1007,2665,1901,2,20:36:11,49
1008,2839,1754,3,09:25:50,41
1009,229,1731,1,19:18:51,68
1010,1142,1546,2,22:14:55,44
1011,1079,2916,2,09:59:53,5
1012,1447,1349,1,12:56:11,69
1013,1713,2098,1,13:15:58,20
1014,1777,2326,1,12:11:15,39
1015,1031,1004,1,09:42:46,42
1016,2981,967,3,17:13:26,57
1017,1181,2473,2,20:39:56,24
1018,2918,775,2,04:15:21,2
1019,401,475,3,04:56:28,17
1020,540,2239,3,08:26:42,53
1021,1016,38,2,20:46:22,43
1022,2285,2775,2,07:26:28,13
1023,885,2488,1,14:29:18,29
1024,26,203,2,15:05:52,51
1025,2347,948,3,10:18:26,14
1026,2224,134,1,01:58:50,41
1027,788,1809,1,01:21:00,49
1028,1067,2985,1,13:34:11,59
1029,285,2405,3,23:26:56,14
1030,2634,1614,2,01:44:11,40
1031,2642,2544,2,02:34:50,28
1032,2157,2854,1,02:24:09,60
1033,532,223,2,05:05:45,14
1034,33,455,1,01:40:51,19
1035,1845,584,1,19:51:38,47
1036,2420,546,2,09:39:23,70
1037,1935,2950,1,12:56:54,37
1038,92,1371,3,20:27:27,10
1039,489,2051,1,11:38:32,41
1040,2819,2554,3,05:51:52,12
1041,2493,2527,1,20:55:21,32
1042,2518,1835,2,09:54:18,31
1043,13,1174,2,08:32:47,42
1044,2047,2100,1,08:27:27,23
1045,1301,2233,3,01:49:09,61
1046,1678,229,1,20:00:41,49
1047,393,1655,3,20:31:03,35
1048,1644,928,1,15:53:44,28
1049,1235,597,1,07:01:46,15
1050,1926,1208,3,21:39:26,23
1051,665,1422,3,15:53:48,23
1052,2549,1891,2,07:37:40,70
1053,406,458,3,09:32:23,46
1054,1834,2352,3,19:11:17,59
1055,1394,1881,2,11:59:25,45
1056,401,2454,1,21:27:29,46
1057,640,1733,1,05:06:11,46
1058,335,2263,3,14:02:04,22
1059,2283,141,1,05:33:47,35
1060,917,2615,2,09:29:41,32
1061,2081,27,2,04:56:59,19
1062,1902,2078,1,20:54:27,41
1063,1942,985,3,22:44:22,63
1064,495,2549,1,16:51:40,35
1065,665,2401,1,00:43:42,59
1066,158,2668,1,10:47:45,36
1067,2580,2876,3,13:27:34,63
1068,426,441,2,11:00:30,28
1069,1935,366,1,16:50:13,70
1070,665,1995,1,07:25:24,33
1071,1342,641,2,06:34:09,25
1072,530,2604,3,00:13:29,43
1073,1960,1038,3,04:00:03,65
1074,24,2442,2,23:47:00,25
1075,90,780,2,07:32:14,34
1076,2641,1081,2,02:29:58,9
1077,1424,663,1,01:15:45,18
1078,752,47,3,03:32:56,27
1079,920,2775,1,13:40:30,68
1080,1544,709,3,05:13:35,63
1081,58,1856,3,01:02:38,29
1082,2972,317,3,08:40:57,40
1083,834,2140,2,06:32:41,11
1084,513,1957,3,19:27:23,59
1085,2681,667,2,15:40:08,36
1086,247,1001,2,00:55:13,22
1087,150,2313,3,10:09:55,56
1088,1693,1619,3,17:42:42,13
1089,750,1956,3,01:27:07,7
1090,674,405,1,08:15:19,58
1091,826,2461,3,16:04:17,9
1092,394,790,2,00:00:23,9
1093,2197,1826,1,13:33:27,58
1094,1762,34,3,22:44:27,8
1095,1943,544,1,11:20:36,64
1096,616,1214,1,05:33:41,47
1097,1887,2752,3,02:15:23,33
1098,1574,2277,2,16:01:41,21
1099,1774,2635,2,22:51:15,38
1100,1699,2134,1,19:11:32,64
1101,1449,2688,1,00:27:24,68
1102,189,2381,1,21:06:30,48
1103,1532,2026,2,04:52:39,9
1104,275,472,3,23:53:30,50
1105,1015,2921,2,15:08:33,56
1106,2793,1363,2,03:16:07,27
1107,1563,1242,3,22:39:48,51
1108,2780,2474,3,12:11:17,8
1109,136,94,3,06:14:03,22
1110,1774,2204,3,19:05:00,40
1111,1069,2062,3,15:47:00,65
1112,2421,2249,3,07:19:28,8
1113,171,2462,3,09:17:48,59
1114,391,2056,3,13:52:00,42
1115,1496,788,3,12:36:36,52
1116,2948,1261,2,07:25:26,41
1117,1506,2022,1,01:09:52,17
1118,2212,2791,2,18:24:23,11
1119,2521,294,2,23:11:42,34
1120,1192,1960,3,07:09:59,15
1121,1643,2548,2,15:52:25,5
1122,1193,2603,3,02:06:16,23
1123,876,1062,3,10:23:21,25
1124,1164,2259,1,07:03:05,67
1125,2888,1679,2,10:02:27,48
1126,2545,2873,1,19:06:52,8
1127,2054,464,3,15:29:28,53
1128,2896,1524,2,16:23:13,14
1129,282,1795,3,15:56:01,19
1130,1591,2706,3,17:32:05,55
1131,2007,1964,2,16:17:31,61
1132,751,102,1,19:38:28,41
1133,2205,1088,1,06:26:48,41
1134,2400,627,2,08:54:26,46
1135,1986,1681,3,16:54:49,28
1136,457,1294,3,15:51:18,6
1137,1975,1038,1,01:49:33,59
1138,2468,112,3,01:32:55,42
1139,1239,2468,3,06:55:06,20
1140,2483,2892,3,20:25:48,62
1141,484,2416,2,09:56:48,15
1142,2076,793,1,11:47:42,62
1143,1992,2591,1,06:59:58,18
1144,2327,2855,3,19:08:26,12
1145,2903,2163,3,04:31:00,39
1146,1762,1436,3,09:56:06,62
1147,2517,2676,3,17:25:03,54
1148,2018,115,3,15:42:25,33
1149,2705,2890,1,18:08:59,36
1150,2298,1447,1,15:47:15,14
1151,2280,983,3,01:34:47,15
1152,692,1119,1,15:27:37,5
1153,941,2977,2,00:34:29,67
1154,1358,2908,2,18:12:04,17
1155,2836,1732,3,05:29:48,31
1156,2069,1610,2,21:20:33,70
1157,2930,2191,1,00:29:39,62
1158,458,1910,3,03:47:46,48
1159,1068,363,3,17:10:14,11
1160,1012,920,3,20:47:39,65
1161,1392,1224,1,12:48:12,14
1162,2386,858,3,01:21:58,23
1163,1225,2152,3,06:01:32,46
1164,889,1517,2,13:48:10,53
1165,394,228,3,01:59:14,42
1166,643,1933,3,09:42:54,44
1167,421,517,2,06:08:39,65
1168,2651,921,1,06:40:59,6
1169,1767,2227,3,18:23:09,13
1170,119,1511,2,02:47:46,8
1171,2790,2660,3,00:09:51,64
1172,1624,1773,2,02:41:59,61
1173,770,13,3,04:58:33,32
1174,1386,294,1,21:32:21,19
1175,392,2025,3,06:23:29,7
1176,2875,2151,3,05:15:58,13
1177,549,1095,1,06:15:34,26
1178,1720,237,2,11:55:44,3
1179,2894,541,2,10:40:55,68
1180,2645,822,2,13:52:42,44
1181,2520,1759,3,17:33:28,67
1182,52,2118,3,12:09:57,22
1183,2821,886,2,10:35:26,50
1184,2440,329,3,06:40:28,35
1185,2181,2291,1,05:22:30,36
1186,107,2338,2,20:14:27,31
1187,2899,1856,3,02:42:35,26
1188,2942,319,2,10:58:43,31
1189,977,447,3,04:38:56,7
1190,293,1163,3,12:43:42,70
1191,949,1120,2,14:59:32,43
1192,2284,806,2,06:57:15,16
1193,2880,330,3,07:35:52,51
1194,1208,2438,3,20:00:24,30
1195,2355,4,2,20:47:21,52
1196,1973,2405,2,02:21:00,30
1197,380,1375,3,23:04:45,27
1198,2673,2717,2,12:48:51,66
1199,2408,622,1,03:18:07,28
1200,830,1311,2,12:12:00,59
1201,1155,1779,1,16:42:00,50
1202,2680,2336,3,21:29:19,2
1203,2136,948,2,14:44:43,2
1204,834,822,1,10:33:47,16
1205,2920,1811,1,07:17:23,28
1206,45,1819,3,20:18:11,23
1207,911,2743,2,23:00:02,64
1208,2020,1490,2,11:15:19,49
1209,1612,1784,3,09:12:07,33
1210,1726,3,2,09:17:36,5
1211,1551,2913,2,15:58:29,59
1212,2700,2316,2,03:55:57,44
1213,900,779,1,15:11:10,4
1214,1642,2107,2,04:26:32,28
1215,2736,422,2,09:36:22,4
1216,1600,784,2,19:58:48,4
1217,689,2513,3,13:55:11,32
1218,1016,890,3,16:00:23,47
1219,2465,2164,2,21:00:41,32
1220,2088,168,2,09:44:17,50
1221,2910,1507,1,23:16:08,8
1222,2568,523,2,07:14:26,8
1223,1433,1515,2,14:41:00,58
1224,410,2740,1,15:38:52,20
1225,2748,400,1,13:34:30,28
1226,2145,1002,2,01:20:27,8
1227,1883,2766,1,09:54:54,2
1228,223,348,3,16:06:10,5
1229,859,2224,1,12:07:36,57
1230,1946,2799,2,13:08:11,69
1231,2014,2213,2,02:11:56,61
1232,226,1759,3,02:51:58,25
1233,1446,2402,3,05:58:34,21
1234,1808,800,1,12:10:29,23
1235,63,1525,2,03:28:56,40
1236,2990,2441,3,20:27:47,55
1237,2234,2374,2,14:34:20,65
1238,251,959,1,11:48:17,47
1239,633,1373,3,20:38:18,4
1240,1192,1403,1,01:39:30,68
1241,1881,620,2,08:31:57,13
1242,2881,2415,2,03:47:09,62
1243,1569,1263,1,21:41:39,39
1244,2874,212,3,19:53:37,65
1245,1653,1976,3,18:25:51,45
1246,465,2780,1,11:39:43,52
1247,381,1878,1,06:07:47,30
1248,1613,2585,3,03:16:32,46
1249,382,2390,2,12:24:16,4
1250,2817,2806,1,11:51:39,24
1251,1399,2083,3,07:15:14,25
1252,2590,2882,3,09:34:45,41
1253,829,410,2,09:40:02,45
1254,815,2044,2,16:53:58,30
1255,137,610,2,09:11:34,60
1256,180,2146,1,10:37:12,15
1257,1654,2817,3,06:37:55,33
1258,2757,1570,1,07:18:08,12
1259,2523,77,1,15:57:51,28
1260,1182,1104,2,10:59:52,15
1261,1077,584,1,10:55:31,9
1262,1640,2708,3,21:11:02,2
1263,1182,1071,3,05:28:42,6
1264,2077,1896,2,09:48:17,68
1265,2618,2289,1,23:41:09,47
1266,1427,904,1,01:09:19,43
1267,211,639,1,00:16:25,44
1268,645,2303,3,03:10:33,20
1269,1670,1529,1,15:42:30,52
1270,1472,1008,2,03:05:15,31
1271,2524,2818,1,03:57:09,22
1272,845,469,3,03:46:23,64
1273,1783,2915,1,14:54:00,32
1274,1565,2586,1,21:09:27,30
1275,2177,102,2,21:31:10,61
1276,1844,2215,3,09:06:29,15
1277,2701,939,3,06:24:32,53
1278,427,659,3,14:41:49,59
1279,2461,483,1,22:59:42,33
1280,1715,1716,2,00:30:18,47
1281,223,592,3,08:30:18,10
1282,2025,83,1,13:16:33,9
1283,28,2929,1,19:54:37,4
1284,2181,1581,3,15:09:21,64
1285,2275,1425,2,09:23:38,1
1286,2101,1973,3,17:27:53,68
1287,685,1008,1,03:41:03,61
1288,1763,2686,3,11:43:36,44
1289,2680,2067,3,07:50:54,14
1290,713,1296,1,19:44:05,32
1291,934,1316,1,21:40:35,65
1292,994,465,1,03:31:03,38
1293,2981,2745,3,04:18:30,12
1294,2111,809,2,15:08:45,41
1295,363,2434,2,18:54:34,61
1296,2479,1729,1,16:29:39,30
1297,1782,2501,2,06:13:30,67
1298,40,2781,1,05:41:23,6
1299,81,2175,1,14:16:23,30
1300,2896,1289,3,10:09:01,40
1301,674,1124,2,08:08:57,59
1302,2177,1043,2,18:09:31,36
1303,2299,2312,2,06:18:53,10
1304,1062,2598,1,03:28:43,66
1305,2781,837,1,22:28:15,25
1306,1677,90,2,11:04:01,33
1307,1140,2595,1,17:25:14,40
1308,2266,2232,2,00:44:16,25
1309,1814,2410,2,22:07:24,8
1310,377,1230,1,14:10:20,54
1311,2627,124,2,09:18:53,20
1312,1632,2828,1,08:13:28,6
1313,1123,2902,1,21:57:41,33
1314,230,2821,1,05:33:37,10
1315,2428,1529,3,18:06:14,63
1316,157,718,1,01:05:54,13
1317,2542,1587,2,06:14:31,70
1318,2494,400,1,21:35:50,5
1319,1511,1175,3,19:29:14,54
1320,1903,617,3,11:26:53,30
1321,292,454,2,02:06:07,26
1322,1859,954,3,13:57:58,4
1323,775,222,1,10:01:39,55
1324,1141,1230,3,02:16:51,31
1325,2446,2253,1,20:00:31,31
1326,2450,2851,2,20:57:41,39
1327,293,2734,3,06:26:13,60
1328,2365,2501,3,18:58:29,49
1329,1817,1360,3,11:44:55,3
1330,2272,774,1,19:25:34,62
1331,2009,339,3,05:25:02,48
1332,2917,1786,1,08:14:28,31
1333,2539,2496,3,09:06:45,26
1334,456,1571,2,21:35:57,47
1335,201,2998,3,15:29:26,10
1336,1751,177,2,01:20:15,52
1337,1029,2673,3,12:40:54,48
1338,2205,1755,2,04:13:39,19
1339,426,117,3,02:55:16,69
1340,947,881,1,03:30:27,19
1341,1007,56,1,12:40:20,13
1342,2333,2133,2,03:03:12,23
1343,1007,343,3,05:41:15,45
1344,2758,1453,3,12:12:39,57
1345,2359,1767,3,01:10:28,36
1346,785,707,2,13:19:35,45
1347,2503,1965,1,10:12:02,34
1348,578,589,2,19:46:22,34
1349,1796,2600,2,07:45:21,9
1350,1664,2314,2,23:54:49,38
1351,1660,1017,1,05:23:00,61
1352,2854,301,1,01:11:01,1
1353,1906,2381,3,07:20:58,12
1354,596,2257,1,16:25:26,61
1355,744,1095,1,07:46:46,32
1356,1520,696,1,01:08:00,4
1357,2711,660,2,20:03:18,50
1358,2479,2763,2,20:27:18,57
1359,22,2166,1,08:26:04,43
1360,2478,372,3,09:26:48,58
1361,1423,846,1,08:45:15,18
1362,703,2831,1,13:54:05,39
1363,2096,38,3,06:00:45,59
1364,2494,2144,2,01:31:07,58
1365,2909,1284,2,10:49:40,44
1366,2591,2846,2,01:11:51,51
1367,767,2635,2,20:58:11,15
1368,799,1599,2,05:46:10,60
1369,1338,286,2,21:05:57,55
1370,1589,326,3,04:53:22,48
1371,757,2403,1,23:13:49,11
1372,886,635,1,17:59:35,7
1373,664,2447,2,05:24:56,1
1374,1226,2308,3,08:23:15,30
1375,1419,502,2,11:35:09,40
1376,1366,789,1,08:44:34,62
1377,2575,2574,3,10:35:57,64
1378,2567,903,1,02:30:49,40
1379,466,882,2,12:34:43,48
1380,2206,2505,1,15:56:10,66
1381,2467,1567,2,17:49:51,3
1382,253,2290,1,14:41:21,52
1383,2069,178,3,21:05:44,70
1384,1751,1973,1,00:01:11,47
1385,773,956,3,18:33:06,55
1386,231,1,2,12:08:25,52
1387,1557,337,1,06:46:34,1
1388,2965,451,2,10:26:47,36
1389,2735,2681,2,14:10:57,63
1390,1512,2244,2,22:01:29,57
1391,1378,2960,2,13:52:26,4
1392,1492,2788,3,11:52:20,38
1393,961,91,2,00:21:59,22
1394,1714,1911,2,17:44:26,47
1395,148,2513,1,14:36:07,30
1396,384,2520,1,12:57:16,7
1397,2553,89,2,13:42:19,5
1398,1977,2172,2,11:08:07,33
1399,904,1505,1,18:39:07,16
1400,951,2584,2,02:15:35,44
1401,1246,75,3,18:05:56,21
1402,1619,2727,3,18:14:02,51
1403,934,1338,3,00:40:10,23
1404,2452,475,2,13:28:14,48
1405,273,595,1,16:49:28,19
1406,71,2756,1,05:52:29,56
1407,73,338,2,00:13:34,32
1408,33,2619,2,08:03:39,67
1409,11,803,3,22:13:33,4
1410,1381,1819,2,02:56:04,37
1411,410,1070,1,03:19:05,45
1412,2897,1646,1,12:55:54,59
1413,249,99,1,20:30:13,25
1414,1421,1595,2,21:34:00,29
1415,184,1111,3,10:32:59,35
1416,1309,2701,3,00:58:38,40
1417,1253,470,1,23:42:50,29
1418,2799,2430,1,18:54:29,28
1419,1087,1937,3,17:03:50,37
1420,2855,2340,1,07:03:11,30
1421,1419,1553,3,11:57:47,19
1422,1220,14,2,05:02:25,10
1423,1962,483,2,02:11:46,64
1424,1316,2371,1,20:06:35,22
1425,560,4,3,03:47:21,23
1426,920,2286,1,05:28:39,26
1427,2981,1474,3,23:14:39,3
1428,1884,557,2,16:03:32,20
1429,1308,267,1,13:13:38,32
1430,994,2102,1,03:14:28,17
1431,170,124,2,07:43:46,40
1432,889,1947,1,21:22:09,46
1433,1300,202,1,04:44:44,30
1434,2811,192,2,04:25:40,47
1435,673,456,1,10:52:13,64
1436,2300,1703,1,09:07:05,8
1437,2353,1270,3,01:06:21,12
1438,1140,313,3,22:09:30,23
1439,2573,614,1,05:28:29,37
1440,2927,1950,1,19:05:39,56
1441,2804,2911,1,19:43:11,25
1442,1916,1299,3,21:30:01,20
1443,2645,284,2,19:07:14,57
1444,1286,1946,1,10:25:49,46
1445,1413,218,3,22:58:29,14
1446,1418,1031,2,05:24:15,35
1447,1143,156,3,16:22:16,67
1448,1126,1774,3,10:02:54,65
1449,383,1502,2,08:47:03,26
1450,1136,2915,2,02:21:09,19
1451,1090,1242,3,19:40:38,57
1452,2922,2261,1,15:19:28,62
1453,1676,509,3,18:32:06,50
1454,1025,1565,2,14:37:04,35
1455,1928,2610,1,20:09:04,37
1456,984,1706,3,08:51:28,32
1457,856,2099,3,02:36:24,10
1458,292,2960,2,01:48:12,14
1459,963,2470,1,17:06:20,19
1460,2109,540,2,20:42:44,38
1461,2415,38,3,12:34:39,29
1462,2833,1804,1,20:06:28,6
1463,2661,1862,1,23:30:48,51
1464,667,2870,1,11:34:44,31
1465,1400,867,3,08:06:55,40
1466,2588,2503,1,21:07:56,49
1467,1061,715,2,22:04:06,54
1468,2203,89,3,12:24:19,70
1469,117,1552,1,12:55:51,46
1470,2955,541,2,12:38:09,12
1471,1812,745,1,02:27:25,64
1472,1097,209,3,12:26:57,41
1473,2629,426,3,04:35:42,14
1474,917,2950,3,22:09:29,54
1475,2620,80,1,09:22:02,65
1476,2953,1640,2,08:38:17,59
1477,1339,1275,3,01:34:56,9
1478,2373,1664,3,03:55:42,23
1479,2136,2056,1,04:50:03,11
1480,530,1431,1,04:09:44,14
1481,2164,755,2,17:37:14,25
1482,943,99,1,01:13:27,12
1483,2040,1905,1,15:44:07,22
1484,2576,2257,1,19:32:20,19
1485,2306,2759,3,05:29:05,28
1486,2287,404,1,14:52:41,8
1487,194,1267,1,06:39:00,37
1488,387,1473,2,09:51:25,67
1489,2541,466,2,23:25:29,2
1490,2579,1179,1,16:36:03,64
1491,2131,1453,1,14:22:57,2
1492,192,452,1,12:05:45,52
1493,1526,1576,1,21:54:12,49
1494,2977,1428,2,17:37:48,16
1495,2683,1986,2,01:21:51,20
1496,249,1281,3,13:01:03,5
1497,1724,2889,3,15:16:31,48
1498,621,1043,1,08:42:11,20
1499,2704,2053,2,18:17:20,7
1500,10,877,1,13:27:56,60
1501,2310,2856,1,02:24:27,32
1502,2960,1295,1,08:15:28,4
1503,1381,1228,3,13:49:52,7
1504,2764,1673,3,01:17:03,12
1505,389,264,3,13:18:27,44
1506,1886,1085,3,15:10:16,51
1507,888,2196,2,11:41:29,3
1508,88,15,2,10:43:36,22
1509,2563,2547,3,01:44:14,54
1510,77,2048,1,05:28:05,54
1511,2036,1032,2,08:10:47,40
1512,2444,2573,1,17:59:17,21
1513,2378,1461,1,14:29:12,50
1514,1650,188,2,02:38:50,35
1515,842,2914,3,19:10:02,48
1516,65,2406,1,07:50:40,27
1517,975,519,1,06:35:57,25
1518,2904,1564,3,08:44:58,59
1519,509,2687,3,16:30:42,62
1520,2976,80,3,22:09:22,32
1521,860,73,2,06:43:49,62
1522,2147,2530,1,12:40:46,7
1523,511,2600,2,12:59:02,27
1524,2780,789,3,18:42:54,24
1525,1671,2734,3,02:49:24,36
1526,2664,1368,1,18:16:34,35
1527,2131,755,3,09:17:09,22
1528,2545,1618,2,21:13:05,45
1529,1271,265,1,12:44:18,10
1530,1366,2108,1,19:21:49,30
1531,2591,1154,1,20:52:19,37
1532,2975,692,2,11:24:47,20
1533,557,1953,3,08:12:37,38
1534,1414,2875,3,04:02:22,23
1535,767,1025,2,07:10:21,17
1536,2569,2049,1,22:55:16,27
1537,510,1704,3,01:29:04,57
1538,975,2034,3,05:42:18,20
1539,2685,1928,1,14:54:37,68
1540,115,6,3,16:34:01,39
1541,1161,2862,3,14:15:50,13
1542,2722,791,2,03:27:03,70
1543,924,1366,1,21:44:38,47
1544,663,1740,3,16:17:01,35
1545,2935,2025,2,22:27:29,22
1546,2834,2283,1,19:46:20,24
1547,2921,2526,1,10:17:14,62
1548,2426,158,3,23:24:09,17
1549,2400,383,2,11:16:21,68
1550,937,1178,3,08:26:58,47
1551,234,1757,3,05:52:31,11
1552,2287,2177,3,20:54:37,42
1553,2933,292,2,15:52:15,20
1554,2198,763,1,06:00:14,19
1555,468,379,2,01:35:21,2
1556,1495,2780,3,18:16:22,4
1557,1080,1813,3,20:13:44,4
1558,1229,1272,1,16:03:29,4
1559,1543,626,1,14:20:33,16
1560,2754,884,2,21:18:44,28
1561,982,2405,1,01:35:20,63
1562,1036,1632,2,00:51:26,43
1563,2030,314,1,19:14:06,23
1564,2999,1007,1,22:45:31,68
1565,2443,569,2,01:05:05,43
1566,2176,930,1,17:16:56,29
1567,1722,2814,1,05:35:02,38
1568,1860,1016,3,08:20:17,45
1569,782,1720,1,01:18:03,17
1570,1400,511,2,18:27:01,2
1571,416,1291,2,05:25:35,15
1572,633,1959,2,02:02:49,6
1573,239,2291,1,23:30:38,6
1574,1823,2726,2,04:22:11,50
1575,272,208,3,12:39:50,12
1576,1186,2192,3,02:21:05,9
1577,2751,2314,2,14:45:31,44
1578,2419,1425,3,01:27:38,14
1579,1914,1801,1,07:36:57,46
1580,171,2226,1,10:21:36,36
1581,1857,2530,2,13:07:16,38
1582,507,772,1,11:34:41,70
1583,483,594,2,04:17:41,24
1584,664,470,1,05:52:47,10
1585,1031,464,2,00:21:45,17
1586,2130,2094,1,19:22:58,17
1587,645,2793,3,22:42:50,64
1588,1275,1365,2,11:40:50,48
1589,2149,965,2,22:27:21,55
1590,675,2406,2,12:40:01,25
1591,2399,1021,3,08:57:44,20
1592,1519,2959,1,13:03:04,22
1593,140,1121,2,05:11:38,4
1594,2185,2992,3,06:37:13,65
1595,2557,2181,3,11:00:02,4
1596,911,2827,3,03:15:18,5
1597,1338,869,3,13:48:53,25
1598,2715,353,1,20:02:19,27
1599,2909,2307,2,22:55:49,19
1600,1031,1247,2,16:05:57,64
1601,502,1555,2,20:08:14,48
1602,2470,1911,2,16:59:05,58
1603,997,1171,1,19:31:08,23
1604,2699,737,1,07:18:13,15
1605,855,1083,2,20:18:51,70
1606,2222,1373,1,20:51:49,47
1607,174,446,2,10:42:23,40
1608,258,2544,3,09:22:00,14
1609,1729,432,2,16:34:57,59
1610,2136,631,3,22:34:24,45
1611,185,1719,1,06:16:17,40
1612,1662,78,1,22:13:13,28
1613,815,1117,2,18:13:23,57
1614,602,1157,2,05:56:00,11
1615,2131,845,3,22:37:54,29
1616,2512,1507,3,17:24:06,70
1617,496,1331,1,09:23:07,52
1618,824,1444,3,09:22:33,57
1619,2268,2808,2,05:15:10,61
1620,2037,1350,1,12:01:31,45
1621,385,991,3,21:20:46,12
1622,1370,966,3,01:55:40,59
1623,148,2084,2,12:58:22,36
1624,2412,2930,2,21:27:33,14
1625,2241,1370,3,00:02:42,62
1626,252,1748,2,06:02:21,23
1627,197,2931,3,08:25:23,23
1628,778,1696,2,20:19:13,54
1629,1229,1986,3,23:04:45,19
1630,1352,2013,1,02:09:57,18
1631,173,2726,2,21:45:10,31
1632,1975,2594,3,07:35:09,32
1633,1650,693,1,06:06:40,43
1634,1062,2103,2,12:13:11,10
1635,2994,1222,3,10:27:42,3
1636,660,1549,2,14:41:55,16
1637,246,1257,3,17:22:41,24
1638,875,2677,2,15:01:55,59
1639,2045,1271,3,05:40:02,67
1640,2552,2533,2,23:15:02,57
1641,2527,1137,2,03:04:32,29
1642,2108,1174,3,07:18:07,35
1643,2802,2016,2,07:59:56,53
1644,1645,1046,3,00:04:28,33
1645,1254,2789,2,04:04:10,27
1646,153,682,1,00:47:35,62
1647,2865,485,2,18:48:18,21
1648,1305,2024,3,03:11:19,12
1649,2956,581,3,06:25:23,69
1650,325,2282,1,15:02:02,66
1651,1189,2584,3,22:32:14,54
1652,2232,173,3,23:02:18,14
1653,1212,2695,2,08:05:11,62
1654,537,2071,1,03:16:35,26
1655,1208,2773,2,15:57:46,57
1656,947,1632,2,07:29:47,29
1657,2071,29,2,07:05:56,30
1658,2354,2602,2,05:03:36,56
1659,2371,1968,1,23:16:42,51
1660,1350,1397,1,18:40:40,10
1661,301,414,3,09:20:26,21
1662,445,143,2,04:26:49,54
1663,2012,541,3,09:31:20,13
1664,633,494,1,17:17:02,21
1665,948,2764,2,08:51:13,51
1666,268,1137,2,09:31:56,49
1667,2789,1898,1,18:14:36,24
1668,934,1595,2,03:01:39,36
1669,456,2925,3,10:38:22,20
1670,1547,1589,3,16:14:56,24
1671,777,623,1,19:00:47,18
1672,2018,388,2,14:29:25,67
1673,365,2881,2,17:54:21,20
1674,2688,1645,1,22:42:33,48
1675,1922,63,3,17:56:54,42
1676,2833,2746,2,12:19:44,25
1677,2724,2783,1,23:50:51,29
1678,1164,2432,3,09:36:15,12
1679,1169,2743,2,17:57:37,69
1680,1319,375,2,10:08:51,21
1681,1633,1494,3,15:11:58,7
1682,1733,2925,2,16:06:03,21
1683,2173,2478,2,17:59:42,57
1684,231,1512,1,03:35:38,57
1685,1830,1152,1,11:11:42,7
1686,2514,2564,1,03:17:00,30
1687,226,1007,3,09:40:33,24
1688,1287,2823,1,07:36:39,22
1689,843,2260,1,11:40:47,68
1690,2467,2992,1,11:07:01,42
1691,574,2568,1,19:59:20,24
1692,1297,1705,3,02:15:35,22
1693,1608,2251,1,20:48:03,23
1694,656,1324,2,18:05:51,2
1695,2440,1117,1,04:51:47,42
1696,743,145,1,00:01:58,21
1697,639,2218,2,07:50:02,70
1698,1382,1325,3,07:08:50,65
1699,719,261,3,00:02:56,65
1700,9,1179,3,21:20:02,53
1701,1432,1832,1,04:55:35,6
1702,2188,178,2,07:14:49,37
1703,48,1106,3,20:32:40,70
1704,1453,2082,2,09:55:56,16
1705,2724,2733,3,00:08:49,51
1706,2308,2085,3,18:31:35,38
1707,1194,327,1,12:46:30,68
1708,1502,1522,2,12:59:06,33
1709,1364,224,1,11:25:18,63
1710,829,1402,3,22:16:12,32
1711,2913,526,3,20:02:37,15
1712,2156,203,1,14:32:48,34
1713,467,2784,1,07:38:39,59
1714,1167,1722,2,04:30:18,41
1715,1500,1324,3,10:11:07,29
1716,1108,1122,3,14:31:02,61
1717,736,352,3,01:26:47,23
1718,203,2303,1,15:57:26,1
1719,1640,2746,1,02:55:36,41
1720,2958,2332,1,06:40:37,21
1721,1263,863,2,02:10:11,65
1722,211,314,1,08:52:32,59
1723,229,1794,3,12:50:43,18
1724,2831,1864,1,14:34:22,50
1725,1904,1768,2,22:41:56,42
1726,2006,2605,3,07:28:49,19
1727,185,518,3,05:23:49,5
1728,1478,1834,1,20:39:21,70
1729,1167,2545,3,15:10:40,35
1730,2704,397,2,03:02:07,67
1731,2527,2546,3,12:51:53,65
1732,1698,109,1,20:43:14,5
1733,1940,2217,3,14:47:06,70
1734,836,1530,1,19:12:49,48
1735,1431,2123,1,15:33:43,52
1736,2320,489,1,01:38:18,1
1737,2646,1343,2,21:14:13,19
1738,2437,1813,2,12:02:11,59
1739,2175,1426,2,18:26:20,33
1740,1083,2537,3,12:26:02,15
1741,1376,2610,3,20:23:23,4
1742,1955,2287,2,14:09:05,24
1743,957,389,2,15:58:45,63
1744,1872,691,3,15:58:02,64
1745,2069,1684,2,14:51:03,63
1746,1431,1229,2,11:58:36,11
1747,1279,160,3,21:13:46,1
1748,1510,2243,3,14:30:04,13
1749,1517,2370,1,02:04:16,51
1750,1159,1162,3,19:35:18,31
1751,1685,793,3,19:29:52,45
1752,2200,391,1,20:09:12,67
1753,1636,1053,2,13:34:43,14
1754,160,1278,1,17:33:54,34
1755,1832,280,2,15:48:35,5
1756,2534,1419,1,12:23:57,47
1757,1544,1793,2,16:19:43,53
1758,284,998,1,14:48:20,46
1759,860,2912,2,18:44:52,16
1760,210,2226,1,19:34:42,5
1761,1396,1119,2,04:02:59,30
1762,21,2717,2,22:53:50,67
1763,1460,1600,3,10:56:41,65
1764,2030,1633,2,01:09:18,48
1765,2588,335,2,02:24:22,2
1766,122,2404,1,11:26:15,16
1767,910,238,1,02:47:45,43
1768,1299,942,3,12:34:04,33
1769,2734,335,3,18:08:23,58
1770,768,1542,1,03:22:11,60
1771,1851,1137,3,11:36:25,26
1772,2171,362,2,01:05:23,64
1773,717,1791,2,23:38:53,56
1774,1212,2400,2,07:41:35,26
1775,419,2971,1,21:17:32,59
1776,1352,2372,2,17:59:49,9
1777,2752,1674,3,00:59:12,59
1778,2264,2873,3,04:05:27,9
1779,1152,830,2,03:53:02,62
1780,2001,447,3,16:46:00,1
1781,683,2333,3,15:28:06,24
1782,585,1051,2,09:34:09,35
1783,1261,2508,3,10:38:41,20
1784,960,1291,2,12:40:12,17
1785,2292,1997,2,16:18:53,45
1786,933,2244,3,00:46:53,17
1787,2727,2313,2,18:40:03,34
1788,1850,409,2,09:39:54,48
1789,1868,2042,3,08:15:44,69
1790,1986,538,2,08:49:26,45
1791,1231,62,2,09:06:44,1
1792,930,779,2,17:14:16,43
1793,499,2417,2,00:18:31,12
1794,631,1181,2,20:01:09,9
1795,261,1978,1,02:56:48,65
1796,2799,2543,3,19:13:54,4
1797,963,2179,2,18:53:43,17
1798,1938,572,2,13:48:27,21
1799,1157,2190,3,22:14:48,15
1800,888,555,3,12:16:08,55
1801,2235,363,1,05:46:11,10
1802,451,1571,3,21:05:09,38
1803,1922,1525,3,08:55:44,63
1804,2693,2036,3,16:48:23,54
1805,1701,2078,1,22:52:33,66
1806,1291,653,2,00:59:53,57
1807,884,1588,1,03:14:58,48
1808,674,2838,3,15:38:25,67
1809,1434,2348,2,05:52:40,16
1810,1998,780,2,12:01:54,49
1811,2940,1939,1,09:14:16,8
1812,136,1115,1,03:10:35,6
1813,2064,450,1,02:30:43,37
1814,2295,70,3,15:35:37,61
1815,988,1025,3,20:49:14,67
1816,2335,1979,3,13:17:39,68
1817,2681,639,2,14:51:39,57
1818,2093,2730,2,23:43:24,53
1819,294,1026,2,00:34:48,64
1820,604,52,1,23:57:48,25
1821,2104,35,2,07:56:01,39
1822,1048,2287,1,18:44:34,16
1823,776,241,1,12:03:09,55
1824,1713,1096,1,18:35:08,39
1825,2803,1253,1,14:52:33,46
1826,1764,392,3,20:46:31,62
1827,2556,290,1,22:23:18,16
1828,2175,77,2,11:49:17,4
1829,382,2357,1,18:55:20,19
1830,1411,2695,1,16:01:11,64
1831,380,901,2,06:02:36,29
1832,2960,1475,2,23:31:09,61
1833,557,2321,3,08:32:25,17
1834,2939,2871,3,21:29:44,49
1835,2732,2716,1,14:05:21,36
1836,697,863,2,18:00:34,27
1837,977,1241,2,19:57:00,34
1838,323,2102,3,17:42:53,29
1839,2558,1770,2,14:13:55,39
1840,286,1312,1,00:23:26,18
1841,2497,2711,2,05:24:45,36
1842,901,2763,2,06:41:37,47
1843,2719,1102,1,23:21:52,50
1844,2417,746,2,19:35:20,63
1845,299,1469,3,18:06:57,37
1846,887,650,1,20:16:29,62
1847,550,2377,1,19:16:49,66
1848,947,442,1,23:59:37,54
1849,695,138,3,16:40:51,12
1850,1159,353,1,20:20:43,4
1851,1448,1615,3,19:35:44,9
1852,1147,202,1,04:14:23,62
1853,994,1883,2,08:43:16,1
1854,2582,2935,3,19:31:12,38
1855,1756,1527,3,07:41:13,30
1856,860,101,2,19:07:10,39
1857,2561,127,3,08:06:27,49
1858,628,531,1,19:00:18,37
1859,1161,200,1,04:42:48,55
1860,251,2636,3,18:19:55,29
1861,1333,2016,3,13:25:28,12
1862,1396,1811,3,07:50:27,1
1863,2067,820,3,09:53:34,50
1864,1422,1238,1,04:57:35,19
1865,2437,908,1,15:05:01,24
1866,2364,2735,2,07:04:57,55
1867,1768,2503,1,20:33:34,66
1868,2674,1715,3,02:42:09,9
1869,2758,1655,2,19:37:53,28
1870,2091,1323,2,03:00:53,32
1871,1878,2134,1,03:34:00,53
1872,2984,503,3,10:32:52,15
1873,242,521,2,07:34:40,66
1874,35,2042,1,09:47:31,9
1875,1693,1422,3,23:29:23,23
1876,1532,2738,3,07:55:09,37
1877,1930,1749,1,06:06:41,22
1878,1351,205,3,18:57:47,64
1879,2079,2289,2,11:24:48,65
1880,723,1462,2,12:02:57,69
1881,687,141,1,21:54:24,5
1882,319,1179,1,04:56:59,46
1883,1716,1819,2,18:18:24,10
1884,978,2758,2,21:31:52,54
1885,2296,2937,1,23:28:30,30
1886,2184,242,2,21:19:25,41
1887,1826,2981,1,03:40:39,24
1888,1070,891,2,13:14:48,23
1889,16,2875,2,08:32:40,32
1890,646,1577,3,00:26:35,41
1891,244,1172,2,09:55:02,31
1892,822,1184,1,19:26:09,57
1893,2669,1059,1,07:58:04,49
1894,1369,827,3,14:19:02,39
1895,1810,1787,1,01:33:21,17
1896,1991,2005,1,16:32:36,17
1897,792,473,2,21:20:23,22
1898,2314,2849,2,22:56:49,65
1899,2807,2118,2,22:54:16,35
1900,2287,2562,2,18:12:39,8
1901,1795,1751,2,08:29:24,60
1902,60,418,3,14:45:53,28
1903,1168,1304,1,14:00:25,64
1904,2173,2955,3,00:06:08,14
1905,1678,693,1,10:25:20,56
1906,708,594,2,20:10:33,69
1907,537,1338,3,15:36:35,51
1908,2274,2821,3,21:25:21,32
1909,954,2371,3,19:38:15,32
1910,1650,2677,1,14:45:23,69
1911,1595,1959,2,03:21:32,64
1912,2032,1738,3,13:10:20,42
1913,374,2528,3,07:34:49,45
1914,1319,2108,1,20:11:34,39
1915,1348,2082,1,14:17:21,2
1916,2202,1600,1,00:14:36,8
1917,551,1780,1,13:02:15,36
1918,6,1344,1,18:51:08,64
1919,1401,2021,2,09:39:24,24
1920,2796,2521,3,02:01:37,67
1921,398,951,3,06:43:19,29
1922,521,1670,1,21:59:51,56
1923,1201,988,2,14:14:47,2
1924,536,591,1,07:04:18,43
1925,694,831,1,20:05:32,4
1926,1962,660,2,02:59:27,31
1927,2322,1618,3,08:49:17,39
1928,2911,991,3,16:28:04,14
1929,1204,2860,1,03:24:17,33
1930,2798,313,3,05:34:12,14
1931,2107,2527,1,14:07:30,18
1932,1782,1527,1,07:07:21,37
1933,1033,2419,2,06:54:13,59
1934,1331,872,3,02:02:19,54
1935,1151,2979,1,09:53:21,54
1936,370,1969,3,17:41:07,62
1937,32,2763,2,10:17:33,55
1938,1096,248,2,18:08:43,67
1939,26,1920,2,02:44:46,45
1940,2993,468,1,18:58:26,18
1941,2776,249,1,18:07:47,6
1942,2239,2088,3,18:58:38,24
1943,1213,716,2,07:15:41,30
1944,759,831,2,08:53:21,42
1945,1370,1489,2,04:15:20,63
1946,538,2836,1,13:51:31,55
1947,2593,1988,2,11:08:11,16
1948,1042,2168,1,12:56:45,12
1949,1222,1861,3,01:18:39,41
1950,2969,526,3,10:34:22,47
1951,271,924,1,08:07:05,30
1952,1732,944,1,11:44:09,25
1953,2178,1826,2,22:28:28,35
1954,1099,2277,2,05:15:49,23
1955,2447,2875,3,23:54:00,12
1956,2014,689,2,19:58:37,62
1957,2742,2639,1,15:06:48,40
1958,2808,1196,3,18:41:55,17
1959,2811,265,1,10:43:37,52
1960,1429,2776,2,02:40:57,43
1961,739,1230,2,22:33:53,27
1962,1788,1455,3,09:08:23,15
1963,1404,1558,2,18:07:54,61
1964,2890,572,2,08:32:05,27
1965,33,1315,1,11:02:23,38
1966,1751,10,3,17:37:13,67
1967,2738,1449,3,22:10:18,38
1968,424,122,1,14:27:40,4
1969,2376,1498,1,20:45:18,6
1970,836,1397,1,00:24:58,65
1971,392,1797,1,04:38:09,3
1972,2283,1294,1,02:34:34,65
1973,1404,895,3,01:48:33,6
1974,1619,649,2,13:17:45,21
1975,1308,140,1,02:49:25,12
1976,152,297,2,00:38:26,60
1977,487,2813,1,06:43:23,53
1978,5,992,2,20:59:12,66
1979,558,2810,1,09:50:32,28
1980,588,2459,1,07:26:24,2
1981,2102,2339,2,15:28:49,31
1982,1089,805,1,14:27:17,17
1983,2944,2422,1,21:23:54,1
1984,2256,2989,2,06:41:16,18
1985,1079,2090,2,23:44:45,55
1986,2581,2782,1,12:11:25,19
1987,22,523,2,04:31:49,59
1988,625,2712,3,02:49:51,24
1989,796,2626,1,06:01:29,56
1990,118,2772,2,00:49:11,46
1991,1701,1750,3,01:20:02,11
1992,2383,2380,3,14:04:48,48
1993,2884,1705,1,10:09:44,62
1994,1807,1866,2,15:27:41,40
1995,735,2714,2,02:51:43,48
1996,1253,1986,1,04:21:38,26
1997,1544,78,1,02:41:53,14
1998,1783,2250,3,05:06:07,63
1999,671,655,1,01:57:05,59
2000,2217,927,1,16:23:00,17
2001,1195,1090,3,14:31:59,60
2002,2859,1571,1,20:04:47,47
2003,848,2249,3,17:51:49,10
2004,483,2302,1,00:15:30,17
2005,2488,2169,2,16:38:47,61
2006,2855,2469,1,15:33:37,13
2007,2986,2597,3,09:19:59,42
2008,1433,738,3,20:17:27,28
2009,1276,287,3,02:16:24,60
2010,219,2126,2,06:39:32,55
2011,182,2034,3,22:50:07,38
2012,113,2038,3,06:54:36,35
2013,2423,1196,1,00:00:09,10
2014,2375,2700,2,07:08:43,34
2015,1213,342,2,00:22:35,34
2016,227,2629,3,23:44:36,65
2017,1487,2650,1,19:16:46,6
2018,1859,94,3,20:49:11,44
2019,1099,2832,1,11:26:11,6
2020,2716,2604,3,16:50:08,2
2021,1885,650,1,00:56:35,45
2022,1466,2943,3,13:31:11,6
2023,1978,2329,1,00:03:12,70
2024,2856,1689,3,21:41:51,56
2025,2635,1115,2,18:13:52,11
2026,1825,394,2,06:00:18,6
2027,1220,376,3,17:25:24,45
2028,2205,2966,2,07:36:10,45
2029,402,1310,1,03:23:22,3
2030,686,1409,1,16:19:38,53
2031,589,2611,2,20:26:56,20
2032,2270,2208,3,22:48:30,68
2033,1493,796,3,13:19:54,20
2034,928,1138,1,11:11:31,8
2035,570,892,2,14:01:29,16
2036,661,2214,3,22:16:09,54
2037,2357,2248,3,15:33:14,11
2038,320,345,3,01:17:06,68
2039,688,1482,3,21:58:08,4
2040,210,2998,1,14:38:59,8
2041,1780,1797,2,06:38:55,44
2042,2162,155,3,04:03:09,25
2043,1134,2297,2,14:54:08,52
2044,98,1265,2,07:01:05,60
2045,2623,184,1,20:00:09,47
2046,1276,562,2,08:19:50,39
2047,1258,1913,1,02:01:29,20
2048,82,875,1,14:09:31,62
2049,1381,2269,1,08:45:48,34
2050,2558,1904,1,22:24:33,45
2051,1943,756,1,05:33:06,69
2052,2803,2035,3,22:41:37,30
2053,378,264,3,00:41:57,41
2054,2901,307,2,14:53:29,9
2055,272,1693,1,02:37:38,28
2056,2432,765,1,23:49:34,10
2057,1733,1839,1,10:24:34,38
2058,2155,2925,2,17:48:55,3
2059,2475,2287,1,01:36:51,55
2060,1500,799,3,21:22:51,37
2061,2039,2324,2,06:01:24,25
2062,751,188,1,18:38:27,65
2063,1717,1204,2,22:48:52,38
2064,1254,2101,2,05:13:23,42
2065,2559,912,2,23:32:51,14
2066,1798,2998,2,15:53:07,65
2067,1452,766,1,16:04:51,6
2068,2824,1656,3,18:46:00,44
2069,1646,607,1,23:38:13,51
2070,1317,3,3,16:57:52,51
2071,281,1357,1,00:23:58,68
2072,804,1413,1,14:29:33,33
2073,2132,323,3,15:55:18,2
2074,690,2709,2,17:17:23,7
2075,20,924,3,18:58:30,13
2076,1341,814,3,16:13:06,52
2077,552,357,2,08:43:41,12
2078,2751,911,1,21:51:50,19
2079,69,896,2,16:25:22,23
2080,2506,2652,3,20:56:36,26
2081,2928,35,3,20:05:14,52
2082,1600,2612,3,04:08:17,32
2083,827,563,3,08:13:44,17
2084,2661,80,1,16:31:50,65
2085,305,1286,1,18:14:37,60
2086,2162,1498,1,16:25:46,2
2087,113,382,1,11:05:16,32
2088,483,1444,3,20:04:48,54
2089,793,2499,3,18:03:10,10
2090,1399,1350,1,16:27:31,55
2091,760,338,3,03:34:21,17
2092,1104,1954,2,23:33:14,37
2093,1569,2345,1,02:55:43,28
2094,2956,2648,3,08:06:06,4
2095,609,1712,2,22:25:55,1
2096,1477,1651,1,16:22:05,28
2097,493,1164,2,13:06:02,11
2098,664,1829,3,13:56:43,52
2099,2677,2308,1,02:16:56,41
2100,2166,1054,3,19:30:45,44
2101,2504,1307,3,23:42:38,31
2102,1979,2387,1,10:21:02,21
2103,2492,2821,2,09:52:00,69
2104,1956,523,1,11:20:10,32
2105,1573,492,2,03:31:50,12
2106,168,903,3,10:00:30,8
2107,642,1235,1,02:34:28,41
2108,546,268,1,20:06:31,35
2109,2840,1666,1,17:07:28,46
2110,1206,2361,3,01:20:19,40
2111,2938,1445,3,13:40:18,5
2112,349,2509,2,20:22:10,26
2113,268,1071,3,21:56:05,18
2114,2421,1149,2,08:58:53,15
2115,2016,2489,2,02:12:29,48
2116,687,2374,1,10:23:28,29
2117,2323,1668,1,11:38:11,11
2118,1181,1966,2,19:45:58,24
2119,1433,537,2,15:22:31,2
2120,693,305,2,21:24:44,19
2121,965,2042,3,08:12:25,40
2122,387,1172,3,01:55:49,16
2123,978,1401,1,07:04:49,17
2124,48,1452,1,13:20:04,54
2125,726,668,2,05:58:30,44
2126,1312,935,2,05:07:07,61
2127,1739,672,1,14:06:55,31
2128,1191,2638,1,10:05:40,2
2129,1255,1189,2,19:51:38,61
2130,1902,939,2,16:26:47,42
2131,857,2210,2,18:57:44,37
2132,2383,2506,1,22:46:05,29
2133,1754,255,3,01:48:35,40
2134,98,388,1,13:05:47,33
2135,460,891,1,02:57:13,51
2136,2176,1221,2,19:02:14,66
2137,2981,2891,2,17:05:31,2
2138,2800,2407,3,22:26:26,34
2139,1979,1259,3,09:32:29,31
2140,434,766,2,11:55:00,52
2141,1110,2459,3,16:47:42,56
2142,1404,2602,2,03:40:14,30
2143,1740,347,3,08:57:39,40
2144,922,950,2,02:31:12,27
2145,2170,2753,1,09:55:09,21
2146,2043,2765,3,22:44:49,24
2147,2840,63,1,03:11:05,67
2148,1584,683,1,23:00:56,4
2149,189,2650,3,09:09:04,16
2150,2372,525,3,05:42:32,44
2151,1553,1004,3,06:46:29,18
2152,2056,836,3,12:43:49,66
2153,258,1606,1,08:40:58,45
2154,2701,132,3,20:19:09,37
2155,1380,1183,2,05:45:33,12
2156,1651,1513,3,06:40:19,6
2157,2436,1261,3,19:20:53,37
2158,2747,2439,1,20:38:16,2
2159,1451,1390,1,09:13:45,69
2160,2440,2989,1,01:08:46,41
2161,1175,1384,3,20:39:15,41
2162,85,2832,2,03:01:24,51
2163,948,1965,3,09:49:08,50
2164,1650,2624,2,17:07:07,64
2165,2185,508,1,08:16:50,28
2166,656,276,3,00:55:01,63
2167,2018,2086,1,16:56:33,60
2168,2246,815,2,10:25:50,28
2169,14,1887,1,20:53:38,54
2170,2508,2169,1,11:13:19,34
2171,2493,802,3,23:04:04,21
2172,2665,1499,1,16:27:25,33
2173,1131,912,2,13:40:42,10
2174,1334,1935,1,01:52:15,48
2175,856,710,2,12:00:27,29
2176,2414,1761,1,15:02:29,52
2177,1870,1848,3,01:55:24,19
2178,1384,1793,3,20:00:16,49
2179,1487,2198,3,10:20:31,22
2180,2284,2168,2,09:16:20,31
2181,188,1116,1,10:54:07,4
2182,1697,1622,1,02:21:16,64
2183,1697,1614,2,14:30:27,19
2184,537,1612,3,01:11:18,44
2185,402,954,3,06:07:51,16
2186,763,134,1,07:43:43,17
2187,2344,147,1,21:50:23,6
2188,2378,1949,3,23:34:54,10
2189,451,1175,2,00:29:48,15
2190,633,748,1,01:07:55,31
2191,2396,2642,1,01:25:48,48
2192,1458,2012,2,23:41:00,60
2193,1974,2266,2,07:54:41,62
2194,1069,2434,1,04:59:42,9
2195,1621,2791,1,19:21:34,38
2196,1556,943,1,09:42:05,20
2197,1459,2752,1,07:51:48,70
2198,2638,2838,3,18:34:09,40
2199,2498,1210,2,23:50:08,61
2200,1244,927,1,07:49:07,26
2201,2691,1162,3,10:38:43,61
2202,1534,2690,2,12:45:34,68
2203,2493,868,3,02:38:06,30
2204,1698,1140,1,23:50:06,52
2205,361,2877,2,13:46:32,23
2206,297,224,2,00:56:48,42
2207,900,1746,1,23:08:41,60
2208,1949,1089,1,02:13:43,41
2209,2480,1953,3,20:25:11,66
2210,2365,128,3,03:00:26,21
2211,2514,1254,2,22:35:09,21
2212,2941,713,1,15:41:27,18
2213,2335,1845,2,02:39:10,61
2214,689,400,2,07:43:35,35
2215,2249,550,3,14:27:07,66
2216,513,446,2,16:45:05,51
2217,2058,1347,3,15:26:52,11
2218,1331,464,3,19:28:35,17
2219,117,84,1,09:33:03,49
2220,599,1861,2,22:31:33,7
2221,1311,2123,1,07:03:36,13
2222,1118,780,3,19:38:44,57
2223,343,2150,3,10:49:40,70
2224,1657,609,1,10:47:07,50
2225,558,594,1,08:24:19,29
2226,2358,971,2,22:21:44,59
2227,1545,2978,1,10:46:46,7
2228,239,2620,3,21:32:08,56
2229,473,1175,3,02:45:03,45
2230,2376,605,3,08:02:02,67
2231,1548,2756,2,19:57:45,70
2232,736,608,3,03:42:22,23
2233,2120,1812,3,21:31:44,25
2234,1399,552,3,18:00:04,3
2235,821,643,2,01:06:33,39
2236,1839,2866,3,15:07:31,57
2237,1817,1953,2,04:55:10,48
2238,2354,1361,2,13:46:29,27
2239,1389,2481,3,09:08:02,24
2240,2544,2221,3,10:58:43,1
2241,100,1054,3,14:07:45,45
2242,675,1743,3,08:34:50,43
2243,1787,2770,3,10:57:46,29
2244,2261,1174,3,21:59:49,16
2245,463,2477,3,21:03:40,44
2246,1501,1423,3,19:52:44,30
2247,390,594,2,10:29:48,46
2248,1922,685,3,11:42:29,4
2249,851,2634,1,03:40:10,33
2250,1250,2255,3,07:56:53,47
2251,389,1805,3,15:02:02,45
2252,1486,1555,3,12:30:58,17
2253,730,2657,1,10:42:20,56
2254,2739,965,2,04:21:38,59
2255,246,1608,2,18:09:55,51
2256,1106,912,3,00:50:37,67
2257,500,697,1,13:10:48,27
2258,1062,690,3,22:51:38,58
2259,770,1590,1,20:43:27,4
2260,99,1986,2,21:34:08,27
2261,580,1,3,01:02:47,8
2262,1666,7,2,22:15:59,68
2263,572,188,1,05:03:33,49
2264,1090,2415,2,12:46:15,11
2265,2094,2448,2,09:25:20,53
2266,2218,1761,2,10:02:51,30
2267,1381,1413,2,07:06:57,54
2268,2719,1867,3,16:25:28,13
2269,1480,2275,2,08:50:14,63
2270,1745,2546,2,15:48:42,39
2271,315,2806,2,17:22:47,69
2272,1483,439,2,08:19:33,49
2273,2733,1097,2,06:13:35,44
2274,738,2457,1,18:48:23,9
2275,1967,1545,2,22:47:59,17
2276,2185,2774,2,00:02:19,33
2277,2256,153,2,18:37:21,19
2278,2750,808,3,19:30:38,10
2279,2010,2757,2,09:39:40,49
2280,2987,952,2,18:28:52,37
2281,1133,2401,1,04:09:43,46
2282,2248,2855,1,12:16:57,3
2283,1432,965,2,07:30:22,51
2284,722,207,2,15:28:30,36
2285,1070,2583,3,03:09:14,60
2286,1544,560,3,13:36:09,5
2287,873,885,1,05:44:39,44
2288,2181,913,2,22:40:19,37
2289,106,153,2,07:40:22,12
2290,1202,502,2,23:40:24,12
2291,830,1321,3,06:57:48,23
2292,2847,597,3,18:28:07,65
2293,777,892,2,02:18:31,45
2294,2279,882,1,22:01:50,55
2295,1946,2993,3,02:44:03,54
2296,1700,275,1,05:54:51,7
2297,431,2779,3,07:38:19,31
2298,1714,2007,2,06:26:33,54
2299,2885,610,2,23:44:20,48
2300,1787,1359,2,12:51:50,13
2301,2805,304,3,06:22:59,9
2302,1493,2033,2,05:46:59,67
2303,525,2222,2,08:45:27,37
2304,2609,2420,2,11:04:48,8
2305,1190,168,1,06:32:01,2
2306,1389,833,3,16:58:03,34
2307,685,2328,3,12:28:06,58
2308,827,1679,1,00:44:38,39
2309,1574,1813,1,05:55:13,45
2310,554,2285,2,18:56:13,16
2311,2553,2976,3,06:45:10,48
2312,441,2609,3,04:17:09,2
2313,2947,2274,3,09:17:42,11
2314,2633,803,3,09:27:13,58
2315,427,854,2,00:12:09,68
2316,2799,2279,3,04:08:07,31
2317,1447,1796,3,06:18:11,10
2318,2994,992,2,21:16:45,60
2319,767,1095,1,07:54:49,5
2320,2758,289,1,21:26:14,5
2321,680,1095,3,10:41:37,10
2322,704,2638,3,15:46:19,67
2323,2042,2427,3,05:47:32,37
2324,425,2733,1,21:53:15,65
2325,2497,1429,2,03:17:01,36
2326,1663,287,1,07:58:52,41
2327,2601,697,3,10:25:47,15
2328,2933,2995,2,22:42:34,44
2329,251,1545,3,12:42:55,61
2330,835,2194,2,22:16:00,36
2331,1413,1928,2,08:28:10,13
2332,1535,1941,1,00:20:04,50
2333,2580,2045,2,00:05:31,62
2334,309,2033,3,19:13:36,54
2335,1262,2751,1,19:51:41,64
2336,394,278,1,20:13:05,27
2337,1187,1864,1,09:50:49,69
2338,254,1836,1,13:48:08,22
2339,1222,1604,2,23:01:32,52
2340,417,363,1,18:27:40,13
2341,336,100,2,09:30:16,21
2342,1712,2660,2,02:29:50,70
2343,1948,2676,3,02:04:44,44
2344,956,1667,2,20:20:25,36
2345,2555,304,1,23:37:12,32
2346,2519,357,1,21:06:13,67
2347,2138,457,2,16:51:53,51
2348,2316,880,1,22:16:25,17
2349,2339,2288,2,00:12:37,36
2350,2264,2126,3,17:40:08,30
2351,1782,1444,3,21:45:26,59
2352,1391,2620,3,17:20:21,21
2353,2553,1372,1,01:10:28,16
2354,1015,321,1,23:14:41,50
2355,1579,2942,2,16:08:10,34
2356,1900,853,1,05:25:25,35
2357,2776,1631,1,02:27:27,40
2358,1861,1284,3,14:01:33,30
2359,2798,1078,3,04:17:42,63
2360,2529,124,1,11:38:53,35
2361,121,466,3,06:31:30,1
2362,1020,813,3,19:07:01,65
2363,1080,1616,2,12:04:33,40
2364,2784,2432,3,19:44:47,70
2365,1977,641,1,13:06:56,62
2366,30,2714,1,11:12:13,30
2367,1390,1154,3,18:39:15,70
2368,2341,751,1,12:23:52,70
2369,1913,1025,3,15:46:16,1
2370,436,1709,2,07:21:35,21
2371,436,659,1,22:43:14,25
2372,2184,2255,1,12:36:23,37
2373,2136,2953,2,02:44:55,21
2374,1644,2979,3,02:19:32,42
2375,25,1781,2,07:52:31,18
2376,1924,1394,2,13:33:23,21
2377,101,1882,3,13:32:01,67
2378,116,844,1,22:29:36,53
2379,632,2837,2,17:48:46,1
2380,52,657,3,18:15:09,3
2381,2774,934,3,10:31:25,21
2382,599,857,2,16:08:04,49
2383,39,260,3,08:53:35,28
2384,2195,1424,1,23:34:35,11
2385,1552,1232,3,23:41:41,61
2386,1559,1063,1,03:47:27,21
2387,2173,2959,1,05:51:49,25
2388,2408,789,3,13:58:33,30
2389,1865,2407,3,11:18:02,58
2390,2752,761,3,03:39:38,54
2391,2094,2987,2,18:53:58,18
2392,1208,1595,3,04:15:22,10
2393,2664,1838,2,04:50:22,34
2394,616,2177,2,08:04:03,16
2395,2817,168,1,21:47:22,44
2396,1682,1637,1,06:00:55,37
2397,66,2161,1,07:41:25,47
2398,1627,2515,2,13:25:59,65
2399,973,1782,3,07:02:19,49
2400,1214,2122,1,05:41:46,1
2401,1086,499,2,14:20:43,35
2402,1894,1635,3,14:55:59,28
2403,1362,1349,2,12:06:58,38
2404,1015,1505,1,19:17:23,52
2405,998,2104,3,08:29:50,4
2406,1252,1168,3,05:23:14,12
2407,535,2354,3,08:07:16,13
2408,994,2536,2,14:24:58,34
2409,1262,2635,2,01:58:37,12
2410,2791,61,1,20:17:02,21
2411,1883,2415,3,10:18:41,5
2412,1911,1964,3,15:22:33,32
2413,1096,1899,1,16:04:41,22
2414,232,1874,3,17:43:02,58
2415,2196,116,3,02:03:26,36
2416,1407,660,2,18:56:38,22
2417,1460,2298,1,08:32:26,11
2418,2525,2212,2,23:17:11,47
2419,680,97,3,22:44:07,35
2420,623,842,2,04:58:16,21
2421,2958,371,3,04:21:33,42
2422,332,2182,1,22:12:48,57
2423,309,1089,1,00:19:03,59
2424,456,352,1,01:50:25,5
2425,1190,1488,3,15:11:33,45
2426,2450,1183,3,20:46:38,18
2427,1168,1956,3,05:46:53,70
2428,991,2932,2,07:56:34,51
2429,1433,1509,1,06:26:26,62
2430,1609,2741,1,09:15:23,67
2431,2327,2486,1,14:46:02,15
2432,289,568,2,14:30:33,28
2433,983,915,2,21:54:09,40
2434,359,2279,1,21:27:40,3
2435,1386,2391,1,03:06:55,27
2436,2882,2813,2,10:34:24,54
2437,2550,2957,2,10:08:57,28
2438,613,13,2,21:26:25,51
2439,2836,276,3,15:13:45,57
2440,832,511,1,14:16:21,43
2441,1754,1635,3,08:07:40,63
2442,300,2409,1,19:11:41,61
2443,344,1933,2,20:34:17,19
2444,666,2661,2,02:28:03,37
2445,12,1472,3,19:28:41,55
2446,759,373,1,05:19:54,11
2447,709,564,3,08:48:18,55
2448,538,267,3,09:35:09,24
2449,1768,2545,3,00:52:14,20
2450,1254,1285,1,05:37:29,21
2451,2341,99,2,12:40:13,46
2452,140,1314,3,15:41:23,48
2453,2733,1343,2,09:57:34,28
2454,1016,2522,2,12:29:22,19
2455,311,114,3,05:27:20,34
2456,2781,35,1,15:47:50,64
2457,1955,551,1,11:35:14,66
2458,64,1793,2,03:20:15,3
2459,2730,2428,1,15:01:10,27
2460,394,1925,1,08:25:04,37
2461,1690,2258,2,17:08:38,22
2462,2409,609,2,06:19:43,32
2463,2279,257,2,03:03:09,21
2464,338,403,2,22:59:12,6
2465,1090,1077,3,14:29:50,67
2466,17,1010,1,00:15:41,4
2467,2131,2377,3,07:43:27,31
2468,1391,2853,3,01:56:00,34
2469,2424,262,3,12:48:11,46
2470,2017,2690,2,19:03:46,68
2471,25,2813,2,09:06:30,69
2472,949,1616,3,05:24:43,37
2473,103,1805,2,13:42:45,5
2474,404,1869,3,11:18:52,53
2475,55,1673,1,22:32:54,40
2476,2592,1105,3,20:24:22,16
2477,1496,1435,3,10:11:02,62
2478,531,1127,3,10:44:40,62
2479,147,1942,3,18:40:44,59
2480,852,1564,2,22:17:28,41
2481,613,148,1,20:19:38,33
2482,1084,743,3,19:53:07,9
2483,1837,2134,1,02:51:50,70
2484,2304,2121,3,17:20:25,40
2485,1273,1112,1,07:56:08,20
2486,1618,10,1,19:02:16,65
2487,2526,1420,2,16:39:56,57
2488,1615,2844,1,01:22:27,3
2489,2134,1207,2,12:02:37,36
2490,2625,1282,3,10:17:56,32
2491,426,2139,2,07:39:42,58
2492,1289,803,1,22:54:16,32
2493,123,892,3,15:07:34,31
2494,136,2851,1,06:43:42,24
2495,2806,528,2,03:37:32,33
2496,1993,383,3,13:21:42,8
2497,266,4,3,23:14:23,64
2498,2255,2233,2,14:32:57,53
2499,2261,1553,2,10:24:17,61
2500,1274,1420,3,16:18:44,16
2501,1559,435,3,14:47:22,11
2502,651,1739,2,20:23:19,66
2503,1821,764,3,05:13:42,22
2504,855,1397,2,05:58:03,4
2505,864,2711,1,20:45:36,12
2506,66,2310,3,19:24:09,23
2507,1958,68,1,16:58:54,3
2508,2217,2466,1,10:44:12,19
2509,718,420,3,16:01:36,39
2510,2661,1820,1,12:10:14,13
2511,2434,2799,2,00:06:07,39
2512,1767,2798,3,18:21:43,37
2513,1987,1591,3,23:00:26,15
2514,146,2628,2,18:26:15,21
2515,2643,754,3,21:28:22,36
2516,2788,1882,1,20:50:49,2
2517,1464,2752,3,22:44:16,38
2518,2581,1236,2,06:28:18,32
2519,894,1556,2,12:28:12,20
2520,2934,2985,1,08:28:24,47
2521,316,2943,2,20:49:55,70
2522,2907,2096,2,20:12:12,27
2523,2751,1285,1,12:05:56,18
2524,850,1896,1,02:13:01,45
2525,695,2544,3,01:54:25,51
2526,1318,1610,2,20:15:48,31
2527,1176,1157,2,02:52:34,18
2528,328,120,1,21:27:42,23
2529,2193,165,3,21:57:53,11
2530,2741,551,3,16:05:02,23
2531,2176,2194,2,19:38:04,54
2532,1481,1003,2,11:17:18,1
2533,1723,430,1,17:27:31,60
2534,1786,2266,3,20:19:36,61
2535,2707,855,1,21:42:39,58
2536,1652,1493,2,20:35:54,44
2537,2140,2568,2,01:15:15,52
2538,1903,2615,1,19:44:47,38
2539,2442,2524,3,18:58:37,52
2540,2822,2193,3,01:20:17,33
2541,2333,588,3,19:19:55,10
2542,2817,969,2,00:53:54,26
2543,620,759,3,17:51:03,65
2544,1731,436,1,09:01:49,30
2545,900,2779,1,04:28:37,33
2546,1759,2959,3,23:48:32,60
2547,2172,302,1,12:50:56,19
2548,971,944,1,18:36:47,22
2549,1201,2066,2,19:23:49,36
2550,1704,2101,2,09:47:32,62
2551,744,2053,3,02:21:05,34
2552,632,2118,2,00:14:31,7
2553,2431,2349,3,08:57:37,66
2554,2735,626,3,06:47:57,30
2555,1038,2495,2,03:31:17,58
2556,1625,2108,3,12:16:37,62
2557,1506,1335,3,12:29:06,29
2558,935,950,3,09:17:43,10
2559,1797,1757,2,09:21:40,25
2560,1338,2785,3,18:07:09,58
2561,2999,221,2,08:04:11,6
2562,2904,970,2,10:48:18,70
2563,1699,1395,3,06:41:16,42
2564,140,322,1,17:21:58,16
2565,2982,637,3,18:30:03,58
2566,2710,609,3,21:13:43,48
2567,2405,2149,1,05:07:55,52
2568,375,2863,3,05:21:56,40
2569,236,2003,3,02:12:30,54
2570,908,2018,3,05:12:36,14
2571,2938,1881,2,20:40:19,40
2572,776,2727,2,18:47:18,23
2573,2830,92,3,11:19:03,54
2574,1728,1563,1,14:26:48,35
2575,2246,721,2,19:58:39,43
2576,299,1805,2,14:13:59,52
2577,2103,1707,3,13:39:15,54
2578,1697,1063,3,15:10:47,67
2579,1127,2994,2,13:12:07,52
2580,977,2480,1,02:42:38,62
2581,2327,396,2,11:49:52,57
2582,2386,505,3,11:22:16,68
2583,519,1079,1,10:24:32,44
2584,112,1409,3,04:39:10,58
2585,2684,411,2,10:16:01,3
2586,820,1740,1,18:40:22,36
2587,1982,1462,1,09:38:30,28
2588,2654,1947,1,09:11:08,18
2589,836,502,2,01:24:25,51
2590,375,1677,3,13:24:04,63
2591,129,1722,2,06:04:31,53
2592,1530,1953,3,22:46:27,58
2593,459,1838,3,02:48:04,36
2594,2607,2577,2,10:22:36,55
2595,932,2444,2,22:47:52,67
2596,307,1937,3,00:41:57,6
2597,2212,1517,2,05:04:23,43
2598,1397,1555,3,07:34:30,29
2599,2196,1710,2,10:03:54,42
2600,304,550,3,01:32:53,1
2601,1919,2243,3,09:31:09,12
2602,994,668,1,11:53:35,63
2603,2907,530,2,05:52:56,19
2604,1187,750,2,23:09:25,40
2605,611,269,2,02:35:49,50
2606,1482,1350,2,01:34:29,57
2607,975,529,2,18:02:49,63
2608,123,1927,3,02:22:21,28
2609,2638,1316,1,22:28:40,45
2610,1959,737,3,18:32:25,37
2611,585,2961,3,13:55:15,22
2612,1075,1100,3,15:49:45,67
2613,2415,1965,2,12:04:02,53
2614,355,1044,2,18:41:50,10
2615,446,413,3,06:54:30,22
2616,1445,2219,2,11:13:04,15
2617,2835,1698,2,15:40:47,15
2618,447,856,3,06:17:08,14
2619,2103,2152,3,08:05:44,59
2620,1839,2593,3,02:48:27,15
2621,122,444,1,16:30:44,23
2622,2903,819,1,12:37:59,66
2623,633,701,2,12:50:20,3
2624,971,86,1,09:54:45,7
2625,847,798,3,14:47:45,55
2626,1233,1482,3,02:00:30,64
2627,2719,2601,2,07:07:48,3
2628,764,1803,1,04:10:25,2
2629,19,260,2,02:54:31,38
2630,2413,2246,3,10:19:29,31
2631,1991,2828,2,17:01:52,32
2632,722,483,2,22:07:32,9
2633,551,1698,3,10:33:18,9
2634,700,1164,1,21:56:10,8
2635,1354,1671,1,15:13:39,26
2636,2084,2918,2,04:55:44,61
2637,1790,76,3,07:49:25,11
2638,1919,1669,3,18:51:44,5
2639,524,681,2,23:06:23,22
2640,2863,594,1,07:03:37,36
2641,1233,416,3,07:34:46,11
2642,2841,2058,2,00:25:34,6
2643,2426,470,2,06:44:23,46
2644,1971,208,3,10:52:44,19
2645,39,1826,1,07:49:22,7
2646,2438,2793,3,07:11:40,9
2647,398,772,3,02:25:26,62
2648,551,2501,3,00:28:28,64
2649,765,1440,1,04:30:58,59
2650,233,2601,1,19:33:00,26
2651,2000,444,3,00:52:47,15
2652,2066,2793,1,05:18:58,5
2653,1128,1953,3,21:33:36,9
2654,790,2757,3,08:39:19,18
2655,2884,2891,3,12:38:42,61
2656,2291,628,1,02:06:27,29
2657,2074,1498,1,20:09:57,58
2658,1790,1210,1,16:45:40,30
2659,1934,1818,3,23:40:25,65
2660,2917,2853,1,01:41:52,11
2661,286,2762,2,23:05:04,7
2662,1940,1086,3,19:25:53,40
2663,443,1232,1,14:57:00,39
2664,1677,1129,3,00:19:18,37
2665,2085,91,2,01:46:29,37
2666,1301,472,1,14:29:11,67
2667,2040,201,3,03:48:47,61
2668,655,1573,1,15:07:57,46
2669,301,566,2,17:14:25,39
2670,1483,2432,2,05:40:29,8
2671,556,2478,3,04:08:44,54
2672,168,116,3,23:29:55,27
2673,520,559,1,07:34:45,7
2674,2049,1311,1,17:17:16,45
2675,18,2023,2,06:38:53,26
2676,2936,1144,1,17:26:37,44
2677,2629,2866,1,10:36:34,25
2678,2654,2655,1,05:20:18,4
2679,420,1993,2,13:56:34,54
2680,451,493,2,02:09:24,32
2681,1294,2419,2,06:44:06,18
2682,667,2286,2,23:03:02,39
2683,1958,1247,2,03:05:03,46
2684,1784,2754,1,05:05:04,11
2685,988,1145,2,10:20:13,3
2686,1935,2819,3,08:56:54,40
2687,2686,352,2,21:24:26,9
2688,1339,252,3,07:29:38,15
2689,454,1794,1,15:30:12,66
2690,1750,2093,2,13:29:36,61
2691,89,1337,1,07:54:09,12
2692,626,1167,1,08:46:27,55
2693,167,2010,2,11:51:13,61
2694,1071,1057,1,02:02:44,35
2695,1742,2814,3,00:27:42,11
2696,741,2893,3,21:23:17,3
2697,1955,589,2,23:41:46,6
2698,1547,5,1,15:33:26,67
2699,512,2791,3,21:12:21,43
2700,586,1155,3,12:59:15,56
2701,2506,2906,2,20:21:44,32
2702,1961,2580,2,02:37:37,30
2703,1576,1208,1,13:22:51,16
2704,146,593,2,22:06:37,58
2705,2323,1551,2,16:34:30,59
2706,1185,1698,1,01:02:28,68
2707,2152,1203,1,07:34:27,70
2708,2667,894,3,23:49:15,35
2709,2670,912,3,06:00:01,7
2710,1880,95,1,16:41:30,57
2711,2572,971,3,12:27:12,20
2712,1791,622,1,18:33:15,5
2713,1963,367,1,15:18:16,50
2714,2233,1126,1,12:43:33,62
2715,1340,1673,3,05:34:28,33
2716,1708,1467,3,01:53:49,57
2717,2449,2904,2,17:50:18,35
2718,1409,522,3,09:56:45,39
2719,2197,566,1,09:03:18,47
2720,202,140,1,09:57:59,40
2721,536,1914,2,13:23:42,49
2722,1244,1654,3,08:14:52,70
2723,2947,1825,2,18:18:10,30
2724,834,2804,1,01:59:02,69
2725,2564,2697,2,03:49:22,4
2726,360,1435,2,04:49:14,44
2727,2754,1380,2,23:38:59,15
2728,1138,989,3,14:44:38,3
2729,1989,490,2,21:20:00,47
2730,1042,2308,1,09:09:16,68
2731,2817,128,3,11:57:15,52
2732,2723,2411,1,09:03:16,68
2733,2386,459,3,10:43:59,45
2734,2381,1078,3,17:53:26,46
2735,2128,588,1,22:31:45,40
2736,1129,1920,3,04:56:16,33
2737,911,2287,1,12:05:55,10
2738,1611,1259,2,11:44:49,57
2739,773,2637,2,00:51:35,55
2740,745,1790,3,09:33:00,46
2741,2250,281,2,19:04:33,63
2742,287,2341,1,14:26:24,23
2743,1647,2356,3,05:53:51,33
2744,69,2188,3,13:10:52,44
2745,295,1685,1,18:03:11,36
2746,138,643,3,10:58:27,43
2747,643,1970,2,18:43:43,69
2748,875,1133,3,09:03:58,32
2749,1363,476,2,12:36:00,14
2750,1572,9,1,16:34:49,68
2751,1869,802,2,15:42:03,66
2752,474,681,3,14:20:50,70
2753,713,1539,2,03:25:17,56
2754,662,876,3,18:52:32,52
2755,15,208,2,19:01:05,52
2756,1368,1237,3,15:14:54,33
2757,1498,2800,3,10:08:24,31
2758,1522,2233,1,04:17:40,9
2759,1615,1751,2,17:41:41,68
2760,246,414,1,22:02:12,33
2761,368,1566,1,08:29:02,6
2762,1476,1527,1,19:39:31,49
2763,1203,1519,1,09:37:35,16
2764,2213,220,2,22:06:35,54
2765,261,882,1,04:43:13,22
2766,1639,837,1,23:10:18,12
2767,192,945,2,03:16:32,50
2768,122,549,1,16:54:51,70
2769,2353,2689,3,01:09:22,27
2770,989,1375,1,07:32:43,64
2771,1257,27,1,07:04:22,10
2772,241,2042,3,12:41:55,47
2773,2934,2717,2,03:06:03,31
2774,2237,133,1,05:47:41,58
2775,2227,2583,2,10:40:09,70
2776,2147,2868,2,13:09:08,64
2777,1807,1292,1,23:36:55,14
2778,2330,2947,3,14:00:56,27
2779,365,2659,2,20:21:26,10
2780,124,454,1,17:32:48,26
2781,1113,150,1,10:11:52,30
2782,2359,2761,1,10:44:02,63
2783,2565,296,2,20:28:47,16
2784,818,1587,3,07:00:56,23
2785,727,2342,2,05:39:12,14
2786,2466,1240,3,11:04:27,49
2787,1930,2251,1,00:00:52,37
2788,2416,2350,2,00:24:51,3
2789,633,1432,1,03:06:03,57
2790,1013,2911,2,11:36:52,43
2791,1155,2785,3,19:10:42,28
2792,282,1449,3,21:48:52,69
2793,1286,100,3,12:19:12,19
2794,367,2458,1,20:13:31,44
2795,1172,1728,3,17:31:29,69
2796,855,2227,3,14:51:17,18
2797,242,628,3,00:47:13,2
2798,2642,2941,1,19:52:53,24
2799,736,2182,2,05:29:44,43
2800,1734,1032,2,05:21:45,1
2801,1671,2518,2,05:26:09,21
2802,329,1250,1,23:56:31,67
2803,2893,854,3,17:53:35,50
2804,1389,1876,3,04:43:17,18
2805,492,200,3,07:33:12,45
2806,720,447,3,14:29:24,40
2807,554,2689,3,04:49:27,1
2808,1834,318,1,04:17:13,47
2809,2931,2612,2,03:28:17,28
2810,1498,1258,3,21:14:38,48
2811,1734,113,1,23:15:15,68
2812,2040,369,1,06:09:38,16
2813,2317,2153,1,07:11:20,56
2814,712,2104,3,03:22:49,7
2815,1393,2461,3,03:50:10,48
2816,1835,818,2,09:13:57,55
2817,827,1237,1,16:31:42,63
2818,1247,338,1,07:01:34,66
2819,1373,386,2,14:32:42,57
2820,775,330,2,06:07:19,29
2821,1351,84,1,13:22:53,44
2822,102,145,3,17:46:23,49
2823,2835,601,1,15:13:31,18
2824,1427,1151,2,02:47:25,10
2825,679,2599,2,17:23:09,15
2826,994,2681,3,16:32:22,48
2827,2942,257,2,07:46:20,31
2828,884,653,3,17:11:45,57
2829,704,2520,3,23:52:34,39
2830,912,1363,3,16:23:05,30
2831,703,2335,1,00:15:20,63
2832,48,2664,3,20:48:04,35
2833,1327,2407,1,11:19:36,33
2834,1984,1660,1,23:41:24,8
2835,111,2931,3,00:04:24,25
2836,1446,720,2,12:48:12,47
2837,1800,868,2,22:40:24,37
2838,2491,2660,3,18:16:19,67
2839,2387,2950,1,05:27:58,40
2840,1798,571,2,06:30:55,9
2841,654,2939,1,06:59:31,35
2842,395,1521,1,07:46:02,23
2843,1068,1196,1,06:02:10,50
2844,106,863,2,13:28:15,29
2845,406,2033,3,03:16:50,10
2846,2813,1914,2,10:11:39,67
2847,1450,2636,1,16:24:59,56
2848,2247,85,1,15:38:14,3
2849,280,1117,1,09:07:51,13
2850,810,1636,2,11:14:24,38
2851,1803,2282,3,21:17:15,23
2852,1995,741,1,06:04:59,29
2853,1539,991,1,20:30:26,11
2854,2364,1066,3,13:18:12,27
2855,446,2943,2,19:18:38,12
2856,2477,2837,3,01:39:40,42
2857,185,882,1,07:10:31,50
2858,1780,213,2,04:58:16,65
2859,2387,2958,1,11:04:13,12
2860,161,1456,1,11:42:47,2
2861,1,2481,3,06:22:13,15
2862,348,276,1,06:48:55,29
2863,2448,855,2,16:10:19,7
2864,1663,1782,3,18:40:26,57
2865,1928,1469,3,10:10:03,49
2866,247,158,3,17:03:21,56
2867,996,772,2,14:50:57,37
2868,2654,2100,1,00:57:49,29
2869,337,603,2,14:59:45,26
2870,2913,2404,2,00:01:32,69
2871,1095,31,2,00:16:44,36
2872,2328,15,1,13:01:14,69
2873,80,1383,2,15:51:49,15
2874,2726,694,2,03:15:14,37
2875,1491,604,2,01:50:56,46
2876,241,2594,1,16:25:17,19
2877,962,2646,3,12:30:53,18
2878,2871,2501,2,04:29:04,50
2879,139,2982,2,03:05:44,26
2880,2921,262,3,08:42:50,7
2881,980,2730,3,18:25:22,13
2882,2818,2405,3,19:27:57,64
2883,1361,1728,3,04:39:29,20
2884,795,2944,2,11:32:28,38
2885,1618,100,1,15:55:04,13
2886,2147,123,1,19:47:23,50
2887,1677,1284,1,23:54:03,56
2888,1114,2856,2,06:54:42,14
2889,814,869,2,22:30:43,17
2890,16,1045,2,17:17:38,2
2891,2489,325,2,03:40:02,67
2892,2666,1594,1,12:40:29,31
2893,155,1657,3,17:11:02,42
2894,1421,1097,2,06:44:53,55
2895,1556,2762,3,15:18:20,42
2896,2661,738,1,03:28:38,60
2897,2473,1151,1,09:33:41,19
2898,2523,2604,3,23:39:27,69
2899,104,874,1,09:14:41,20
2900,1859,2417,3,14:41:00,28
2901,2593,1384,2,10:22:43,49
2902,1077,981,3,02:28:01,29
2903,1161,1214,1,10:19:42,33
2904,1956,427,1,00:08:38,55
2905,2626,2683,1,17:19:39,44
2906,438,2590,3,06:54:21,24
2907,768,530,1,14:35:15,27
2908,1344,217,2,10:45:59,29
2909,1024,1972,3,06:31:27,30
2910,964,2410,3,03:26:25,14
2911,1434,605,3,07:20:07,16
2912,1505,1611,1,02:13:21,40
2913,1476,1682,3,00:36:55,2
2914,2227,2004,2,23:24:40,32
2915,2557,2206,3,10:05:48,64
2916,2052,1739,1,11:00:23,44
2917,2457,1235,1,09:24:05,11
2918,1678,852,3,02:22:16,26
2919,498,1825,3,22:17:55,65
2920,2496,269,2,19:01:50,24
2921,471,487,1,23:18:33,17
2922,1126,2746,2,05:59:27,69
2923,1971,583,2,23:29:51,50
2924,1127,1859,2,15:16:05,55
2925,2209,1532,1,13:28:42,12
2926,2659,435,1,14:12:58,21
2927,2923,313,2,21:03:11,39
2928,1293,190,1,15:39:53,32
2929,1651,1724,3,00:37:41,3
2930,1761,525,1,04:04:43,55
2931,1580,600,1,23:31:13,44
2932,2985,498,2,22:07:54,37
2933,1333,107,3,07:58:06,35
2934,2990,1283,2,01:50:14,36
2935,2173,1099,2,01:13:48,45
2936,1187,2355,2,14:35:52,17
2937,1377,1387,1,04:38:12,47
2938,813,1774,2,15:05:48,8
2939,1147,587,3,17:34:23,34
2940,2713,2061,3,03:55:58,70
2941,2755,317,1,14:47:59,17
2942,1647,278,1,18:22:13,55
2943,2564,2469,3,20:05:56,8
2944,1874,1763,2,00:33:42,48
2945,862,2613,2,18:36:30,38
2946,1397,2028,1,23:40:09,27
2947,1913,2481,3,18:52:53,58
2948,1489,2837,2,09:46:17,16
2949,2142,887,2,12:57:03,6
2950,2528,1556,2,00:37:46,12
2951,1810,2151,2,10:20:11,35
2952,2356,1205,2,00:34:02,13
2953,2338,2071,1,00:45:18,13
2954,1936,1145,2,11:44:40,42
2955,2437,1085,1,00:10:51,53
2956,1570,282,2,07:12:15,24
2957,2520,2356,2,11:46:16,50
2958,1717,286,1,12:27:28,2
2959,45,1303,3,18:25:02,51
2960,2625,1518,2,17:41:01,25
2961,779,1653,2,07:01:35,3
2962,828,758,1,02:57:45,44
2963,1489,2387,3,23:15:49,69
2964,2033,198,3,07:38:48,11
2965,1222,916,1,13:17:50,63
2966,757,2518,1,09:36:44,57
2967,2798,1270,2,15:11:43,16
2968,2050,2602,3,08:24:06,5
2969,2304,240,3,06:28:12,40
2970,2560,1502,3,17:55:05,26
2971,1809,1091,1,16:13:16,26
2972,2796,227,1,15:09:13,32
2973,1984,1023,2,00:27:48,23
2974,2148,614,1,01:11:10,24
2975,1373,129,2,15:40:22,35
2976,1770,2305,3,13:16:28,36
2977,2292,752,1,20:56:07,50
2978,2347,1070,1,14:21:31,53
2979,2921,1582,2,13:59:40,16
2980,596,1031,3,13:07:02,15
2981,153,1954,2,21:26:50,41
2982,1220,1654,2,03:23:13,41
2983,585,1573,1,06:28:31,33
2984,1256,151,3,16:47:46,69
2985,1071,655,2,00:45:40,35
2986,137,1947,1,23:37:12,6
2987,1712,2360,2,03:26:59,38
2988,2716,2787,1,12:01:48,8
2989,830,380,3,05:23:38,61
2990,29,2647,2,13:39:26,44
2991,564,3,3,22:43:30,21
2992,1349,1353,2,19:02:28,10
2993,2708,1767,2,15:36:25,18
2994,2531,2571,3,05:06:13,32
2995,2025,1382,2,14:53:23,50
2996,1070,1720,2,12:29:34,63
2997,2323,2938,1,23:18:17,25
2998,937,1895,1,10:04:47,59
2999,665,606,3,19:00:27,23
3000,2908,389,2,17:11:13,15
