race_id,driver_id,qualifying_position,qualifying_time
337,1258,13,17:10:49
1215,2374,5,02:44:55
362,1707,17,11:22:19
1952,2958,8,14:29:09
1465,496,13,19:29:43
1640,1213,1,23:04:38
2295,1644,4,21:47:11
2073,2571,11,09:48:42
2540,1892,8,14:41:30
2452,2724,14,16:55:51
2414,241,12,07:00:30
2113,2113,10,01:51:25
1688,2359,10,10:41:46
2142,1417,18,09:19:14
1095,2807,9,02:28:36
93,2849,10,14:42:51
2588,2264,13,11:58:50
1346,2679,9,06:34:07
107,492,5,05:07:40
2943,1764,8,22:51:14
77,2771,6,20:29:47
2337,1777,12,12:39:49
2487,773,18,10:02:51
830,1204,15,18:14:49
1010,28,13,12:04:35
1002,645,16,10:45:30
98,243,12,07:15:52
1560,866,11,15:36:12
764,214,5,02:11:57
1527,1038,15,19:43:20
2213,68,1,04:19:38
570,1289,2,20:31:08
665,830,12,21:07:33
1093,469,15,20:53:23
1399,273,10,16:41:03
2600,753,14,20:57:06
1341,2098,14,21:37:18
2742,2638,5,23:38:17
2369,1460,9,23:50:20
45,2258,2,21:44:50
1859,952,15,07:41:49
1086,2952,2,05:50:52
721,64,8,04:56:44
226,2436,4,16:49:21
1368,2495,20,17:28:58
1272,1926,15,21:14:20
313,457,2,13:48:54
213,912,6,00:53:12
1562,2132,4,01:35:44
2749,1826,10,07:52:18
1934,2137,19,11:17:39
943,1295,10,02:46:29
2225,2416,12,04:59:55
1764,2395,3,16:34:35
749,607,8,08:15:55
598,1229,12,22:24:56
535,490,11,18:01:57
449,2522,16,09:48:53
296,1599,2,21:00:44
2773,2437,9,21:48:25
1909,2948,17,20:07:41
2094,2731,14,14:17:12
202,1125,18,19:57:57
2078,891,1,13:26:29
2692,1846,3,23:28:59
1901,1088,8,14:01:45
167,1655,3,05:21:06
430,1575,8,09:19:17
1153,17,19,10:01:43
338,598,2,07:27:08
2179,1235,7,04:49:14
2581,2074,16,20:14:33
283,2759,2,18:36:44
735,192,16,18:48:30
2881,2172,10,18:37:51
1519,2305,20,14:49:29
2773,2061,8,00:42:10
172,2040,5,02:37:59
1314,1580,14,10:32:28
2409,2512,12,08:58:51
493,1064,11,12:20:27
2410,1383,16,17:28:30
2100,600,3,23:27:40
1153,1211,16,01:34:17
2655,1291,19,04:36:14
1888,2830,17,06:06:37
1132,2648,8,14:42:56
674,586,7,04:03:05
1092,827,16,03:18:47
2887,2186,10,09:35:37
2503,2713,9,16:51:56
1985,1352,10,10:07:30
2539,2251,3,03:32:14
2051,144,3,09:42:43
1080,2612,4,11:23:36
777,2644,11,04:33:38
1079,1065,16,20:07:20
413,2181,6,21:51:00
1102,893,17,09:18:23
2637,1172,18,22:16:16
904,2574,3,06:31:56
29,2035,12,00:11:35
1685,865,11,00:26:03
1951,1398,16,00:47:50
848,1066,2,11:04:10
2753,2704,5,10:24:34
1992,2707,11,09:40:48
2196,2067,13,10:43:34
1763,2669,15,18:40:42
1221,2487,3,06:59:59
941,1821,14,09:21:43
455,805,9,04:39:12
73,1828,18,23:02:20
2399,324,1,13:52:46
11,1596,13,05:56:44
2911,1223,8,10:43:30
237,542,2,21:16:30
2635,563,3,07:42:15
1805,793,1,06:28:13
609,71,6,01:29:56
58,1940,2,00:51:05
1290,1006,19,17:38:59
100,2706,10,02:27:56
2681,1563,9,11:18:31
1743,2371,1,23:33:34
2007,539,17,18:20:33
170,620,17,20:09:56
412,1790,1,00:42:26
2847,495,9,14:58:46
2225,768,20,10:38:03
1170,641,8,07:51:56
212,2504,13,09:46:05
2883,2445,7,01:13:21
2417,2826,12,13:27:36
914,1669,8,01:24:54
1230,1012,3,22:37:10
2147,2343,13,06:58:03
2164,1158,6,23:30:26
2588,348,7,08:50:25
38,1103,16,22:06:38
2765,1666,1,15:30:04
910,2340,6,19:08:16
48,1055,7,23:31:18
1055,80,20,08:20:06
2442,1162,20,08:58:49
2161,2493,1,17:52:32
2593,2536,3,20:32:37
659,335,8,00:07:41
2074,2602,20,03:39:17
2164,1821,13,18:36:53
47,489,15,19:10:26
165,1937,7,03:12:57
1692,1624,9,15:20:04
1537,1410,6,04:29:41
1575,1565,9,14:24:58
793,933,13,13:58:15
349,350,16,08:41:42
398,1030,12,09:33:39
1086,1256,19,14:00:52
2455,2960,2,02:41:48
297,2038,1,08:50:42
277,1496,12,12:38:32
1450,770,8,23:16:13
864,2101,6,22:23:21
2363,589,17,06:10:51
663,848,15,22:59:41
2378,2303,11,04:43:41
2623,741,2,00:12:48
846,411,19,14:06:54
629,1839,11,22:33:04
1942,2039,15,19:55:57
2006,2002,1,09:39:05
475,1912,2,12:12:40
2644,2883,18,09:14:41
921,2496,6,13:28:27
612,1402,13,12:11:00
573,929,10,00:09:50
1733,101,10,04:47:08
623,1160,4,17:34:34
1895,2390,12,00:54:01
1397,2191,5,17:48:14
2644,1454,5,10:20:31
657,1891,4,22:37:49
2329,2284,6,11:10:31
834,2056,19,14:28:09
2327,658,14,14:58:04
404,1644,14,12:11:16
2499,1153,17,14:18:06
2007,197,9,12:06:03
1221,832,7,13:36:50
2603,1583,6,18:30:19
2677,1920,5,15:43:10
2125,81,11,16:36:20
1266,1111,7,13:50:15
2411,1093,12,20:21:53
2285,1331,9,10:16:25
2767,245,7,19:56:40
1545,1577,5,22:05:32
592,2308,19,12:23:37
2924,2481,17,15:33:04
76,2795,15,19:18:09
2776,587,8,17:06:59
2826,1145,7,07:43:51
816,128,14,07:35:12
890,1386,6,12:47:02
911,1386,20,03:52:56
2758,2253,15,20:20:47
2510,678,7,01:01:40
1906,1236,1,23:23:57
943,1796,1,23:27:23
845,1233,19,04:56:05
1167,867,10,04:07:01
2993,2402,7,20:00:39
2764,2433,4,15:21:00
601,628,2,01:56:04
2878,337,3,00:49:13
1148,2190,12,15:38:48
2250,114,4,16:58:56
2152,2044,15,04:11:37
2818,2015,1,12:36:58
1659,689,2,07:53:55
349,2829,1,21:00:26
2396,2407,5,04:20:21
333,1505,10,23:36:33
2993,2570,4,07:45:50
1330,2715,14,00:02:00
2225,242,11,09:38:46
538,1019,11,09:23:57
858,2628,8,21:09:23
1087,182,16,08:01:43
542,1420,15,23:04:35
2046,898,9,23:21:27
2153,2655,6,18:27:25
336,1386,16,19:22:14
409,2083,19,09:28:04
812,2389,5,06:15:17
1524,2440,17,05:41:46
2993,2943,13,13:00:30
2674,2176,20,03:26:50
508,2274,6,14:07:40
2621,2286,8,14:49:48
2181,1565,1,20:59:24
122,1699,8,07:11:16
1732,1205,16,11:57:41
1423,2451,18,18:43:10
71,2905,14,02:10:13
2384,1862,17,11:36:50
1158,1982,7,13:30:45
414,500,14,06:52:27
912,1209,13,20:04:40
1379,2270,15,23:49:18
1916,1745,4,13:14:34
584,2977,9,07:29:51
2724,393,15,00:47:53
2515,2551,14,11:05:38
223,2463,14,18:51:58
581,2229,2,20:57:38
1755,2644,16,22:35:10
2118,1543,14,06:35:08
2360,2380,14,11:02:09
1799,2593,3,13:37:30
173,717,8,18:18:38
82,394,2,08:26:49
1161,1577,13,05:48:43
1367,1004,6,14:08:33
359,1138,1,20:17:59
2209,139,15,16:34:57
508,1781,14,18:03:01
1566,2220,8,01:12:55
1175,1171,18,09:43:23
2414,2815,14,20:51:33
1003,1212,6,08:38:55
2891,1617,11,14:53:18
2059,1441,10,16:20:16
1796,1794,4,12:57:26
1622,2658,13,12:05:11
2409,909,2,07:15:13
1729,2150,3,06:07:45
571,916,14,10:51:38
1435,51,20,18:47:53
1521,2975,17,02:36:26
74,35,13,22:43:40
2146,1606,8,16:35:31
1352,2967,18,15:22:35
278,275,10,07:24:35
889,396,18,05:43:15
31,312,12,20:11:51
1564,846,16,19:40:09
1530,1188,6,21:36:13
2014,1589,6,23:10:52
454,489,13,10:09:46
1189,996,16,14:20:05
1368,1479,12,20:32:36
1173,2556,3,18:16:08
2457,1045,20,22:04:40
1402,1265,6,06:34:35
2509,2851,5,15:34:50
2251,951,3,17:31:58
827,1864,12,12:14:02
2432,651,13,16:18:28
2581,2886,18,06:32:22
2192,1196,6,17:28:12
1136,2112,13,16:39:19
2950,2940,13,18:15:26
2382,2185,14,14:57:37
1841,2789,14,17:59:39
2010,73,16,00:22:30
1323,2545,20,02:51:32
2061,1225,11,06:46:55
701,1953,5,21:05:09
2331,1703,11,14:00:57
1061,2680,8,17:56:49
2395,61,16,08:35:06
1755,674,8,01:16:02
550,279,12,08:13:57
565,2742,20,05:32:16
1445,1589,12,13:27:04
2889,1847,11,13:35:03
2490,2417,19,18:51:39
1790,2921,13,21:12:51
183,2711,5,09:22:28
2293,636,2,22:58:29
1558,1848,17,16:18:45
1560,1700,19,22:08:44
2058,1108,3,09:46:13
1318,1880,5,13:31:59
151,552,20,01:30:16
2064,1434,14,18:25:30
729,880,14,05:48:46
1050,2843,5,03:22:45
2243,2850,19,17:44:02
1152,2357,14,20:39:48
1020,1225,11,21:20:55
1160,238,12,19:56:29
2955,189,2,23:17:22
1856,1651,1,04:17:06
1885,1367,10,17:04:06
2713,1337,13,00:20:30
2159,748,4,14:41:23
1238,2658,7,23:13:34
2926,1477,15,06:57:49
408,2265,14,00:21:54
552,2412,18,04:21:11
64,2782,3,05:11:55
732,657,11,18:06:48
636,1937,17,00:13:04
1960,620,15,04:33:40
2720,940,6,02:10:26
634,1195,14,08:48:27
732,1634,16,11:02:56
657,1317,20,05:47:46
2102,2715,15,18:49:27
330,2346,14,01:52:51
86,2100,16,20:39:57
1294,671,9,14:58:10
1360,906,2,16:29:16
1507,597,6,02:02:04
2092,1004,7,01:41:40
528,1002,16,20:30:28
2737,1102,20,18:28:47
641,1602,4,00:34:32
552,2145,16,04:47:02
2369,2527,9,11:27:21
1419,1749,13,04:26:43
836,2625,16,21:34:06
773,2404,8,02:43:58
2974,1219,1,15:07:23
2803,471,12,17:57:44
2739,865,14,07:14:56
2586,696,3,12:32:53
14,1002,7,21:32:59
1031,2809,7,12:01:28
240,2028,7,09:02:47
2711,1230,9,23:07:35
2553,2624,4,22:58:50
1957,1632,3,22:09:25
1762,1270,8,03:10:11
2035,139,1,14:40:57
1984,17,19,09:29:04
1737,481,7,01:43:19
2784,804,19,06:22:05
1404,385,4,19:27:13
2758,1877,17,09:59:41
1146,611,14,23:44:48
964,2248,18,04:30:55
366,1619,10,18:14:40
1951,2038,14,00:44:36
1111,1197,20,22:12:15
1198,897,2,00:10:34
1798,2825,20,21:39:44
1197,2527,1,21:35:30
350,189,1,02:02:21
21,1501,16,13:17:56
1575,1664,3,02:12:20
2026,1447,20,08:36:40
1534,1745,15,09:44:16
1899,278,9,03:13:35
528,2653,13,21:45:27
1850,1511,13,19:20:15
2913,113,20,10:41:24
2518,988,1,06:39:48
1715,1275,16,16:35:15
528,791,1,09:46:32
815,2296,5,14:50:47
2067,2458,9,00:08:17
1051,430,16,17:21:32
2209,1267,14,16:26:06
1270,2091,17,09:19:03
1172,374,12,23:51:01
1608,1209,11,21:09:48
1883,1449,15,08:06:28
459,198,2,22:37:49
2380,2741,10,05:43:33
2802,1672,3,22:04:59
1236,1449,16,19:47:42
443,1119,7,10:33:43
1756,13,4,00:03:44
738,2871,12,21:30:07
712,2247,6,23:15:23
262,2784,16,05:48:13
2842,2125,4,17:07:11
2597,1594,19,20:37:05
2489,659,16,03:56:01
595,2278,19,15:12:55
2330,2436,20,03:09:07
1066,165,20,19:31:51
1601,811,12,07:25:37
362,1818,1,20:53:42
2262,1558,11,10:57:57
2824,2007,4,11:44:16
2320,2744,11,15:26:23
189,2402,14,00:18:59
2199,1813,4,04:02:29
2250,417,12,21:38:26
105,2127,11,09:31:42
1795,2270,6,19:41:13
2652,2112,2,21:46:23
216,2970,8,06:46:16
334,1814,3,21:15:28
897,215,11,02:15:39
2937,172,5,14:35:44
843,1575,1,20:50:00
991,236,18,23:11:32
1929,1027,1,21:23:00
150,154,3,08:46:25
516,1908,4,01:50:58
1308,1927,3,01:57:17
1610,635,18,18:53:46
103,1414,15,11:30:59
2892,2550,4,07:57:17
2877,391,8,08:57:34
2379,700,12,07:44:57
2163,1942,1,12:41:06
38,2124,20,21:36:19
1626,1575,1,04:18:39
987,323,6,08:06:23
1575,2033,17,10:20:29
1991,1974,11,06:08:40
2778,1980,7,15:10:20
64,2506,19,14:42:24
538,2221,3,10:27:56
303,2314,13,17:39:39
2575,260,7,22:48:09
2162,1326,8,22:17:53
1589,1066,13,12:57:15
1330,719,12,01:23:13
11,1236,6,02:34:24
2164,603,8,19:06:30
375,2731,13,02:05:04
2439,462,14,03:18:53
1769,180,3,15:11:17
425,1689,1,20:21:52
1059,2026,14,15:41:56
1399,1333,15,02:50:39
266,1792,12,05:24:41
185,1159,17,14:24:07
1680,53,16,17:30:56
2815,2532,15,00:57:20
2421,1570,5,20:38:47
586,1834,13,16:19:50
1764,1257,13,20:57:53
1823,236,19,07:01:21
1770,2550,18,02:53:58
2837,703,14,11:52:05
256,871,15,10:39:31
2490,1751,9,23:35:08
2057,438,16,06:50:00
182,2284,15,22:31:57
2151,2528,6,06:30:26
2972,2591,1,20:23:50
909,2137,6,06:00:57
2427,2137,10,23:04:41
465,1647,11,20:27:50
2584,2941,7,10:48:49
2978,2204,8,11:01:38
2256,698,17,08:57:15
44,790,2,15:52:41
133,41,2,09:17:59
1051,2655,13,04:24:55
274,1450,16,16:14:54
2364,478,13,02:50:56
285,1293,7,10:39:19
807,2545,11,18:04:53
992,1043,7,15:48:11
2095,2318,9,03:05:18
2343,2839,19,00:22:40
414,669,6,21:17:05
1746,987,16,11:47:22
1885,798,13,13:46:18
1295,2899,11,09:41:11
2651,2430,5,15:19:27
2706,1292,20,04:53:31
1238,1681,2,05:05:18
2970,2698,2,23:05:38
144,1029,13,10:22:53
2101,1004,11,16:46:47
922,2756,7,05:52:09
2861,1055,20,11:38:50
808,1364,8,09:30:19
1167,2855,17,00:37:57
2143,1304,2,21:48:01
262,1209,14,16:36:37
604,2191,17,09:49:30
1193,1471,14,15:22:16
2629,648,2,02:59:17
1728,1810,6,23:27:48
823,1588,1,10:12:03
92,263,3,09:06:51
196,2045,18,00:18:31
482,399,1,00:01:35
1489,2924,9,01:26:28
372,2249,12,21:01:00
643,2430,3,22:00:13
1407,2900,10,18:51:10
843,579,19,19:57:13
435,2005,20,03:03:01
2721,514,2,09:18:49
2972,374,7,21:25:14
2179,1592,20,16:19:25
1735,2557,7,20:34:32
2807,2443,9,23:18:48
1933,1655,6,16:13:26
2409,2942,5,16:16:48
482,2619,5,11:19:38
2085,1711,4,13:59:37
2970,2556,3,17:25:22
1547,1350,13,20:25:32
212,2241,13,03:48:33
2735,1068,4,01:29:58
54,367,16,03:09:52
2429,2103,19,10:14:47
28,1375,19,21:08:14
2697,2907,9,02:31:38
2130,929,7,20:21:41
21,1933,5,10:35:13
2092,2026,12,05:04:45
63,1829,13,23:08:43
1203,2548,19,15:48:21
2830,2394,12,22:27:04
1472,1769,3,21:34:31
120,2566,20,10:51:24
2912,670,4,19:40:25
826,43,14,05:29:10
685,2830,9,19:28:00
2744,111,2,23:18:01
1925,596,2,03:23:21
843,1785,19,10:30:02
430,470,12,12:30:24
2791,769,19,15:02:46
1239,1346,6,00:00:32
75,1130,2,11:07:05
2423,2929,12,19:52:52
1629,354,3,04:36:52
1592,2206,5,06:40:21
2270,527,14,23:50:30
684,504,14,01:48:23
2255,2548,7,22:26:02
2338,451,20,14:27:00
388,2247,14,00:52:44
430,1372,14,06:21:58
1267,2391,15,00:24:14
2833,865,16,05:51:02
1984,1808,4,07:20:23
2123,1146,18,06:51:41
2812,1869,5,12:14:45
440,1077,12,15:40:53
1223,1402,18,20:19:05
930,78,15,05:59:24
2852,2304,16,18:06:28
1709,796,18,01:28:54
2980,2783,8,20:17:33
2836,255,6,04:42:12
1251,1641,6,21:20:10
1478,2962,10,10:16:18
149,834,17,05:37:24
2114,2560,17,11:26:31
337,2303,16,03:44:19
2987,2731,12,18:10:51
2569,166,12,09:17:15
1258,2010,11,15:55:45
13,419,9,09:16:42
2695,1912,19,05:44:04
1050,1757,1,17:55:19
1680,2342,5,22:09:00
1018,1966,1,08:00:57
80,576,2,01:34:40
2544,163,14,17:40:55
103,666,3,01:20:40
471,13,20,15:12:00
1175,1370,14,06:56:22
2241,790,11,09:17:10
1960,2180,16,14:56:52
164,1046,12,04:28:57
230,2934,20,19:09:59
534,2281,13,05:36:27
240,1547,1,23:17:29
1545,990,1,11:14:21
122,1440,14,21:51:06
622,45,20,11:19:55
2487,189,16,16:15:05
2261,442,9,19:19:58
670,1157,18,21:29:22
2869,2019,18,04:15:36
963,897,8,08:54:10
2670,2447,7,02:11:17
211,134,3,14:59:42
2175,95,12,11:28:57
920,1799,20,15:50:50
1491,2437,3,13:58:02
2555,1433,3,12:03:42
1697,2553,18,17:29:22
2029,1693,20,20:06:44
2959,909,5,19:38:57
2545,455,11,02:56:56
1278,655,20,09:59:57
2512,1510,6,03:05:04
1886,1304,10,03:50:01
2722,2323,9,04:30:38
2983,361,1,20:49:08
2731,1385,5,15:37:14
2139,1588,6,15:39:51
1153,572,9,17:39:24
891,1641,7,16:51:53
72,74,18,16:11:36
774,2017,11,15:03:17
911,1256,12,22:00:20
580,790,12,09:33:41
2066,76,8,15:47:27
2634,2533,4,14:51:01
1429,2885,2,15:51:49
2665,903,10,19:26:16
1049,2927,3,22:43:30
592,2235,11,01:47:05
2171,2269,14,10:51:15
463,2553,16,21:34:35
2032,2261,17,18:18:59
1204,937,2,17:39:35
2585,442,19,07:22:04
314,1662,3,20:48:44
1170,92,13,05:25:39
537,288,18,14:55:46
1475,2849,8,11:09:28
2982,2023,19,05:44:19
934,1502,3,07:41:59
1938,2703,17,12:59:22
2709,1423,8,18:19:15
2880,845,3,12:20:35
860,745,17,09:39:02
362,800,20,07:16:18
2679,2703,14,04:14:50
2929,1066,5,08:16:13
143,486,20,15:03:30
1345,744,18,14:08:37
2531,483,12,18:09:16
874,2375,10,23:19:28
336,1994,19,07:19:48
1399,1863,7,08:44:36
849,142,11,15:39:02
955,205,18,21:28:40
1046,2324,11,11:04:05
1701,1499,3,11:39:58
735,2853,5,20:05:46
2079,2567,7,16:24:39
2963,188,16,18:23:06
878,550,15,04:52:57
954,1956,4,21:32:55
109,1651,17,01:34:23
2982,2184,11,18:37:42
895,2451,11,00:51:15
1327,1714,18,00:28:33
2748,79,17,18:17:09
2402,713,19,07:43:28
198,1094,16,04:43:52
1757,119,8,15:49:28
703,2740,8,07:14:09
2149,2533,13,06:17:50
1205,1896,5,15:08:27
921,1132,16,07:08:16
720,1079,13,20:19:41
523,1174,18,22:35:05
1284,2979,3,07:27:09
472,573,18,02:44:46
727,98,7,08:11:57
145,2378,16,20:02:16
2260,760,6,03:36:31
255,2934,19,10:08:29
1222,392,13,11:44:36
718,1079,7,20:43:24
2662,2098,13,19:04:22
737,731,16,16:13:08
777,2429,18,21:25:34
416,1221,3,19:08:33
459,975,17,06:13:37
2177,1216,19,23:30:03
993,750,4,07:34:37
1199,394,4,15:22:56
2743,382,5,02:51:17
2420,2674,13,10:41:00
2093,1131,14,07:15:52
1254,222,2,02:09:01
833,1116,13,21:21:21
1439,1586,3,02:11:39
2052,1150,9,10:15:37
1121,203,3,12:31:50
2825,686,8,14:13:17
31,1538,17,09:29:08
1791,1307,10,05:10:05
2530,1475,7,05:43:53
2806,2205,7,09:44:44
986,2715,9,06:51:21
2797,1708,2,18:47:51
1992,706,12,01:32:16
2731,852,9,23:39:20
2433,2209,6,04:14:59
2667,1704,9,07:35:43
600,1560,9,14:06:30
33,1402,15,11:11:24
1939,539,1,08:02:51
1733,1544,10,13:27:56
427,833,18,10:23:51
2459,944,14,09:09:35
715,1752,8,06:17:16
407,790,6,22:55:31
1609,1366,9,09:28:37
1480,1871,20,21:03:01
1328,2819,16,18:47:59
1418,1988,11,15:57:25
297,964,19,19:25:41
2144,456,17,10:03:31
2018,2593,17,18:03:55
482,565,12,12:01:41
270,1317,19,14:34:12
1981,9,2,12:46:07
1319,640,16,09:05:30
2715,2071,3,20:02:37
437,2145,8,13:02:58
113,2627,10,22:46:54
1476,2909,14,15:35:22
2122,2715,4,13:34:05
900,1760,8,06:39:05
1967,2564,20,19:20:07
2440,935,3,22:46:10
87,2058,11,17:31:41
1239,1408,20,12:21:37
2335,2033,2,18:53:02
2027,201,9,09:46:29
21,706,5,21:10:49
901,2246,11,04:24:50
1492,1445,20,19:29:34
852,1271,1,23:47:38
954,2042,19,17:12:32
1980,856,20,15:34:06
546,1516,19,04:01:03
1699,2122,15,04:16:47
2177,1879,14,00:34:05
1080,2245,9,07:02:00
1757,1561,14,23:36:39
161,2700,11,03:19:38
1278,535,16,07:43:43
429,2412,5,01:52:02
2414,1388,19,02:49:34
2294,607,15,20:35:35
1965,612,18,23:57:11
2173,2094,1,08:30:09
2760,1574,2,12:22:15
2199,1511,5,04:19:05
154,2515,9,09:22:35
2368,1778,2,03:07:41
2119,1174,19,06:07:17
2637,970,16,22:43:50
1182,1412,18,11:26:33
1772,1844,14,10:19:36
2200,2288,3,03:20:20
2861,921,2,23:28:08
1403,1568,10,05:13:39
2426,295,18,03:23:46
263,419,11,15:54:37
2419,1875,2,03:07:05
152,980,17,10:12:17
190,1322,10,03:08:04
3,2315,18,17:06:45
752,1165,19,05:31:40
555,2970,2,10:23:30
1607,91,6,16:43:42
1429,1076,8,00:30:01
2894,1601,17,02:56:04
820,1798,10,08:31:27
1538,366,4,06:00:54
2358,2969,10,22:44:28
817,1256,5,17:27:04
2291,43,4,22:22:52
1241,2255,9,19:13:51
1845,1619,11,19:00:20
2741,2501,12,15:41:33
1419,387,17,10:03:43
1025,1104,10,19:46:56
2753,1757,13,22:06:38
1892,1805,19,16:57:02
181,2473,4,18:44:37
728,2729,14,15:15:15
332,227,17,16:30:38
2943,2379,19,03:09:15
1073,127,18,21:19:00
2791,26,14,00:56:04
369,346,1,11:42:27
357,290,10,18:28:20
1627,2320,10,07:40:06
478,18,10,12:36:57
2433,910,2,08:45:58
2746,2685,13,03:51:58
2026,1945,18,18:48:46
307,2152,2,08:03:29
2682,119,17,07:24:04
1188,2258,2,05:30:03
2634,2178,5,06:31:34
918,2080,4,13:20:00
327,38,20,11:08:05
2893,926,16,07:56:39
1171,550,7,17:56:39
2558,1864,20,21:05:30
1249,1419,2,18:51:38
2008,143,4,08:31:31
974,265,7,05:15:38
2759,1276,18,05:13:18
637,1607,5,08:38:15
1235,1099,5,01:30:07
111,2439,11,02:22:49
696,316,20,09:41:08
956,2064,7,23:16:06
2064,2575,13,08:22:06
2353,1814,15,13:52:49
1677,2012,20,07:38:16
1528,408,12,03:44:46
1977,1078,11,15:50:15
1450,183,20,09:36:46
2309,1504,18,02:12:58
2403,1877,8,21:10:07
723,2634,6,04:44:44
802,1140,13,15:52:24
1615,281,12,09:43:49
2742,7,5,19:39:06
2481,2102,9,21:00:03
1282,2425,6,14:53:45
664,242,20,16:25:26
1984,2197,3,14:21:40
1371,2319,11,10:28:07
598,844,5,10:56:48
1080,2219,19,16:07:30
1851,881,6,01:46:32
1940,1656,19,00:46:05
2726,1699,14,17:47:52
2933,593,9,17:21:34
2480,2565,3,23:11:14
227,2884,1,11:29:30
117,1089,8,14:13:04
1820,2953,4,21:23:24
882,883,17,01:04:08
2667,1100,19,12:36:23
1522,1540,8,13:57:21
581,1040,2,16:57:49
1688,2882,2,20:23:11
1487,221,10,05:56:28
2782,1656,11,06:22:47
1327,2340,15,04:02:00
1636,103,7,04:06:18
2490,231,15,06:01:04
2017,2802,4,14:39:51
133,1268,13,01:46:25
1469,1015,17,18:10:28
1531,1478,3,11:36:37
2781,37,13,17:12:51
2826,1576,10,03:44:18
2281,617,10,20:53:05
190,994,9,17:48:31
2562,71,11,23:40:30
371,1387,20,12:18:30
1479,1298,18,22:36:08
710,819,5,00:46:25
1292,197,8,00:54:48
2713,1153,4,13:49:21
1267,26,5,22:35:23
760,958,18,21:51:37
1418,103,18,05:41:48
924,539,1,12:17:36
2290,1984,12,05:32:49
2488,1187,17,23:16:32
722,765,4,04:14:58
1277,1248,6,16:38:38
904,2572,2,20:00:44
49,44,1,05:59:55
1386,2095,13,02:37:11
2863,1428,4,14:14:52
828,2158,20,19:34:39
541,84,15,02:34:14
1824,360,3,16:57:51
1208,1586,10,21:23:21
822,1104,15,08:39:33
2804,1239,3,11:23:37
502,2210,20,20:45:40
2886,1813,3,10:37:37
864,1331,19,15:15:12
74,2456,11,10:25:38
1547,467,7,06:07:26
1070,947,11,23:52:41
2964,1575,14,13:25:54
613,1294,8,07:25:31
178,2976,10,16:24:58
166,1452,5,09:28:07
2993,2583,6,14:58:53
799,192,7,01:03:06
279,2372,20,06:38:45
408,2320,18,07:30:08
1912,2153,1,16:50:22
1399,232,17,15:52:55
1896,1393,9,15:32:27
2629,669,5,14:04:38
1563,2592,13,08:46:01
539,211,3,20:04:34
672,642,15,22:52:51
753,989,6,06:47:08
2896,1852,10,05:58:58
185,204,17,04:04:06
2616,324,7,21:06:08
2058,2842,13,22:29:40
1655,184,15,07:51:08
869,2938,11,00:59:34
1196,134,20,08:20:17
327,1010,16,07:42:28
38,290,16,00:41:53
1964,2865,15,01:53:01
1443,1240,10,13:16:05
2708,356,15,11:46:38
537,2838,13,13:49:16
968,311,9,07:05:45
791,1801,7,05:31:22
2177,157,11,01:45:02
1420,194,9,21:54:59
2893,144,4,07:44:47
1244,1067,6,22:28:12
2228,2495,7,17:38:21
388,679,19,08:50:05
1614,784,8,12:53:48
2632,1105,15,00:12:22
2521,2973,7,08:10:06
295,2480,11,20:31:17
2533,823,14,06:12:38
664,304,20,19:35:53
728,2379,5,22:11:23
1188,2050,12,02:45:49
1979,742,8,11:28:25
352,1252,17,09:50:14
766,120,12,20:12:59
1750,2635,8,05:36:03
1767,526,9,19:42:35
1187,897,16,19:50:11
8,2323,5,21:55:14
1403,662,9,02:28:33
2624,1684,1,00:33:06
1488,562,20,23:23:48
1641,2917,18,16:47:03
2620,1400,2,19:41:07
748,752,7,05:51:38
2077,2406,4,05:06:26
323,1980,8,08:51:26
1733,2028,2,22:15:33
1083,2692,1,19:59:47
1275,932,20,19:09:04
1851,2821,16,04:05:41
1892,2358,6,08:55:10
1015,719,4,04:31:39
2315,1331,14,06:05:44
2139,646,19,07:50:26
335,552,12,03:35:38
1633,984,2,05:37:27
1686,703,11,06:42:36
1821,1890,9,10:48:23
2116,1820,8,02:43:13
1160,1958,10,07:51:16
728,1703,7,07:10:03
2948,695,13,17:19:00
2247,788,10,19:20:04
2766,1294,11,06:58:59
388,1185,14,01:06:22
1408,1145,1,16:38:02
1942,1953,16,22:30:16
1691,1479,4,04:08:53
2453,1326,19,00:30:46
1380,238,4,10:40:27
1681,2651,9,07:19:06
1763,1953,3,18:17:10
2794,741,17,10:48:05
2527,2019,19,19:39:43
2917,1345,12,16:05:04
283,2493,10,17:17:45
2043,2918,4,09:04:55
2278,2103,14,14:27:27
2921,2608,20,23:23:20
2524,832,17,05:27:11
1790,2708,8,23:46:57
2996,1532,6,23:01:56
821,261,7,02:24:15
2641,1035,17,09:07:10
2184,80,6,20:41:12
2246,315,17,04:37:28
1867,1361,14,00:23:31
2402,418,10,02:37:45
576,2531,6,05:10:09
257,85,1,05:17:42
2055,107,10,11:46:40
22,1555,3,04:50:08
1989,694,15,13:37:00
1431,2883,11,11:43:08
2126,2311,16,21:06:46
2617,1784,3,02:57:54
509,2722,17,02:41:00
1294,1473,5,19:26:10
1325,2110,5,07:48:50
1022,337,19,20:50:28
676,2147,2,17:25:17
1938,1400,20,18:20:07
1781,1873,9,03:20:50
426,2382,19,09:15:40
1556,2833,6,11:25:50
2050,482,19,08:58:35
1666,2496,19,21:14:00
1585,730,12,07:10:51
1712,1890,8,01:42:51
2019,2764,14,05:02:09
1401,778,1,15:54:38
290,2102,18,06:54:29
2703,2362,17,02:34:27
748,658,7,16:30:12
2814,2452,5,14:22:23
2781,759,9,06:39:31
2117,188,12,19:40:06
402,639,18,02:25:44
784,2168,10,13:41:58
364,176,11,12:13:12
310,2579,5,22:35:37
1136,1144,13,23:30:44
2865,716,5,21:17:28
2859,2510,19,01:41:38
2564,1110,3,16:00:39
2211,962,3,15:13:50
2697,2954,8,16:50:43
1530,1689,2,08:41:24
488,1492,14,03:43:36
2226,2349,13,16:59:34
1681,1701,10,07:43:44
2200,2268,5,08:46:19
306,1005,19,07:56:46
850,1090,18,04:56:27
1856,2247,10,14:39:37
1289,2001,9,22:44:30
1317,2206,11,02:45:33
2308,257,3,20:26:23
460,1140,5,20:37:16
2504,2703,6,23:55:32
379,2913,7,03:21:01
420,2557,3,09:40:51
55,2815,18,07:44:34
1781,2147,8,08:40:27
1405,1650,20,12:40:54
1819,313,7,01:39:11
2311,2432,19,14:27:09
2380,2420,16,00:19:36
2073,2392,3,16:34:28
2786,2430,6,15:16:26
2030,1065,5,13:39:26
2154,2254,10,22:05:32
1075,2004,1,11:42:34
1065,998,16,21:10:46
747,391,3,14:27:03
2562,1928,14,07:54:02
1777,2852,13,17:23:03
304,1990,8,00:04:58
2805,2154,13,16:01:26
66,1920,10,23:12:47
2505,2226,8,14:51:56
2042,2817,20,05:19:24
885,703,16,10:17:45
696,1822,14,16:03:06
2191,1694,7,15:39:13
1733,1216,2,06:46:04
978,1589,18,19:07:10
295,514,11,19:04:15
610,1300,5,20:29:03
2428,1627,11,09:52:16
2868,910,16,18:06:49
953,1838,1,12:26:41
1981,1384,19,13:31:42
2403,2674,16,00:55:02
838,2469,11,22:07:41
2837,723,20,19:52:10
1215,497,5,01:26:25
1569,2521,3,23:30:16
2021,1020,16,18:14:02
1350,2184,7,01:59:26
1862,2097,19,00:59:12
1451,2823,12,12:59:14
2149,2080,17,11:53:14
2734,2196,6,00:07:28
205,1554,11,23:08:42
1474,1281,16,03:26:20
1470,1492,20,08:42:14
1745,2026,9,19:06:13
48,1028,5,17:58:48
1445,57,5,07:24:24
510,2049,3,13:14:15
1160,1178,2,16:08:52
2506,2639,7,10:40:26
782,1128,9,10:35:38
2560,460,17,17:21:41
2954,2461,16,14:33:34
702,1477,5,05:44:45
1914,1599,10,21:23:38
370,1294,13,15:09:50
1090,2541,17,05:39:51
1140,1108,2,12:10:16
137,1964,8,15:40:55
2731,1078,10,02:23:13
485,124,20,09:34:33
1834,1167,20,02:41:05
201,1154,8,08:49:33
726,2273,9,09:01:13
263,2486,7,20:02:40
766,2891,20,03:53:18
370,2164,9,12:38:05
1072,2274,9,10:40:28
1203,141,13,03:14:18
368,1209,18,03:54:14
2685,681,16,00:31:44
2715,693,12,02:05:28
2146,2485,15,14:42:04
2047,2490,4,08:20:21
1912,1448,11,02:25:06
2114,647,8,17:56:03
2390,1989,3,06:45:39
2380,1499,5,13:53:20
2291,1804,17,19:04:57
974,1380,3,09:12:09
1181,1773,16,20:42:22
2549,1751,14,14:46:36
818,1662,18,17:03:19
2404,1356,5,07:43:04
1561,218,15,21:11:50
1856,1252,10,04:07:11
1342,1917,17,15:47:50
1297,2374,12,22:26:58
1449,1021,14,06:01:36
540,2652,3,18:38:39
1575,353,18,02:38:29
1277,2730,11,12:23:11
398,1820,19,09:52:44
355,1114,7,06:25:21
205,276,4,17:05:06
2091,762,4,22:22:21
2452,2286,6,14:43:29
2749,977,12,19:38:34
2873,2417,11,22:42:18
250,2069,4,12:08:10
2368,501,14,17:57:49
2294,2243,16,14:21:26
2482,1837,14,08:15:46
813,138,1,18:08:11
2363,1664,2,02:04:45
1739,1624,4,13:56:48
2774,693,7,08:58:25
2270,401,19,12:12:07
2082,1642,2,08:19:53
1302,1942,4,08:11:11
899,789,3,21:39:51
2475,374,16,16:39:59
1425,166,11,16:09:24
2486,2016,7,05:44:15
1793,716,7,01:55:01
1789,1389,8,12:21:24
2266,1035,14,06:18:10
2007,288,17,21:29:16
2367,1929,12,00:47:59
502,1510,8,10:54:14
600,2266,11,15:33:01
1844,611,6,19:41:54
1528,1072,6,01:38:57
383,1472,2,19:11:01
2174,443,4,04:18:49
1773,2310,19,07:35:40
349,783,5,23:17:27
152,2786,10,20:14:45
2981,542,7,05:12:30
960,541,7,00:07:26
1745,1689,20,14:44:58
998,2746,5,17:41:00
2134,930,3,17:14:19
2940,945,11,07:18:10
81,1050,3,01:22:53
598,1884,13,17:58:14
558,2117,12,12:53:43
1110,1215,9,07:55:18
62,2158,9,20:51:05
1592,1475,6,19:36:26
371,2511,2,14:49:44
91,2721,1,22:33:55
690,464,4,14:02:06
2607,2595,9,16:38:01
1470,1216,10,06:41:19
2555,154,19,11:42:22
983,70,2,06:54:20
2019,1737,9,22:59:32
332,164,10,07:30:05
2394,1682,2,16:06:27
111,1541,1,07:32:53
797,817,17,11:42:26
1535,2549,11,05:07:46
1319,1539,3,17:38:15
1773,646,5,12:11:02
431,2388,3,11:37:09
2303,2152,2,05:19:50
909,677,8,12:08:21
74,1238,20,06:30:16
1425,629,3,06:54:11
290,442,16,07:40:24
2331,1347,3,02:24:31
2107,2646,1,15:16:30
1258,1296,8,18:45:09
1664,1667,10,22:11:18
1929,665,11,12:35:50
710,991,1,02:06:45
1690,2922,15,07:01:50
2358,1374,10,15:45:07
1704,1152,12,01:26:47
11,877,19,04:24:58
603,1910,18,19:09:54
1455,2316,19,14:36:44
2907,889,3,19:14:09
2446,2903,8,17:00:04
329,1584,3,09:29:13
2259,2503,15,03:43:21
752,2253,15,06:54:32
17,2310,17,11:23:49
347,880,15,23:55:09
55,492,2,14:56:48
2118,408,1,21:51:55
1965,879,14,14:45:14
2534,2541,3,11:42:56
736,1100,9,23:47:01
2973,2348,8,02:13:03
339,111,5,14:06:51
2865,1478,5,16:36:30
618,2570,7,20:47:19
958,1234,2,13:01:57
971,1328,16,23:14:08
2252,2295,9,16:40:07
1821,1846,19,21:40:16
1252,2821,19,09:52:43
2356,1838,5,06:35:45
1982,1470,8,15:50:22
1106,1944,5,05:54:00
2664,947,13,18:58:17
972,2474,16,22:14:16
2081,1957,15,03:48:00
551,1884,14,19:54:32
2736,1182,18,00:36:19
2919,972,17,07:46:07
1824,1649,10,07:58:16
1055,2555,4,11:34:37
2924,2719,11,16:31:39
854,2602,7,22:21:18
2852,2523,18,00:08:39
466,2921,4,16:08:57
53,1123,17,18:27:37
993,2301,19,11:43:41
2781,2578,10,19:14:05
2029,187,8,23:19:16
2866,1542,5,10:34:28
2187,1518,17,08:25:12
654,526,7,14:25:02
2656,2602,13,20:33:11
391,501,13,20:49:44
432,396,6,19:45:52
1951,2201,1,03:33:36
492,1307,11,23:34:55
2365,2744,8,22:40:17
2498,336,20,03:56:54
553,216,3,22:31:49
2368,2884,11,01:02:56
2603,1940,18,05:43:08
35,1895,5,17:40:32
1655,899,18,06:25:40
1838,1786,15,03:11:11
815,2958,5,17:52:05
398,2204,16,09:25:05
1412,12,10,11:15:50
2599,454,8,23:09:41
2483,269,12,16:21:19
2259,557,12,21:37:03
2149,2978,9,09:01:17
1014,633,16,13:40:48
1518,1948,18,19:03:21
1234,689,15,02:13:58
744,826,19,12:22:54
275,2407,12,03:35:48
1303,544,9,15:47:09
875,389,11,09:40:01
327,1427,9,19:45:39
1133,555,3,05:44:50
1664,2790,7,13:35:47
2312,2328,17,17:48:41
1568,1607,13,12:56:30
1013,1607,17,13:00:45
1211,2018,16,13:26:13
2849,1446,9,06:35:45
919,663,18,06:57:01
2697,242,1,16:39:03
431,123,1,09:45:56
1367,2983,19,02:56:28
199,545,16,13:49:25
538,739,11,19:51:55
1716,2065,14,06:05:30
2959,1019,9,13:16:39
662,2297,5,15:05:37
2964,910,2,10:30:09
897,2867,9,21:23:56
2790,1444,19,07:23:22
670,848,11,01:02:34
1362,246,16,19:20:20
1784,2174,20,12:54:31
2591,2461,7,08:04:32
1278,2904,11,20:56:01
2468,1330,18,00:31:50
579,2705,3,05:11:17
67,1020,18,00:17:24
345,551,9,09:38:03
1900,1550,19,01:43:29
526,405,15,15:10:33
2608,801,19,20:31:10
2474,2144,12,14:42:29
2929,2264,12,21:49:00
2377,2937,13,18:05:04
2072,511,7,04:01:22
2784,894,4,19:40:08
2803,808,7,05:23:05
1475,2242,13,18:40:47
1296,2760,3,00:44:55
1715,1029,3,18:52:31
337,2976,2,05:27:56
942,1000,6,03:45:17
239,2318,15,02:45:32
2493,1834,4,17:37:41
2310,169,1,14:01:23
2581,900,5,15:34:18
349,984,10,12:32:27
380,852,8,23:53:56
227,1037,20,21:57:25
1103,2016,12,17:37:12
615,2472,15,03:40:56
1883,498,5,20:15:13
2232,1378,15,04:21:37
427,1842,1,17:17:40
860,1249,19,11:03:10
347,2679,1,17:58:39
1402,2756,14,00:59:29
2588,894,18,21:16:22
1146,2644,4,05:36:02
700,1037,12,18:01:08
1769,16,9,17:51:50
1008,2815,18,03:20:39
2064,54,17,05:01:58
2528,2495,11,00:24:13
2841,1686,13,12:34:55
1685,1327,9,13:13:10
1962,627,16,15:57:21
2915,139,11,21:54:05
1529,2987,17,00:48:49
2156,2492,9,19:38:11
367,588,18,19:37:34
58,1692,17,11:43:47
107,857,14,11:38:46
2157,2822,16,15:47:40
2470,2003,8,06:43:57
57,2530,5,17:32:52
709,2902,1,00:13:22
1634,2141,10,05:14:10
1860,2367,4,13:46:33
1027,989,11,18:53:05
2148,233,10,09:51:16
903,1257,15,18:40:41
297,118,15,00:20:50
2774,1472,16,19:45:07
2974,1546,1,23:48:59
526,182,19,03:12:18
1277,684,12,12:20:00
1690,1961,14,18:22:22
2969,1886,1,17:11:47
2244,2082,17,05:19:18
994,645,1,06:48:32
542,2306,3,12:17:57
1084,1193,16,09:00:15
1172,861,1,01:41:17
1126,1158,1,02:16:25
2540,406,14,20:09:49
1006,1336,12,10:33:49
2492,328,8,04:09:03
1234,594,7,01:37:51
2240,1154,4,05:49:59
1443,421,2,10:28:59
164,845,17,12:26:33
2083,1109,16,20:07:15
2991,1857,3,23:50:29
2970,1378,19,15:50:21
1335,858,9,16:16:01
2795,2090,18,19:59:58
254,1385,4,16:21:42
1104,874,10,23:11:53
2973,2266,17,20:06:00
833,149,16,08:08:14
2244,332,8,16:23:48
72,594,15,22:56:25
2333,2171,6,08:37:22
419,101,2,19:36:42
1248,2191,14,12:07:06
397,1001,7,02:52:26
112,813,17,22:48:36
1123,551,11,23:05:46
940,1436,8,13:28:58
2341,962,8,02:45:40
2642,460,18,16:45:30
179,319,20,08:41:08
1647,11,16,02:24:29
2683,2198,7,11:14:37
338,242,2,06:51:32
1376,2409,7,09:04:09
2335,156,10,18:56:18
1189,11,20,00:52:36
1326,1750,2,20:34:11
77,311,2,04:22:11
2881,910,19,05:13:43
958,568,19,07:20:57
1505,1179,19,15:28:05
759,408,20,22:25:47
639,607,9,22:37:46
2656,285,9,01:19:27
718,2324,3,17:43:43
21,371,5,07:14:05
1711,1493,18,20:20:21
730,2877,6,14:21:48
1912,789,17,07:11:50
2487,760,15,21:38:35
2188,745,16,09:47:43
2715,1052,6,07:36:20
917,1086,6,21:03:17
2876,243,18,04:17:58
492,2435,8,18:16:52
156,1066,18,01:35:45
1743,390,12,13:15:02
481,2828,12,12:43:55
2674,1732,3,16:34:49
464,1273,13,17:06:55
2945,850,14,07:30:18
1839,1110,3,03:20:26
2327,2642,3,06:54:15
1991,1676,16,07:54:02
2738,2240,18,11:18:48
2499,1366,14,17:25:22
1998,279,16,20:09:21
2032,2788,13,09:10:44
1615,1186,10,15:34:50
1907,1962,15,07:38:36
2274,836,1,17:39:53
2199,1867,10,08:16:00
1818,1844,19,05:19:18
1552,1397,8,06:48:28
304,2356,16,06:15:54
2308,2982,20,13:37:57
2126,1406,13,12:59:50
1962,533,4,20:21:19
2371,250,18,12:30:27
2328,795,13,10:25:30
1857,988,17,13:38:51
562,1461,7,14:33:32
2269,2906,8,15:31:36
1121,2775,11,11:44:30
1762,1499,9,13:18:17
2986,2619,17,12:40:04
2973,2110,8,21:43:06
56,1250,15,09:36:45
1282,2705,18,11:03:51
1820,733,15,14:23:07
1389,1916,6,16:23:57
1583,1351,20,20:34:30
1437,2244,17,21:37:17
360,1645,6,15:09:01
2381,645,1,04:52:12
2886,145,13,11:09:33
1265,2908,7,10:07:58
955,1148,1,00:11:34
362,330,16,20:16:51
2298,1905,20,01:05:59
2259,1996,6,17:53:51
55,1488,18,23:30:01
2715,1482,13,21:09:21
537,1745,16,03:23:17
2053,1680,17,11:49:21
209,2471,18,16:28:24
1356,308,1,05:10:46
880,1513,17,18:08:10
265,1209,5,19:54:41
714,2075,12,21:22:37
369,2283,13,05:14:19
2942,811,10,09:01:29
2278,1789,18,00:04:53
801,1946,1,07:43:44
2452,1693,17,12:34:31
1296,948,15,13:25:44
2807,595,17,13:06:12
1267,331,5,18:55:30
1126,2964,18,05:18:09
475,744,6,07:58:27
510,996,18,19:39:37
2428,1366,15,05:31:15
735,407,14,16:53:31
61,2705,8,06:25:44
1515,1752,11,21:04:42
2629,1978,14,02:14:27
2090,2061,2,08:21:30
285,2203,12,21:20:23
1409,356,8,22:05:45
2524,849,12,04:32:33
2023,62,14,13:17:16
2279,2278,19,06:36:39
1370,2871,3,07:05:08
640,2074,18,15:44:26
2164,1552,14,14:35:28
2462,2606,3,14:50:27
2186,971,14,20:25:14
1704,99,10,20:21:42
386,490,10,00:33:20
812,1120,5,18:50:42
654,320,17,08:56:14
1695,45,17,13:15:57
2377,1038,13,10:35:22
1899,1086,9,09:37:51
775,1652,12,03:40:18
1883,1577,16,13:27:54
934,453,12,06:26:34
1617,2993,16,08:00:20
2690,1572,12,15:51:40
431,265,13,19:30:20
10,1725,15,01:12:50
90,1208,17,08:25:44
2336,1659,8,08:36:58
2017,2439,10,23:09:46
839,1628,18,19:38:18
112,486,15,09:56:01
940,254,18,15:18:28
1168,2957,10,06:54:31
1,2810,15,14:24:30
1916,1981,8,15:20:31
2155,1449,11,20:50:10
1976,2508,16,07:02:00
2756,2116,8,15:31:37
895,2447,17,11:43:10
2864,467,7,01:42:11
2510,2804,3,18:08:49
2327,1448,7,09:42:00
2066,1836,2,13:48:52
927,1413,14,05:41:09
2422,1279,12,23:31:22
504,937,16,11:43:31
1021,670,17,17:36:34
2211,2369,13,13:05:35
991,1118,5,01:33:23
2275,78,17,07:41:14
2006,1638,17,13:44:30
2967,609,4,16:53:12
1620,1803,5,17:31:14
1835,710,12,11:51:19
2060,2324,4,02:52:51
1565,2582,14,17:38:44
1008,1345,14,22:12:40
269,469,1,18:20:28
847,1459,20,13:18:23
2017,2782,2,19:32:24
1923,2558,2,00:35:32
2944,762,5,06:26:30
439,2302,2,03:26:43
2042,2582,9,22:58:47
2891,1991,13,01:38:52
172,2116,3,03:39:04
1625,2791,17,22:07:55
217,2416,13,00:49:52
1848,2415,13,15:38:25
510,439,1,19:38:52
2569,1792,10,08:03:35
220,2730,20,02:05:50
1096,2634,11,23:58:28
2895,2722,2,16:59:28
804,2079,9,17:24:29
1779,1772,3,13:38:21
1194,1583,3,07:45:55
107,2201,19,01:51:03
2837,2963,10,12:47:11
2456,2257,13,16:20:21
2866,2148,12,11:13:14
1122,1699,13,22:03:29
2007,2534,16,08:13:41
646,642,14,01:57:54
148,2578,14,14:10:47
538,2640,8,19:40:20
771,1595,14,02:49:11
208,1566,1,04:15:26
1558,2317,3,18:45:32
972,1306,20,14:35:23
607,104,7,23:46:40
1731,2957,17,12:54:08
1299,692,7,02:35:23
925,2820,6,02:12:20
1956,2653,3,03:36:50
1401,2391,15,11:37:44
2112,596,2,07:37:34
2566,1820,18,09:40:17
1942,695,11,00:39:04
1075,1367,9,01:36:48
2282,468,18,18:13:04
97,1681,2,03:45:23
470,2350,9,10:11:07
2799,2629,15,07:38:31
1908,2026,6,08:12:32
2819,1806,16,14:58:51
2892,1517,5,17:52:45
246,2707,17,08:44:59
580,1022,10,14:59:03
1973,1028,20,07:56:29
1262,557,20,20:25:37
674,2884,4,01:19:34
1939,2290,18,20:44:03
2096,2749,6,18:36:08
444,2735,3,23:13:28
770,2664,14,10:07:31
396,1940,16,17:00:35
734,1424,11,17:17:58
158,2860,8,21:10:59
2981,780,20,13:21:41
2817,2869,17,19:43:54
1549,190,10,02:21:27
1671,1455,2,10:07:44
1671,656,16,23:04:05
881,1804,18,16:55:46
1982,1079,5,04:27:09
533,1119,6,12:06:14
2152,47,7,03:04:46
323,444,17,17:35:36
1254,178,9,10:00:58
2441,2744,13,12:17:55
2178,1106,10,20:07:07
1384,454,9,23:25:13
1305,1225,7,09:56:19
1597,93,17,06:47:15
2647,317,19,04:36:48
1496,849,14,17:20:31
2874,2909,18,20:26:55
2092,2051,4,16:31:37
342,449,8,23:27:22
2669,2835,15,08:53:41
1362,2502,4,11:01:30
1810,2718,18,23:38:10
1763,1332,6,05:13:57
436,1829,15,05:26:03
2475,2598,12,07:43:13
2334,2576,6,04:30:54
1346,2374,11,15:49:52
1445,1862,5,09:07:39
173,2328,18,16:16:08
1935,2454,13,10:08:21
1865,2770,12,21:05:29
493,794,16,06:50:07
2342,1595,19,07:47:23
1185,1723,16,08:07:55
1268,259,11,04:45:10
1368,675,3,11:58:48
2195,2757,8,14:38:55
2067,294,16,02:54:43
578,1957,7,14:12:42
156,2048,1,12:10:33
542,696,12,02:11:42
2433,21,8,04:38:19
90,2858,13,07:42:34
1826,883,9,22:03:16
465,1128,16,13:21:18
2975,889,5,10:16:10
1182,2017,17,22:47:05
248,307,8,10:00:07
2673,194,19,02:39:20
1440,1627,12,20:57:35
1739,73,11,06:53:43
1539,133,19,05:38:23
410,254,12,07:46:41
2431,2485,13,02:37:43
395,2782,15,17:50:55
381,1827,16,14:50:45
2713,2478,3,12:56:47
1322,1616,12,11:18:15
1981,153,17,13:01:04
1210,373,8,07:07:25
1450,1634,18,18:44:50
409,2471,19,03:14:36
1636,552,19,12:43:22
947,2697,5,11:08:01
219,1546,13,10:19:16
1089,1333,2,06:16:38
1654,1618,10,01:30:11
492,603,16,23:12:11
1601,2667,14,05:00:08
2117,2196,1,06:50:54
173,2271,11,13:32:46
2587,2231,7,15:55:39
1097,1404,16,14:12:58
609,1605,15,18:57:42
326,1446,4,10:03:24
2721,2420,4,02:12:35
324,1543,10,21:00:53
583,2466,12,05:12:39
2796,1336,10,09:31:58
557,599,18,19:44:56
2752,903,19,15:30:32
2179,286,14,14:49:23
2522,998,10,04:17:41
859,108,1,01:43:11
2449,2488,15,13:46:42
1824,53,5,11:53:43
2754,1621,11,10:06:02
1803,1333,5,06:47:01
980,2304,15,11:13:39
2913,76,11,19:50:35
1194,214,11,21:21:01
265,1447,4,16:42:32
778,2190,4,20:12:52
1470,1073,18,00:45:43
895,1888,3,22:33:27
1077,227,7,12:33:15
1787,2356,4,19:04:56
2651,1745,15,13:05:56
102,1297,16,00:03:35
610,403,11,06:18:51
2075,1382,14,02:21:41
2773,2549,20,16:10:22
98,490,9,00:53:11
1853,274,3,01:51:01
2477,1144,1,07:11:06
2862,1512,1,17:03:57
768,772,15,06:53:31
249,1998,19,06:06:47
2890,304,19,22:58:36
2203,389,18,00:57:58
1417,2011,20,08:16:28
1447,1925,18,00:41:50
430,2007,18,10:25:23
2339,1521,7,00:08:23
2329,285,10,12:26:07
2496,618,7,21:34:32
1837,9,14,13:16:45
121,2556,19,07:17:18
946,1609,17,06:30:12
707,2701,12,15:07:32
879,1297,11,03:48:31
2051,629,2,02:07:16
2762,573,16,11:14:31
938,2070,3,20:41:43
1011,1429,3,02:52:01
904,2864,10,21:05:19
924,82,16,04:45:05
2487,542,10,06:50:06
370,397,11,23:33:44
1539,408,12,09:39:00
808,620,1,00:09:04
2996,1096,19,21:47:40
1353,1880,9,01:15:26
1349,995,5,10:01:50
2565,2319,20,06:12:27
1964,1911,17,13:38:19
2663,1082,12,16:33:02
1365,937,8,06:45:01
2290,2885,10,09:03:47
606,1194,1,10:17:36
228,213,1,21:28:54
344,259,11,22:19:47
697,750,4,07:17:00
391,586,15,10:38:40
2634,424,15,11:32:10
1672,2643,12,18:36:32
2765,1136,9,03:44:45
1438,1635,19,06:07:37
2412,1362,16,12:35:45
2158,2746,20,14:46:35
897,2781,3,15:00:20
1433,1022,19,00:00:24
1743,217,3,06:51:00
1116,1835,8,15:24:09
1523,1100,20,18:33:22
1537,125,2,13:17:29
1767,166,18,12:42:52
930,2867,13,05:38:45
664,925,2,02:20:34
954,2384,17,20:40:56
2974,1723,3,01:59:35
2289,1885,4,13:14:20
868,2545,9,20:31:06
2384,1423,17,14:43:56
91,1465,9,08:42:13
88,975,3,02:52:29
39,1654,16,22:44:29
1454,1173,2,14:53:58
259,2000,17,16:46:56
1433,712,11,23:55:20
2247,462,12,20:31:51
407,1481,3,15:48:26
2437,1450,11,16:36:25
1021,779,10,09:02:30
236,1492,2,16:11:41
689,1435,16,10:49:04
1932,2607,14,18:30:21
2369,37,16,10:50:04
532,236,6,21:02:18
1563,34,18,10:59:38
2195,58,5,02:01:59
1438,2566,18,17:02:43
2169,1736,18,08:55:20
2873,1986,12,02:43:45
269,1569,2,17:24:24
1709,949,3,03:48:51
810,404,1,05:53:00
536,1983,16,20:51:51
512,2559,17,10:41:29
2907,2073,17,20:57:13
507,35,4,20:02:03
1116,2690,8,17:57:21
2656,2672,17,06:02:13
1587,1178,7,19:55:07
1123,2290,10,11:27:00
2584,976,9,23:02:13
519,1871,1,14:25:29
303,2339,13,08:13:31
814,213,6,21:11:08
2494,854,5,16:29:42
15,2399,11,11:05:18
1781,1564,8,19:50:07
2976,1922,14,21:44:13
858,1445,4,18:10:11
1815,2249,13,05:51:17
1653,1656,3,10:43:20
870,2503,3,14:19:54
2174,2529,15,09:43:01
1144,1107,7,00:39:15
2764,733,11,21:01:49
1127,2117,15,02:01:41
1794,1223,2,17:15:22
2657,1265,20,12:35:43
2360,409,14,03:49:54
121,241,16,08:30:01
1122,45,4,08:26:23
2508,2811,12,09:09:15
1216,1305,8,15:00:27
2576,1952,4,09:37:48
2141,1523,20,04:37:33
2812,803,12,09:36:17
379,412,1,22:10:43
33,2811,2,21:19:14
2551,2674,3,07:25:37
2800,2273,18,02:36:57
2510,2505,8,05:57:56
2559,2347,4,07:57:10
316,1597,15,11:43:45
1028,1222,8,20:13:07
1700,834,20,14:40:20
1964,1368,18,11:43:54
1731,752,17,22:38:06
2229,2020,13,02:32:32
1212,1175,12,00:33:54
2583,434,2,10:33:07
278,2147,5,18:54:48
2633,1590,8,20:37:05
2524,1428,19,10:32:24
913,2008,20,16:38:35
1822,626,2,06:04:58
745,2115,20,18:26:17
1437,1079,16,03:08:43
950,451,12,08:32:34
989,2184,2,09:02:32
1736,2549,15,09:57:19
2817,2054,13,21:58:53
500,363,10,04:08:55
2092,2163,18,16:08:18
2684,559,20,14:32:27
1916,966,2,23:51:58
581,2328,7,01:26:04
627,40,9,07:49:05
793,1822,4,14:00:59
68,649,6,09:01:55
198,1376,13,06:18:13
2498,2874,6,15:17:04
2572,2216,7,08:33:56
611,1706,1,21:51:35
943,2398,5,18:56:37
1453,882,15,14:31:34
479,858,6,07:17:34
304,293,20,08:29:51
2643,1629,2,11:11:34
2506,586,14,08:20:13
1653,1864,3,12:05:05
2364,842,13,12:29:04
587,1832,14,09:21:13
2784,242,7,07:09:52
1620,1298,8,23:49:45
1100,851,12,13:48:27
910,245,19,20:56:28
2878,1791,19,17:54:34
47,1273,14,16:20:33
111,1961,15,13:26:23
142,612,4,05:52:34
2834,1590,6,13:31:39
2542,1700,8,13:16:04
2582,2234,9,00:09:02
811,1600,15,11:26:09
1150,1448,5,06:49:12
1892,771,8,06:08:25
1384,2080,13,07:33:14
1836,93,10,13:26:37
700,1700,11,13:20:02
459,2701,1,00:24:35
1025,2972,4,02:58:30
1329,787,6,21:08:52
2358,1799,4,23:35:02
1994,2765,8,11:58:21
539,2766,15,16:09:11
1622,2767,5,03:12:17
1098,2385,14,01:31:53
528,1422,18,06:30:43
1302,493,20,23:45:30
122,505,2,01:14:42
1511,1377,18,04:08:57
1056,652,4,14:12:31
1542,926,3,19:02:59
2977,1063,7,14:32:52
1034,2503,3,07:24:28
521,2334,13,01:26:27
2146,884,3,22:54:01
1267,1239,13,06:33:56
1817,514,4,04:33:44
1745,2111,11,13:34:50
802,2946,18,14:21:59
2099,1070,5,12:06:58
1126,132,3,21:52:22
2290,291,16,17:25:52
2491,1224,18,18:56:56
1978,1457,7,15:15:59
1948,1988,15,16:31:19
662,1793,2,10:52:15
1891,121,2,12:18:16
2754,278,2,09:31:52
768,2686,2,16:21:56
2480,2761,19,20:10:48
1867,2987,11,01:33:58
2526,448,12,14:56:32
2782,126,19,21:01:31
1569,2453,17,14:52:30
101,1678,10,01:33:52
639,2771,1,11:07:11
1214,1208,8,13:08:05
1219,2118,14,01:41:43
1937,1952,10,02:33:09
3000,1242,19,03:00:48
62,2344,4,01:32:08
1550,2054,16,21:13:53
1582,100,8,10:35:32
422,833,6,10:00:39
2058,1241,5,15:36:52
1196,1658,9,17:01:36
2304,1064,2,15:35:47
1101,1761,3,13:17:32
622,2383,5,19:30:19
661,356,4,11:37:10
90,1399,16,15:46:53
2896,2215,20,12:09:53
2828,859,15,19:05:15
1525,1655,11,04:48:30
2972,726,10,01:13:34
1717,2983,9,06:49:20
730,801,5,17:21:24
637,1314,14,04:23:13
1349,110,3,23:38:16
2186,140,11,05:36:59
2661,422,20,08:07:26
1571,2212,8,22:28:57
419,648,18,14:11:46
146,577,16,23:57:44
2457,2009,12,12:05:18
497,1380,10,16:36:38
1573,1958,5,12:39:57
1218,1987,2,17:43:03
2813,1039,8,16:20:21
1292,2410,4,16:01:50
1288,2055,19,06:27:17
2508,2141,2,15:42:19
929,2784,14,12:48:35
856,1128,11,06:10:33
517,2454,18,02:00:34
2253,1994,4,09:42:11
278,1443,14,20:08:02
242,942,9,06:51:34
765,2845,6,08:21:39
1433,1248,18,21:08:17
851,2610,8,16:33:47
806,104,15,16:32:20
2453,863,14,05:29:40
382,2146,13,01:40:57
635,1369,14,07:19:45
2753,897,1,00:40:03
225,2005,5,05:26:38
1690,1601,7,17:25:18
2683,603,9,03:41:25
1797,989,12,14:45:05
2936,1105,3,13:34:21
2828,2941,14,13:14:52
1490,1365,2,08:00:59
1207,560,19,12:10:08
2765,127,20,00:07:13
1795,2361,4,06:24:30
443,2752,6,17:34:43
1259,2182,18,07:45:08
2751,2295,5,21:28:52
211,2414,16,23:43:21
512,2235,13,23:13:20
2960,1384,17,19:42:56
2921,1043,16,16:56:17
2070,1435,11,18:27:19
2557,189,19,23:17:02
611,1459,20,06:38:46
2708,2607,3,19:19:53
978,548,9,05:24:03
2471,709,15,06:47:05
598,387,12,10:14:25
203,1818,5,08:50:47
1162,2761,2,23:00:29
1417,374,17,01:09:55
1776,1890,5,08:43:31
246,2385,11,13:04:45
2934,1313,20,11:13:06
1313,177,18,15:53:10
982,1311,13,07:18:55
249,962,3,13:26:26
1112,1867,12,19:09:24
797,561,8,07:31:44
1313,1953,6,03:11:44
1464,1548,3,09:04:57
255,1304,12,19:30:04
284,2262,4,22:15:19
2515,315,19,09:21:53
1016,2149,3,12:14:19
2326,2884,16,05:20:17
64,2816,1,04:26:45
1212,599,9,18:17:12
2263,2882,10,04:29:23
1141,2920,2,14:10:40
1607,2259,14,04:19:37
1945,1601,5,10:35:34
2340,555,9,02:58:27
1524,2621,17,10:35:36
2496,1969,8,03:29:34
936,1158,2,02:57:08
2256,2187,1,17:02:51
907,2826,18,15:50:03
503,690,10,11:57:28
2720,1891,6,00:23:57
201,1859,2,20:10:49
1503,1124,17,14:07:06
52,1177,18,07:58:20
1959,2034,4,15:21:04
1397,1162,14,02:14:37
432,1253,8,01:35:48
792,825,7,07:32:10
1719,491,16,17:55:16
2154,689,11,13:28:13
2862,1355,19,20:58:52
1928,935,13,15:45:15
2166,1619,17,07:02:59
1130,116,19,16:42:16
121,154,3,15:06:06
1922,558,2,11:16:30
1123,1859,7,13:20:59
796,2952,12,00:24:48
1278,801,15,19:45:21
1964,1429,3,00:57:40
1880,679,16,01:10:41
631,1382,17,14:47:59
691,1609,19,10:53:51
1616,2900,3,20:04:04
73,2225,11,01:13:43
2332,1798,5,04:14:09
2199,2425,9,08:01:13
1884,2027,13,07:46:12
146,1004,17,02:16:58
1197,660,6,05:12:48
2244,1251,19,20:15:36
2267,1206,4,08:37:36
91,2765,11,04:57:52
2877,1434,19,13:10:43
879,2831,15,13:53:26
1401,2058,2,11:23:24
234,2054,5,01:35:11
2798,239,12,19:30:53
1070,464,17,12:05:20
1429,2210,19,03:16:51
1752,2950,2,03:54:53
1085,1011,18,14:43:11
95,2762,3,01:40:05
561,518,2,16:14:19
1210,2887,15,03:40:03
1302,2137,1,16:44:39
2819,2288,9,11:51:36
695,2977,2,22:59:10
2459,90,5,11:59:54
980,1721,20,19:49:56
862,1470,18,13:12:02
1176,281,10,14:12:26
2295,1482,3,23:13:58
898,1774,1,07:58:18
1221,940,8,13:03:04
1991,244,10,01:01:08
2435,355,12,05:52:27
2595,1409,5,06:49:12
2674,451,2,19:27:02
2918,1444,5,00:46:06
1920,2623,17,16:37:19
601,1977,17,08:09:22
2979,1261,6,08:30:27
857,216,2,15:22:13
1835,1041,7,12:33:18
561,1424,16,08:27:11
2531,1170,3,04:37:14
1996,1218,1,22:59:49
588,1995,1,22:13:31
1883,2537,12,21:16:24
2672,2979,19,15:26:36
913,222,20,15:55:13
2307,2372,9,15:57:13
815,1646,1,22:27:55
2086,2800,12,20:32:31
1929,1141,1,11:03:42
413,1443,11,08:37:56
2661,571,17,03:44:38
62,1986,14,01:54:30
2233,316,9,01:46:22
2040,195,2,17:43:04
94,2631,4,16:20:53
947,2073,5,16:06:34
2353,2562,11,10:33:12
2423,513,15,06:46:59
86,410,10,05:48:11
2284,2123,4,09:58:56
1728,107,15,09:30:12
1449,670,16,10:38:51
1084,889,14,23:06:35
1584,290,15,21:23:52
392,1118,20,22:58:14
715,2843,19,03:25:34
398,2348,4,21:54:24
21,471,7,00:22:45
624,2698,18,19:34:47
1291,1239,2,10:05:20
1534,1102,16,19:10:14
1859,1638,8,18:19:14
400,2821,19,00:17:54
495,2068,6,01:03:58
2073,1051,18,02:10:41
2238,2122,3,11:24:25
1542,802,17,20:03:45
1597,1817,3,06:51:37
694,5,17,20:50:40
1500,2943,12,09:07:00
1064,1617,15,20:22:05
360,1382,15,16:26:51
1127,2381,17,01:41:20
551,1054,2,08:45:42
2958,2112,2,13:53:20
2500,2388,16,09:20:13
2886,72,17,10:07:49
294,497,17,19:59:05
567,564,17,08:10:18
787,460,15,13:34:46
2596,2019,8,18:56:20
2881,2680,20,14:48:50
2261,889,3,15:53:31
545,2951,3,01:50:57
1566,1141,20,07:13:07
296,754,7,16:42:07
2047,2016,20,09:27:06
1807,2746,10,09:42:58
905,2195,3,12:33:42
1412,1916,11,16:25:33
1297,2935,16,08:49:17
243,1104,11,09:38:38
801,2050,3,02:17:03
941,179,10,07:24:39
1973,2242,17,09:21:59
612,1062,17,17:41:44
987,2732,7,10:29:35
989,2957,17,12:25:08
690,2611,8,11:58:24
656,701,7,03:36:10
2571,1319,16,13:23:37
2447,940,17,23:44:17
1963,1263,11,09:41:20
2768,2897,9,01:30:55
799,2199,11,16:14:31
2345,1497,6,19:40:25
1638,1752,6,17:10:06
1761,1760,8,09:56:22
2758,2800,5,16:27:33
632,1803,3,20:13:37
1126,374,17,22:12:36
2920,2245,4,07:56:44
894,2986,5,07:48:56
980,1586,3,04:40:52
1911,2739,15,05:25:40
2699,773,16,10:51:24
458,173,10,05:52:38
2301,818,4,21:08:39
1525,925,10,08:09:31
2331,1122,4,12:58:27
2066,119,17,14:59:37
2662,2056,13,12:27:34
2186,632,5,22:49:30
2641,2010,11,05:40:17
2865,1515,10,11:32:58
1726,46,10,08:59:23
1306,641,18,08:20:44
2103,974,7,13:27:54
221,699,17,01:19:51
2224,459,6,01:11:48
2305,679,18,15:57:34
1595,1092,12,04:50:50
1175,1721,12,14:03:01
2119,1813,1,00:26:18
2535,1849,9,09:31:45
2071,1196,14,07:04:40
2887,2046,19,15:48:06
1859,759,7,20:27:57
687,1337,14,07:37:14
2469,2301,14,13:49:34
25,2924,14,11:46:11
451,2676,13,17:59:00
1952,2980,2,09:03:45
202,2132,7,23:53:11
2247,2764,9,22:56:32
1487,2753,2,21:05:46
2749,419,1,09:04:09
108,488,7,09:02:41
2779,1742,14,03:13:25
2365,571,14,05:37:42
2846,2913,11,04:18:09
990,2690,4,03:09:39
1454,2282,1,04:31:03
2198,608,17,20:14:28
1381,672,1,09:21:38
2971,725,8,21:51:08
1363,1300,20,04:50:12
2493,1588,19,04:11:34
932,2141,14,15:35:45
1995,2721,15,17:40:58
2790,1546,12,06:25:20
1290,2766,17,11:53:21
1784,1480,9,16:35:13
2642,2947,3,13:07:22
1368,2987,15,23:55:02
858,1534,14,12:27:14
2741,2674,11,14:12:21
2448,1983,2,03:43:56
1884,2283,9,03:17:31
1768,1847,5,17:59:25
1164,1953,14,10:03:33
1990,2966,17,22:19:54
1797,2465,3,23:48:50
1222,2175,9,10:48:59
1315,1596,7,09:31:57
2172,2584,20,08:04:10
362,1059,6,23:54:54
2551,2878,13,06:32:23
138,1592,18,11:21:34
2702,2027,3,02:50:31
1587,2933,2,18:02:21
2106,1232,10,06:48:12
1563,2935,9,20:19:27
2321,2435,5,00:17:36
2254,731,13,08:49:23
1937,2582,12,20:08:54
2609,1687,2,02:31:05
649,2862,14,09:51:45
297,823,20,06:09:45
533,1199,13,11:56:28
2196,1320,14,16:36:05
39,788,17,16:10:27
1555,416,3,12:17:05
495,1129,6,19:21:24
321,1626,8,02:06:26
2951,1269,14,04:41:34
827,907,14,14:20:09
2460,2197,9,20:43:54
2014,1047,12,02:25:53
2540,2981,9,23:28:29
1067,863,6,11:49:21
1541,1288,1,21:44:25
1509,2383,6,18:49:04
676,1114,9,15:05:42
256,1064,18,03:51:49
1656,1261,1,14:43:36
1195,899,4,05:57:29
568,88,3,22:33:05
2801,1518,12,06:37:33
151,2650,3,12:16:52
1098,1768,9,06:28:39
1230,1887,5,16:05:40
2656,709,5,18:11:29
932,2441,10,17:40:31
1390,2650,10,22:39:17
1473,488,14,19:52:35
876,2007,7,14:45:13
363,2164,2,16:29:41
776,1332,17,08:22:15
2554,215,18,05:15:35
2940,1808,12,22:46:24
1075,1445,17,18:50:02
1331,689,17,10:55:17
2689,201,15,04:43:48
2813,2209,4,14:31:08
1584,1175,8,16:40:51
2971,902,1,23:48:46
1786,1216,4,10:51:21
2808,1571,18,19:34:45
1685,1826,8,02:37:49
528,1202,10,09:17:47
1820,2149,6,11:31:42
1670,262,13,14:35:19
591,227,12,07:11:43
1922,351,20,06:49:46
1936,779,1,09:08:23
779,2382,15,22:02:25
2107,2846,3,20:14:43
1135,2513,4,17:54:15
2662,1198,20,14:38:18
2024,1021,1,20:04:09
598,1149,7,15:48:46
1512,2931,17,16:56:06
805,2594,7,00:09:19
2832,1418,13,11:16:37
1722,2555,9,21:09:49
2885,2447,11,09:19:38
1363,1551,4,13:46:48
681,2887,4,09:44:35
1088,644,14,12:59:18
805,141,2,00:26:27
13,1420,12,19:18:39
1221,75,8,23:55:59
812,2934,17,16:36:12
763,2781,16,22:54:12
1781,2269,9,16:51:32
2956,1335,15,20:54:45
965,1741,3,23:52:05
1543,1788,12,10:47:07
600,2076,12,06:10:10
2951,40,7,11:13:39
1482,2943,15,09:17:39
510,2879,7,00:02:07
2834,1653,15,21:59:43
560,826,19,02:46:07
2807,816,1,20:03:17
2096,760,6,01:35:15
915,2422,1,09:09:31
2025,311,7,03:50:16
1096,818,1,04:52:33
2682,1863,5,20:48:26
2369,252,13,00:37:12
2601,2957,20,19:30:33
2756,2344,16,09:20:52
1127,1747,7,00:54:28
1222,990,12,02:25:26
385,1902,13,00:10:33
2043,2208,5,23:56:10
1974,2923,2,04:31:24
2110,1554,20,20:23:32
2632,2427,13,23:17:49
1471,855,9,02:37:27
662,1009,3,06:12:04
789,1961,1,16:36:42
1887,1199,13,09:45:30
1748,2146,1,06:41:22
381,938,17,08:23:40
640,2655,9,18:03:52
2890,2921,5,05:01:59
2626,2659,12,13:07:26
1730,645,20,13:37:54
329,2936,3,03:18:37
2678,2884,18,13:11:48
797,2831,5,11:44:29
2551,2759,3,20:05:42
1585,1634,7,22:56:48
1544,1170,9,05:09:09
1285,462,3,03:22:30
1017,1774,5,10:28:24
2876,1137,8,20:47:29
592,1742,19,20:50:23
921,2463,12,02:19:35
1249,31,13,14:59:45
1810,1889,14,20:07:36
1181,558,3,22:32:52
1268,1718,6,15:34:24
304,699,5,00:33:28
433,2604,16,05:47:38
933,620,13,10:23:02
1582,525,6,17:12:02
2871,193,2,06:41:18
2037,1264,3,08:23:07
815,242,9,01:21:24
1053,693,16,17:20:55
131,2969,1,04:42:19
1964,1299,16,09:52:38
2401,894,17,14:53:54
538,2859,1,04:44:13
2526,1978,7,09:41:04
33,2575,14,15:23:05
599,933,9,22:52:48
750,2,9,00:40:51
613,2418,18,17:52:57
2891,2111,18,15:37:21
483,1561,2,23:36:07
1754,549,5,04:56:13
1068,963,4,19:36:30
1398,365,3,04:19:52
430,1558,15,23:30:34
2016,538,18,21:48:46
2041,92,20,21:11:03
1685,1544,2,14:35:20
3000,2164,2,15:13:37
1340,1305,10,10:12:16
1202,635,19,17:08:31
1717,527,12,20:55:00
2465,513,15,00:20:08
2090,2663,6,21:31:02
1468,1006,12,14:15:37
2254,1269,7,03:34:54
2825,1865,19,18:20:44
1753,2377,7,18:59:46
279,2815,18,08:24:24
105,1660,18,11:28:10
2623,283,17,03:27:23
2650,2216,6,23:30:45
1659,1370,10,10:12:46
2142,2409,7,14:49:59
2008,419,19,09:29:16
437,2231,11,06:29:34
1210,2734,20,03:13:58
511,2669,16,19:39:02
1464,2550,17,05:14:05
643,907,19,14:12:50
756,816,10,05:56:42
413,2865,20,07:59:21
576,1638,4,05:42:37
1804,11,1,11:34:14
952,1349,18,21:14:08
2206,967,8,13:52:30
1282,2417,7,23:13:41
1844,2012,7,13:32:45
483,960,13,08:39:03
442,1207,1,04:27:38
2685,82,6,09:41:39
202,2272,17,14:37:10
741,507,16,21:46:24
308,610,4,15:14:27
2138,1395,9,01:56:58
2837,1940,14,05:46:02
740,2223,13,12:21:05
549,245,1,15:14:49
1382,2216,15,13:42:26
2819,751,17,00:55:18
2887,1790,8,10:07:29
1581,331,6,13:50:27
730,2986,1,04:37:50
1846,658,19,08:57:07
1880,2383,11,05:40:35
1858,2916,2,01:28:00
822,2023,5,16:06:12
2412,985,19,14:54:34
2473,131,14,19:08:11
1631,2912,3,13:23:19
2684,1162,13,14:26:01
188,2835,19,09:35:00
2708,1988,17,05:24:47
2542,2085,4,02:46:08
426,1422,15,00:13:02
1133,2803,2,03:17:03
150,1908,16,08:46:07
2988,1198,6,14:10:13
923,2055,2,23:51:30
1329,1170,17,23:41:55
2867,430,11,01:17:37
2521,2605,15,15:29:00
1766,549,14,00:04:31
2567,1603,9,04:42:19
154,1015,7,03:30:20
2695,317,16,21:34:45
639,1556,3,13:00:28
1693,1172,19,11:05:16
1213,2457,10,08:34:03
1262,1219,7,13:59:15
2388,2257,7,14:27:51
354,2442,16,07:33:14
2585,1810,7,13:29:08
2721,2193,1,00:12:16
2397,486,1,09:03:17
497,787,13,08:01:24
2170,290,3,04:40:27
1709,2530,14,16:54:57
1061,1850,10,09:55:55
2353,584,12,19:15:41
2754,2023,5,07:33:13
79,1048,19,14:02:01
1486,2283,18,22:09:29
2859,384,19,22:09:30
2777,990,7,21:05:04
908,2776,14,19:58:04
453,91,5,08:49:55
1829,909,8,06:20:13
1679,1934,19,17:19:50
2109,2440,13,21:43:05
1536,477,2,14:33:39
2327,2133,7,14:02:40
2379,1638,15,18:25:32
2393,656,13,05:40:44
1695,2303,1,23:05:52
341,23,2,08:45:49
180,2950,18,02:22:10
458,1253,9,14:44:47
717,2135,17,10:24:00
666,2575,11,21:56:41
455,2466,15,13:49:37
375,2982,7,20:28:40
864,804,6,09:57:32
2185,1567,20,11:44:54
530,933,6,02:36:04
502,1832,8,00:58:27
827,2084,7,23:02:08
2047,1347,20,14:37:36
2421,907,6,15:29:43
391,2054,17,15:25:00
1995,392,7,12:55:46
183,1832,18,00:28:25
967,2659,10,04:41:55
1985,2043,18,03:12:15
1696,2853,14,11:08:12
2430,887,8,15:32:42
2697,2936,17,01:52:30
1498,2627,20,15:28:07
989,2721,9,09:14:26
2767,9,8,00:42:41
2737,2844,4,08:53:53
1903,739,12,08:08:42
2755,262,9,06:05:17
337,723,2,23:36:45
2422,1994,12,15:29:28
838,2513,5,02:59:44
1976,1520,2,12:06:01
2795,2593,5,02:23:45
689,2138,1,18:46:28
1143,1800,4,20:26:14
2215,1861,8,14:21:44
1449,2256,7,21:45:20
897,2271,7,09:53:08
15,815,10,14:29:29
2407,2667,3,16:36:49
1455,638,20,19:45:09
38,1274,9,17:10:53
1684,484,16,21:33:42
2571,1306,3,23:24:51
23,1187,19,16:34:46
1314,1085,6,02:08:03
1833,1795,1,11:57:12
59,1136,9,16:54:49
1005,344,7,19:59:51
325,516,18,19:44:58
778,2667,19,16:16:56
929,1754,17,09:53:51
2288,994,14,04:44:33
295,924,20,05:25:25
2401,352,14,22:14:29
2981,2653,14,05:48:12
1795,245,19,06:55:45
135,996,9,13:48:26
576,294,16,04:12:28
2528,2803,13,19:26:01
1338,1242,1,17:49:07
1850,1518,19,00:20:08
1034,1010,18,05:58:07
2988,2813,20,09:36:45
687,1963,7,01:39:53
978,1392,4,22:10:02
1122,2284,3,06:02:05
2726,2588,14,13:03:14
2246,1235,16,09:13:06
1964,496,12,01:24:48
2401,2947,2,15:16:46
2841,2494,5,08:32:02
2006,1485,9,09:26:13
1915,870,1,14:21:13
2940,1499,12,21:11:08
2302,1321,1,10:30:15
42,134,11,21:56:54
1274,563,4,13:22:08
2995,2044,7,11:34:22
377,1456,19,06:20:47
2774,760,11,08:19:36
661,1400,9,23:26:29
1490,801,4,21:06:39
631,1362,14,22:42:03
1590,2356,3,23:38:42
901,2418,18,17:55:13
2485,2459,1,19:54:01
8,471,14,03:18:14
4,876,5,04:27:35
2554,1443,7,15:48:38
367,2474,19,17:12:39
684,694,1,07:18:01
1136,222,12,01:08:13
2796,2688,19,04:40:44
114,2938,20,15:40:10
2412,2658,1,01:46:54
2177,1105,6,13:45:32
1483,1012,12,07:43:02
1904,399,8,13:03:58
2509,2209,7,05:22:29
2999,488,4,06:58:08
2701,553,7,01:01:47
152,2621,15,15:56:03
1191,2376,4,11:59:23
498,2170,11,15:12:40
291,258,10,16:51:24
2878,267,8,20:35:54
294,2079,17,10:20:36
324,1199,16,03:02:03
494,2378,8,09:51:29
1361,2793,13,22:42:02
802,2650,15,04:29:41
2116,2391,17,06:33:01
1719,645,7,23:18:25
372,247,4,07:27:23
2522,271,18,22:07:43
2942,839,9,06:33:23
1632,285,14,10:53:04
1352,1774,6,02:18:26
395,1747,8,10:26:53
2146,43,2,08:53:39
186,1154,12,10:45:23
2116,1408,15,00:06:54
459,1636,3,17:46:18
149,1030,16,04:18:40
2468,2938,11,03:32:27
850,2260,12,01:23:39
1815,299,4,05:36:59
1409,119,3,13:58:57
1940,788,13,01:27:18
1719,1543,8,04:10:53
1264,51,4,11:10:34
2111,2890,14,05:29:52
432,437,14,09:37:40
2809,1773,12,20:55:54
1558,1886,10,18:23:36
1814,2941,15,19:21:41
1581,1063,1,05:46:04
2451,2271,15,01:41:35
1653,492,18,01:22:31
2702,565,11,19:44:09
499,1449,4,16:30:55
1379,2133,19,22:27:28
505,1965,14,20:12:46
941,2897,8,01:28:26
2235,292,12,08:05:23
1366,2357,12,23:19:12
1469,2394,18,17:39:12
1162,174,2,08:26:40
2745,780,5,15:48:35
331,2439,3,01:54:58
2796,1570,11,17:52:40
2956,2111,11,07:52:18
1931,2274,3,20:56:58
2993,164,20,06:33:18
2487,656,3,08:24:43
1338,1239,19,21:16:16
1092,2368,10,18:19:17
1618,1511,14,04:54:51
1856,1890,15,06:33:00
2099,25,3,21:10:48
1267,569,20,05:47:35
1282,2503,13,17:18:16
908,2816,20,23:56:00
1715,2768,18,02:41:25
2247,714,12,07:18:56
2824,1252,10,10:49:03
2733,2026,10,05:09:06
1172,781,15,23:37:20
2862,1942,20,06:15:44
2429,2425,9,21:39:00
1291,907,3,08:50:11
1896,1019,19,00:12:50
2638,2064,6,10:39:56
2750,91,2,02:09:35
580,196,4,09:06:33
200,30,10,10:06:07
2436,223,3,18:28:23
2991,2809,4,03:11:15
718,71,20,23:34:08
1616,53,3,11:51:16
765,663,4,00:12:13
356,143,18,07:29:49
2233,900,7,22:12:24
222,441,16,09:01:05
2271,613,10,16:36:03
593,1624,18,20:06:21
829,1963,13,03:53:08
2428,116,11,01:14:29
658,2660,2,13:21:45
374,1585,16,04:54:31
1899,1169,20,18:38:38
1974,1578,17,15:46:11
342,221,8,16:59:55
1258,122,19,02:42:06
2133,111,2,03:06:20
1388,906,12,10:10:42
2902,1562,11,07:32:33
2929,1834,10,04:42:17
819,2724,7,15:16:44
674,97,4,10:12:52
224,605,3,00:42:58
2696,2741,19,19:00:55
925,262,17,12:42:34
2985,1895,12,15:54:21
1834,2963,7,19:24:05
980,2104,5,13:32:12
2786,890,16,01:37:49
1451,2320,5,04:16:34
2144,205,5,23:17:49
2077,2714,8,01:15:04
2654,2622,16,18:56:01
2471,1085,2,07:59:13
836,1154,20,23:56:33
1902,631,6,04:41:50
1665,2307,14,21:52:06
2804,2148,10,04:39:42
2375,2695,12,16:16:20
352,2459,9,04:28:02
1249,1567,15,20:02:08
517,2133,3,08:58:27
1124,1926,8,11:35:15
514,838,3,17:50:00
2718,1819,18,21:53:03
820,917,3,09:21:34
2529,2748,12,16:50:23
592,2420,9,15:41:26
1721,1930,15,13:50:37
1344,2592,11,01:27:58
1467,2677,1,06:13:45
1363,812,12,06:49:12
2370,2454,20,18:58:43
1389,1967,13,16:19:29
2754,2972,9,02:16:30
2365,2060,6,19:55:35
545,2751,12,19:32:08
10,1145,13,03:44:59
376,2269,3,10:08:43
1898,2410,19,19:36:58
2865,1538,20,03:11:50
2277,1149,15,22:58:53
1459,351,14,05:38:45
290,2240,12,23:44:37
551,2881,4,15:44:49
825,1534,5,04:04:52
1068,192,20,09:16:15
1484,1301,5,23:54:12
1506,1764,5,12:16:48
693,852,18,14:55:45
1503,526,3,18:36:27
1792,497,19,18:20:41
252,788,17,16:29:45
543,2258,19,17:45:29
647,2911,15,09:57:04
1795,661,14,08:46:01
2113,749,1,15:11:39
2068,1099,10,19:10:21
1296,2973,1,09:09:54
2489,3000,18,13:03:28
734,321,2,01:00:15
628,2580,9,08:56:08
2867,749,7,13:23:06
1319,1010,4,15:17:03
888,3,2,13:51:14
1991,2677,6,21:30:01
1562,265,16,18:02:18
504,2709,17,13:18:49
508,1651,5,13:12:49
2768,168,3,21:19:27
1381,372,1,06:51:12
2609,301,15,07:00:26
2027,364,12,03:01:15
1211,673,8,13:52:56
1112,1004,8,09:39:00
995,2435,15,23:42:47
1762,2920,10,18:25:52
13,2608,8,10:12:06
1733,32,7,17:09:01
2924,2610,5,15:05:53
834,474,13,10:34:41
2495,947,8,13:39:55
2384,347,7,19:05:45
1310,136,9,02:41:07
233,858,7,05:26:09
2086,1292,7,00:44:36
704,1665,15,06:46:45
1457,570,6,12:30:13
2825,303,3,00:22:25
2458,1361,7,15:53:07
1177,1066,4,19:28:44
2804,1691,1,09:08:59
613,983,20,16:21:22
773,1135,16,04:51:16
2068,1168,4,07:46:02
2922,1465,14,06:10:03
3,1096,19,18:36:20
929,589,1,12:24:55
1386,269,2,00:03:32
280,291,16,20:26:14
1066,597,20,00:35:01
83,2881,3,00:05:46
1691,1475,12,16:09:35
1871,1802,9,10:34:38
1209,2993,16,09:21:52
2271,253,10,09:49:56
394,945,11,15:47:38
639,2186,15,12:24:22
688,2880,4,03:39:35
2770,1180,4,15:27:53
1721,1572,8,19:42:03
1524,131,11,04:33:19
2160,1234,8,17:45:21
1817,1236,9,17:15:09
2049,1836,13,02:17:56
9,214,5,08:49:02
991,2514,8,05:19:19
1070,128,7,05:46:16
1015,1892,17,12:00:29
2978,2181,12,23:37:53
1262,2690,4,14:49:47
2604,1418,7,09:57:48
98,723,9,15:27:04
673,1276,19,08:30:37
802,2397,10,23:09:12
632,665,7,03:41:18
2791,1186,10,09:20:16
1568,1496,14,13:28:11
2124,572,12,07:45:48
2640,802,7,02:36:47
931,1029,18,03:56:47
988,1320,9,07:21:27
2841,1508,3,07:10:57
2251,1128,1,20:26:41
1680,799,1,01:05:31
335,1141,14,10:22:51
980,1765,2,00:29:06
2007,2078,5,16:55:56
2804,578,11,15:40:02
510,1500,16,10:37:21
444,1002,15,07:18:16
1245,2412,2,00:54:00
2979,2079,4,17:11:15
1371,292,12,15:24:45
1467,1758,9,13:58:05
2918,2011,6,09:41:38
1726,2379,9,23:20:21
1552,503,3,14:08:51
773,1418,19,12:43:52
1318,1718,12,17:45:03
1190,2674,19,04:31:13
1571,636,14,05:56:40
2083,552,16,10:28:04
2699,1696,17,12:56:49
2590,1706,4,14:07:28
255,1856,3,02:48:53
1505,325,10,16:53:10
48,1280,6,21:06:14
1270,981,3,18:27:08
1670,2876,2,03:19:11
2767,2371,4,11:00:28
1463,2418,5,15:25:51
926,95,12,12:19:23
1212,1203,11,08:29:23
845,772,20,10:32:32
2105,36,8,15:36:53
1296,1446,11,05:52:47
1200,276,9,14:02:45
2341,2030,17,16:16:25
872,2984,3,09:53:34
988,1447,11,23:59:43
2189,1399,18,22:40:32
2802,841,5,20:10:52
190,1819,12,19:11:41
2723,2842,14,01:07:52
852,2473,5,07:32:46
1763,1824,3,01:43:38
2005,94,19,12:01:41
2790,439,9,06:36:53
2308,1635,8,06:46:08
1302,1859,8,19:32:26
1042,2647,5,18:57:26
1839,1039,14,19:09:40
2833,2047,15,19:32:48
2815,538,3,07:40:25
703,2260,2,12:42:24
1022,495,17,11:53:42
1725,235,10,18:33:56
198,2278,19,12:25:04
1284,1514,20,20:11:35
396,379,18,19:18:58
2520,2264,16,22:53:52
1913,2203,18,23:46:24
2786,2400,6,16:16:52
1836,2652,19,05:00:51
861,1792,5,19:23:52
1932,1394,13,18:17:57
1986,447,13,13:21:57
1920,2682,16,20:58:33
888,679,2,10:42:41
112,951,9,22:45:56
1046,2193,10,21:13:47
351,1013,9,12:36:13
379,1492,9,21:03:57
97,1567,8,10:22:35
31,2867,14,11:17:21
718,1208,10,09:33:55
2746,2757,14,16:42:34
2628,762,12,06:20:02
2546,1058,20,04:39:18
845,678,11,12:55:35
1799,251,20,20:36:16
1906,1616,16,18:28:00
803,1474,2,20:15:58
2828,2082,11,19:53:17
2110,2632,12,10:32:05
93,476,13,03:50:33
2438,1159,4,11:37:32
2425,1611,12,15:25:51
2900,577,6,15:11:22
1822,2263,7,06:01:17
1153,2964,13,17:27:11
2627,137,20,00:29:23
2214,1541,13,14:16:45
1446,338,6,19:23:42
682,856,19,03:57:44
2498,2622,7,13:40:57
2842,1350,15,06:43:15
1945,2546,8,09:04:08
1207,1940,12,19:49:58
2827,514,19,13:15:37
2977,111,1,15:16:51
261,2684,13,20:28:50
1672,1005,17,19:16:27
2727,2485,8,05:14:07
2607,113,1,17:53:32
232,2827,10,01:51:32
2142,55,14,09:32:42
2648,2957,17,14:32:12
164,2922,15,20:26:07
964,1174,8,06:25:10
1714,2405,19,02:19:53
2411,2466,12,15:55:47
