race_id,driver_id,team_id,finishing_position,points_awarded,fastest_lap_time
2594,1798,220,8,13.73,19:46:24
1165,881,2560,5,18.67,05:50:20
260,2921,1610,4,6.24,14:59:50
1732,1531,173,6,20.6,18:08:23
1273,1050,1012,13,12.46,08:26:56
1742,2982,388,10,20.17,12:55:14
388,1999,916,14,7.37,23:33:27
2328,1646,112,20,20.57,04:00:30
2981,2840,1549,4,4.11,01:40:21
2354,395,713,12,0.37,23:01:28
1137,690,1447,17,8.32,20:15:22
945,487,450,5,1.75,02:15:01
2991,198,469,2,1.37,10:10:43
171,2627,2870,2,10.8,17:35:38
525,2058,19,7,18.19,12:51:22
2347,2169,2530,12,13.85,20:46:32
2342,915,2325,11,0.91,03:49:29
633,1098,1286,17,2.49,04:35:11
2084,1948,1870,16,0.01,14:40:19
2320,768,2895,9,20.2,17:49:18
2918,568,1060,5,7.74,01:08:14
552,2723,2484,15,8.71,23:16:03
1698,2553,2863,20,18.39,15:24:42
998,1483,1953,2,9.05,10:41:30
1781,1450,837,2,0.39,00:04:31
2009,728,2193,6,3.88,14:30:30
1791,176,2683,14,6.68,16:06:02
2180,1891,155,15,14.08,21:34:17
2138,1517,1300,15,7.71,18:54:07
1201,702,134,5,14.94,23:30:37
573,2978,2150,20,23.49,23:07:25
344,1312,2346,10,12.88,21:31:48
2309,2859,1299,4,13.16,16:38:01
2407,1281,1393,5,20.89,19:31:26
191,2567,1977,16,6.7,12:57:00
2621,2324,318,6,19.98,15:08:35
2271,1065,2525,15,15.1,11:04:36
1817,2569,901,7,20.22,18:20:32
2566,326,2270,1,3.73,03:13:56
1623,1192,686,20,15.7,22:35:23
1513,2355,2693,2,15.29,23:35:46
1475,933,34,2,13.3,16:44:34
445,2310,1013,5,19.36,13:45:09
1850,1743,2002,9,3.01,08:13:35
2226,777,1220,16,19.62,05:30:05
2753,1858,152,1,7.37,08:27:15
109,1197,1031,9,19.07,08:11:23
1302,1379,1950,12,7.79,04:33:30
220,2072,1685,6,10.3,11:11:27
1709,2488,2822,7,10.75,10:13:19
498,659,2501,18,8.55,02:15:11
2986,938,2146,20,18.6,04:08:25
108,825,858,19,2.78,11:45:44
1276,1453,869,19,24.53,09:50:16
523,765,2815,10,7.51,09:40:09
1843,374,2365,20,18.85,11:42:59
1330,1506,1256,19,3.02,11:51:02
521,2795,382,1,19.31,09:08:09
516,973,357,12,5.74,12:25:27
774,1997,2439,11,6.46,12:48:11
1494,673,1599,8,12.06,01:49:58
1312,1208,1108,15,13.5,02:21:51
2252,1981,1465,5,12.23,01:54:17
352,748,25,1,23.53,03:11:24
1576,1810,2439,9,23.14,16:23:53
1516,802,1227,5,7.18,04:55:07
983,737,2073,16,12.34,09:36:02
1942,38,653,5,18.77,00:45:54
2103,437,637,7,9.0,14:58:16
1287,2625,1441,20,8.79,22:31:08
1001,388,2524,12,14.19,23:15:34
2494,1103,99,1,7.0,16:42:55
1741,1852,58,16,4.38,13:11:07
2509,2020,2488,2,7.26,06:44:06
1963,2172,2741,7,19.16,17:56:53
725,1572,315,15,5.61,12:21:28
2103,750,1838,15,1.17,00:19:46
580,1142,2953,16,21.99,12:03:50
1535,343,452,1,20.5,05:31:33
692,685,2993,5,12.75,11:59:17
1488,2743,169,17,11.08,03:56:37
1268,1045,1085,3,14.82,16:34:08
2714,635,796,5,11.86,16:56:12
34,1150,2800,14,20.71,04:53:52
1562,106,195,15,2.88,11:34:20
1341,373,624,17,10.16,06:51:34
2995,1629,2372,5,24.81,16:49:11
2157,1815,1305,1,23.64,02:59:12
1957,1516,2968,8,7.54,14:54:43
2300,2451,899,17,20.75,10:30:26
2586,2610,669,5,9.38,01:40:30
1816,2766,103,15,14.08,12:59:12
1804,1715,950,15,8.52,03:18:15
2568,2961,2222,9,4.68,00:28:17
704,733,2546,1,1.11,21:05:29
1887,1391,269,12,4.37,10:08:19
658,1119,450,9,15.39,23:50:15
9,758,816,16,20.11,20:00:30
969,436,212,6,4.36,23:17:08
373,486,332,6,12.49,05:14:04
2251,1506,372,14,11.0,00:00:22
1208,815,373,14,7.8,20:13:07
2617,1068,1023,8,3.17,01:49:19
1794,2335,478,12,9.6,05:46:08
2116,1276,1749,9,16.33,18:59:28
752,634,158,5,14.78,00:10:56
1359,2757,2637,16,8.41,09:02:48
2689,2117,2680,6,16.34,19:59:05
2554,2646,481,8,2.45,05:33:35
1617,1259,2402,9,2.1,14:03:04
1424,1756,1255,3,19.89,12:59:21
2141,464,1858,16,3.48,12:40:00
76,2281,330,8,17.88,17:53:53
940,2543,984,10,11.43,18:06:30
1809,2738,1239,5,8.43,22:34:54
884,2786,978,10,10.91,10:36:22
1453,976,1522,6,17.9,08:54:58
1732,2296,2914,17,21.01,00:00:54
1305,568,405,16,4.97,12:49:13
304,2253,63,17,20.85,17:33:56
2603,970,1644,10,3.03,22:17:39
2203,683,1110,15,17.74,08:03:34
66,1175,2342,12,24.17,20:08:37
9,679,1565,6,5.19,16:22:47
1021,481,2673,9,16.61,11:32:28
354,1412,818,19,22.29,06:13:19
1379,933,2843,9,10.22,08:43:18
320,2925,254,8,7.83,23:02:18
1031,2176,405,10,6.79,04:19:30
1015,2913,2973,16,0.82,13:28:26
1360,1931,176,11,0.65,15:02:15
287,1764,444,11,14.26,00:41:02
197,2625,1044,20,14.73,11:02:10
2706,1665,1657,5,6.0,17:59:30
2818,763,714,18,2.09,17:13:05
1424,749,1127,16,3.76,14:57:30
2242,2448,2027,1,23.72,15:26:51
2986,2965,2547,14,19.96,01:39:05
2112,1402,956,1,19.08,11:41:56
2600,1145,896,7,6.61,20:38:07
921,1768,1918,16,21.52,14:58:24
1514,2494,2150,17,14.21,05:01:38
1729,1866,970,8,11.08,03:57:54
1010,1016,36,12,1.61,03:03:48
846,385,125,9,0.7,08:03:51
618,1526,2876,2,23.42,09:08:32
1207,201,1261,1,21.38,13:07:43
1548,1425,2705,10,1.9,21:01:54
1551,478,2783,6,24.67,01:19:58
2880,1919,1518,15,14.9,22:39:22
2714,1481,138,7,7.65,05:36:10
1517,2092,316,13,3.4,17:26:14
820,1404,878,10,9.54,05:53:05
1072,2193,2240,12,23.52,20:56:19
2495,710,1544,8,18.71,18:42:40
1511,1428,1572,18,1.81,12:36:56
2721,790,2254,4,16.36,13:15:25
817,2044,1232,14,3.2,23:38:21
2349,1716,1163,2,19.74,11:27:49
4,2894,166,9,14.54,18:54:35
2558,2634,2161,19,23.84,03:38:20
2363,1744,1462,5,14.76,23:12:27
2045,2820,1601,6,23.25,11:49:40
994,1296,993,19,1.84,00:47:49
1846,1791,2018,5,1.49,09:22:30
2078,25,196,17,0.44,07:34:39
1135,2344,717,6,4.25,19:10:48
1230,1658,2461,9,6.61,18:18:51
219,2062,2554,20,11.21,13:33:22
2816,2152,2246,20,21.83,21:43:10
1633,604,1603,2,8.89,06:34:30
298,864,1623,9,0.69,01:33:11
2757,1418,1973,4,0.4,13:41:37
2535,2892,537,1,3.24,06:48:53
2613,1139,1927,3,1.36,20:45:54
1092,816,2045,20,22.83,01:38:42
288,736,1796,7,11.7,04:18:59
1523,2577,970,2,2.01,04:53:06
212,59,1674,6,5.64,19:39:04
2637,1077,557,17,12.57,04:31:18
2290,2448,1345,20,2.92,23:10:41
2304,2120,793,15,3.78,17:17:13
2288,2673,718,18,2.9,17:29:31
507,41,2894,12,1.08,13:05:01
944,2966,845,13,18.67,09:12:29
285,1342,2007,15,3.25,18:00:35
1726,1376,1032,18,16.34,11:09:35
1397,2565,982,2,12.73,12:30:01
536,684,123,19,2.39,00:07:20
2199,789,489,15,1.0,11:32:38
564,95,2466,10,10.21,14:16:01
776,577,1593,12,16.65,17:46:39
973,583,605,19,15.44,05:29:59
807,505,2954,6,2.79,00:08:16
1395,1917,1239,3,24.66,09:30:28
730,736,486,10,19.26,22:13:36
983,1708,1316,15,17.22,19:05:54
1606,778,2932,10,21.02,20:51:29
2471,2015,1734,12,11.25,17:34:48
1579,1025,2615,14,0.57,11:41:57
1363,1252,782,4,8.3,09:39:49
1247,836,496,7,4.89,20:27:46
761,2792,151,10,21.76,10:56:28
2841,2399,1917,9,13.54,13:08:27
2918,1079,686,1,21.84,08:35:40
2425,371,861,1,20.06,15:27:00
2792,2814,2423,11,13.0,16:18:32
1129,2577,1196,2,24.15,15:51:47
194,2333,2576,14,6.37,17:42:13
2859,107,1792,15,18.52,23:20:45
2589,1753,2168,14,11.26,18:42:28
2205,547,2822,20,0.85,09:09:01
2931,2914,738,20,8.26,08:56:17
2235,372,139,4,20.56,07:21:11
2010,1663,1774,2,10.62,19:18:10
1642,1185,1159,9,21.86,19:22:36
1651,492,1331,6,1.16,01:11:37
1857,1562,1182,1,12.25,23:59:38
545,1029,1869,9,0.49,14:36:44
466,2931,1552,4,9.63,20:37:32
835,81,906,20,19.32,00:24:08
546,2096,1967,3,8.49,05:22:50
2725,1043,856,10,5.68,01:54:23
1150,1418,2636,19,15.14,12:26:15
1570,765,1392,12,6.96,07:26:12
988,1315,1060,11,12.55,20:22:49
218,1362,2345,12,15.95,15:27:38
1402,1104,846,12,2.95,10:23:44
1469,1056,981,13,9.01,12:54:50
642,2413,1588,18,5.6,13:05:46
1141,476,1204,5,10.28,16:14:34
2882,2826,2544,17,22.09,12:31:43
1364,1367,2826,2,16.16,14:03:57
1252,2145,90,14,4.34,12:16:39
1102,2838,1160,10,3.92,21:45:47
1405,1312,2588,5,5.08,23:50:17
612,2294,815,12,15.65,20:29:51
381,2089,2727,3,16.11,18:54:03
2881,1628,1942,11,9.45,08:18:32
919,2010,2670,5,18.65,16:17:03
1271,1617,468,9,9.13,07:08:55
1167,9,2217,12,19.73,08:32:17
1084,1836,1296,4,22.9,21:58:36
1540,1990,2651,9,19.34,04:48:01
1615,968,2551,3,20.64,03:09:08
1881,1258,2507,15,10.18,22:58:51
1619,278,2419,3,1.58,07:54:56
543,1920,2029,5,16.55,19:36:22
793,2066,505,6,8.0,08:51:54
770,1452,1098,5,15.13,03:49:38
83,819,2340,13,22.73,07:01:15
2629,714,1494,12,24.03,06:27:17
2293,1068,2532,8,5.32,06:27:10
869,555,1795,16,20.97,08:55:01
1886,972,1358,5,18.09,10:55:20
1753,390,2198,17,14.76,20:32:31
958,1640,2782,10,5.36,12:32:46
1832,261,1057,7,1.8,15:46:26
1306,1883,2930,14,1.11,13:27:19
2772,2291,444,11,12.63,03:20:49
351,2408,1738,12,20.17,21:20:33
963,1766,601,18,18.06,22:39:07
2922,2349,357,16,15.33,14:38:50
1235,742,2937,2,16.19,19:05:41
2481,110,1930,11,22.59,02:34:56
1411,142,1840,5,8.14,21:38:21
162,2214,2591,1,0.63,15:25:46
1692,1274,1896,14,13.48,09:51:35
1074,165,2431,18,17.93,03:24:43
907,925,1941,15,16.3,13:09:58
426,1725,421,16,6.03,12:53:59
1336,2578,2949,13,5.88,02:21:02
450,2300,1611,10,6.07,14:26:56
1098,2325,736,6,18.63,12:54:43
2443,1363,589,5,7.8,02:19:10
643,1959,2916,12,11.83,14:51:12
2187,2153,1796,15,15.07,04:02:24
2660,2515,1650,17,15.28,20:49:01
2751,2433,643,1,11.99,04:15:27
1536,2421,479,3,19.28,18:02:41
2548,806,62,4,9.56,07:25:11
1811,1883,1,17,12.53,14:11:00
991,1342,1960,3,19.81,01:48:09
2240,2794,615,13,12.52,19:36:38
2868,1040,1842,4,6.67,13:23:11
871,1882,2548,4,16.12,19:29:23
2602,505,1808,2,21.41,12:51:49
1034,2664,2317,9,15.49,16:30:50
1610,352,2476,7,4.69,03:55:59
968,135,354,4,12.79,17:36:37
2224,2909,1104,14,0.4,06:52:54
885,1951,1983,15,17.75,19:22:09
2823,1371,1606,17,23.74,00:22:55
2021,525,1343,1,4.57,16:42:39
1614,2256,2885,6,19.73,17:41:47
2222,1384,2270,19,8.63,19:50:55
1687,2040,2601,9,22.85,05:09:27
533,2738,524,11,21.31,15:06:59
1271,2720,2265,17,22.48,13:23:08
2143,2391,2239,1,9.1,09:51:48
690,62,2454,5,16.78,08:26:21
989,108,1676,1,16.77,16:57:59
286,763,1496,11,1.31,08:43:41
2571,54,1115,9,6.34,16:55:00
1845,1057,2261,1,2.2,00:45:25
950,212,1212,17,15.92,00:33:10
2244,1656,2186,10,7.95,11:15:06
2659,1604,266,20,18.07,16:11:22
1779,579,706,10,13.02,22:43:53
1804,184,2606,13,19.2,18:47:48
1722,927,139,3,15.85,01:26:54
15,860,1103,1,11.41,20:01:37
2415,2525,578,10,2.14,04:17:50
394,20,796,10,24.29,23:49:20
410,144,613,6,3.65,07:04:19
1576,2134,2123,4,24.14,05:36:06
2001,2683,2461,15,21.49,22:06:51
350,1327,807,14,11.33,11:37:36
2127,2237,1076,5,22.47,23:39:38
1293,1071,2945,18,11.09,05:41:51
2495,2319,992,19,17.31,20:02:44
2415,831,1252,2,7.22,23:42:04
1160,2803,1812,13,14.66,12:45:27
1566,1354,1779,6,2.42,00:05:19
150,461,2736,9,7.37,09:44:54
2935,633,2549,7,9.67,10:48:59
1253,408,2008,12,11.72,08:47:31
1197,2210,2048,15,11.61,02:09:43
2948,119,2831,8,12.48,05:58:42
2292,917,1596,1,4.25,14:04:59
690,2442,2367,11,16.47,07:45:27
948,1648,667,6,12.32,02:44:14
1896,1369,132,5,17.15,07:57:46
1740,1327,469,14,3.82,09:42:11
480,1631,485,20,23.62,15:24:09
1752,464,2526,8,8.11,06:19:13
1314,2911,2411,15,1.76,01:57:34
2928,2029,1590,11,23.63,13:50:04
2935,1668,2457,2,11.07,13:34:13
2160,1997,2764,18,9.0,01:39:35
169,2024,1610,14,7.52,11:17:58
1180,1402,385,20,5.72,08:28:31
1316,2156,1511,17,23.58,13:22:25
1023,266,1763,1,1.92,18:42:58
2057,1113,1832,19,4.62,04:51:47
1187,2332,52,5,8.38,09:12:26
1590,285,84,2,19.63,19:45:22
842,2993,2944,15,20.53,19:42:14
2446,1900,969,3,20.83,11:31:18
1917,183,1783,11,23.78,00:22:33
2864,883,130,7,7.95,00:44:48
181,7,2601,3,22.0,22:15:26
1794,1920,1117,18,22.19,07:41:58
1753,2263,23,20,21.3,00:26:54
1654,1580,43,7,9.26,14:13:47
2441,752,1823,15,13.69,02:32:38
997,2361,1772,12,4.85,15:15:39
2341,569,2587,18,9.84,17:47:20
1625,2267,2770,16,15.66,11:05:38
367,649,459,9,9.99,11:07:28
2879,2860,2367,9,7.08,23:24:34
1313,2337,611,12,15.24,14:29:47
784,1154,1824,4,21.9,08:02:11
690,605,1530,20,14.52,02:22:39
1195,984,1533,6,20.15,02:00:27
126,2873,2671,8,6.78,22:33:54
2855,2778,2983,6,22.93,20:25:32
832,2024,1977,16,22.04,05:47:27
2226,1431,2794,10,3.97,01:03:54
1408,992,582,15,16.8,08:25:42
2361,265,948,1,24.76,19:10:23
1819,1116,1369,8,15.79,07:59:42
41,597,2498,6,17.62,12:30:08
1897,1516,2621,13,3.97,14:40:29
249,411,2119,4,22.22,18:03:15
1906,485,2728,10,14.66,10:25:22
2041,506,1835,15,13.84,02:33:06
209,210,1467,15,18.35,01:47:32
963,1184,1892,12,21.89,01:16:24
272,1133,1898,14,18.03,01:29:14
2008,918,2948,8,22.07,23:44:47
130,2950,2517,7,21.27,17:33:39
1229,1169,2619,13,12.37,23:11:39
213,366,548,13,21.65,04:56:43
960,1478,928,19,17.13,20:19:15
911,938,1553,19,2.84,10:18:30
2980,683,2294,6,10.03,11:25:35
2569,2966,275,15,15.35,22:23:03
2326,1523,536,6,5.04,14:14:58
2015,2346,626,5,16.04,21:41:18
791,436,1189,4,6.12,19:23:52
1896,85,178,18,23.9,12:43:51
674,652,1107,3,5.43,15:21:34
1512,1963,2114,15,3.27,16:24:03
43,855,1816,12,8.99,22:04:45
110,2990,2702,12,18.98,06:58:50
2870,899,1575,17,4.9,07:55:51
925,1220,685,10,15.55,04:10:12
856,146,1599,10,9.15,09:52:57
2139,240,2782,12,3.59,04:43:36
1174,1398,2634,16,4.2,14:13:55
1731,739,668,7,8.79,12:54:44
2145,976,2494,5,3.52,01:49:03
25,2852,2996,8,22.59,02:54:00
159,970,2785,17,5.02,13:34:12
2527,1841,2121,8,22.73,01:47:29
2861,1529,2316,12,2.91,00:00:49
1660,842,410,17,19.72,00:39:51
189,2022,2673,13,20.93,22:42:24
413,569,81,18,9.3,21:54:52
1319,166,356,4,9.08,00:02:19
678,678,1077,7,12.01,21:32:06
384,36,1846,19,8.36,05:56:13
2864,2642,1604,14,18.22,07:41:04
2378,2087,2205,10,0.45,20:15:08
2309,1904,2576,12,4.26,01:50:15
1792,2611,2493,13,6.5,04:38:49
1078,2120,1766,18,22.99,13:02:58
1930,605,1663,7,15.33,18:36:02
2732,2928,2518,20,13.0,16:17:19
384,1823,915,8,20.7,21:03:35
1090,41,1000,8,2.06,02:19:52
352,16,606,3,9.16,06:24:36
1008,1282,366,5,14.71,10:35:54
407,2399,2075,4,13.14,23:57:35
1299,2636,242,5,23.35,03:36:17
34,2981,1221,11,13.2,22:01:03
196,1901,1558,13,11.3,14:29:58
2448,103,2752,14,1.41,03:01:55
2182,505,1432,8,5.27,04:54:53
698,65,1934,20,17.62,23:44:06
1899,1044,1682,10,1.94,21:11:31
2597,2702,833,12,12.02,14:10:21
1132,1313,1358,17,20.18,01:03:44
2309,2792,1159,19,16.49,19:22:03
6,122,484,12,4.91,04:17:55
300,2056,450,20,24.16,04:07:27
2251,2002,1211,4,3.76,16:07:42
1278,834,662,9,15.35,23:56:08
2516,718,758,18,17.91,04:56:31
1902,1324,292,2,4.72,14:26:02
218,2219,2289,4,6.96,21:50:49
2770,1742,222,17,5.76,22:43:17
948,2017,193,5,22.28,03:28:42
1504,1116,1893,13,19.05,22:17:27
1930,1764,1290,7,23.91,18:41:48
1731,2756,366,2,11.42,04:01:15
2058,1025,2141,8,2.25,05:38:18
336,443,2253,2,8.27,12:35:12
2014,1264,2889,9,7.5,15:31:30
324,637,1092,4,3.77,12:04:01
2504,2060,405,7,23.04,04:50:08
714,2467,504,18,11.44,18:21:46
1175,2160,2649,11,10.7,09:32:45
1283,616,1009,9,22.65,22:40:21
1466,1578,966,6,21.94,16:31:15
1814,1199,1878,1,7.39,18:15:15
692,414,984,3,3.19,02:51:52
457,68,1074,7,6.55,21:51:54
345,1915,1686,8,4.45,06:02:24
2213,2900,2823,13,24.26,17:54:33
1349,343,2942,14,9.08,03:13:33
52,1306,1248,20,3.43,04:38:38
2086,619,2200,7,10.05,05:24:40
1880,2522,1154,9,2.94,10:39:54
492,799,1544,5,10.89,06:01:36
2410,1977,2407,11,17.09,15:16:30
1362,2739,442,18,24.43,04:55:22
957,539,418,16,24.32,08:51:42
2564,1913,2167,14,20.01,06:05:58
2622,454,798,16,24.47,14:33:07
1730,1732,2262,14,20.59,23:47:39
2838,2513,993,14,21.84,20:25:40
2084,791,1511,8,12.62,03:59:39
992,1912,2237,2,0.33,20:26:20
2563,210,410,2,12.25,12:03:29
319,2082,1154,16,5.01,05:44:12
2918,435,2467,6,2.12,08:38:46
20,2413,2916,9,20.19,05:33:31
506,465,1598,16,20.62,14:55:43
1463,304,2349,17,23.77,17:16:00
1178,202,494,16,3.05,20:48:52
1834,2203,1447,9,10.21,17:10:21
1733,1236,2987,14,24.99,02:21:16
605,2594,1144,17,7.07,02:12:26
1144,2433,2532,11,3.84,22:42:24
1562,2904,1947,9,2.72,03:56:13
2277,267,2708,11,19.16,12:51:13
1145,2905,2268,20,24.94,16:56:19
2271,1595,281,10,6.81,07:55:32
2901,1866,211,16,7.51,15:23:20
1381,2319,1834,5,6.86,06:27:57
1178,1756,2383,13,23.3,09:52:54
894,1834,2142,9,13.92,08:57:37
147,1414,2997,14,21.28,14:14:54
2808,2050,2246,11,21.44,11:36:26
2755,255,2072,2,23.94,05:45:26
1025,815,400,7,12.61,08:39:13
2542,569,1321,18,11.21,19:16:49
1067,1479,1395,3,8.67,20:25:03
67,2103,2277,7,17.53,15:06:09
2140,384,2505,20,8.23,15:40:27
2328,1372,1581,16,19.86,19:39:48
2225,959,2485,5,15.59,06:42:26
2095,1421,891,6,14.19,23:42:22
1249,2653,1337,16,5.14,10:03:38
1824,2331,1361,13,17.96,09:57:47
409,1655,2138,6,15.12,02:12:03
1724,1919,924,7,7.2,11:40:12
441,1356,712,20,17.86,13:03:40
223,2796,579,1,5.05,10:13:51
799,1313,234,8,16.3,15:06:56
2498,1470,1845,14,5.97,20:03:01
1975,1650,1543,8,12.59,02:38:52
520,719,2560,14,6.87,09:03:27
1800,2645,649,2,21.04,21:57:39
2470,900,2378,10,18.4,23:58:57
2959,1676,1485,16,8.52,11:35:33
741,1290,1735,20,7.2,00:04:31
896,542,1364,9,7.57,15:18:00
2979,2365,1053,4,14.26,18:00:36
426,1942,681,10,16.83,21:35:29
973,2008,2332,5,4.8,11:25:20
2934,1322,1511,10,6.65,05:21:57
281,2688,2107,8,20.37,08:03:28
174,1275,2067,2,11.01,20:37:17
1443,2959,1813,17,3.11,20:53:42
2900,477,225,19,8.92,08:32:09
933,665,264,20,24.65,16:08:49
1072,502,1983,17,4.39,01:08:21
2885,635,919,14,5.44,02:24:34
528,383,616,2,5.35,23:27:38
672,461,1640,18,3.78,00:54:55
2102,1122,1717,14,15.84,12:24:19
1744,2295,2145,18,0.98,20:38:05
496,2737,1778,16,6.6,00:15:02
1051,2992,1378,17,12.0,05:58:29
1641,2186,1119,3,24.78,22:06:37
2476,2551,2582,18,24.98,23:30:51
272,167,2327,4,6.71,09:32:20
67,2344,1174,4,6.46,10:54:51
1945,120,2558,2,14.12,18:11:09
2413,2732,1043,4,16.65,14:34:02
259,2036,2721,3,7.64,23:41:28
2554,1486,1806,10,19.03,00:23:58
2933,2909,1129,10,11.63,00:38:40
2255,169,1273,15,17.46,14:48:36
2512,2070,1174,11,4.92,07:13:16
28,2125,793,13,7.82,17:27:53
1668,2757,1803,20,21.11,14:42:55
1217,2530,546,11,0.94,12:59:14
1825,78,335,7,14.3,21:15:32
1115,2154,297,8,19.05,19:40:50
1332,355,948,15,11.11,07:47:17
857,1214,77,1,4.23,10:33:58
79,430,189,4,15.18,07:02:21
475,538,2889,16,2.15,21:44:18
2232,1981,1640,13,16.2,06:04:26
2846,1077,1824,17,8.08,20:24:01
2375,580,1064,14,12.54,00:23:59
2127,1905,18,8,10.62,07:22:29
2475,1410,1439,5,4.8,16:17:05
2284,758,175,16,17.93,22:20:28
2684,638,1192,9,21.43,12:33:20
1511,2952,2222,16,15.54,09:21:11
1353,2187,893,18,16.35,11:51:29
1232,1702,1636,9,2.62,15:27:04
112,558,1309,11,18.64,03:20:00
977,958,226,12,5.57,21:37:17
2404,2020,833,19,8.28,00:57:42
1331,1127,982,5,3.41,02:35:03
1443,107,611,9,18.16,05:11:25
2269,173,2865,12,2.54,08:42:46
259,1659,1747,5,6.01,15:41:19
315,1525,2027,4,3.9,17:11:44
475,856,727,8,15.9,21:29:50
1189,1702,424,13,23.4,11:38:36
2123,886,1436,1,10.01,18:38:21
2417,2052,1386,2,22.89,18:14:29
989,952,2118,14,14.69,12:09:17
1164,1892,2932,7,21.47,22:11:52
2134,2793,1011,4,22.99,13:18:11
1264,2831,2841,8,17.66,09:29:19
1160,2003,2014,9,19.84,17:48:09
50,1961,1089,8,0.75,19:41:10
1608,2093,328,13,3.0,14:48:21
67,1364,1733,1,15.08,13:54:12
2388,2024,36,11,10.16,01:38:34
1859,2520,529,16,6.94,21:08:57
353,1071,1199,5,18.53,03:25:14
1340,1303,1868,11,14.97,03:42:52
778,2558,1792,3,22.14,03:04:55
1968,1262,1714,9,3.45,11:15:21
2273,2622,1930,20,2.28,11:22:42
2240,2096,1232,1,20.96,12:49:39
748,1346,2509,4,1.03,07:01:41
1856,638,219,18,5.61,13:27:11
38,414,267,7,19.6,19:39:08
2239,2006,1756,14,14.77,12:59:25
391,2155,1747,11,2.04,06:10:12
2321,2485,1346,15,17.28,19:39:12
314,1602,1464,13,15.78,11:15:55
1502,783,1134,15,8.53,07:02:37
502,1752,2652,20,6.58,00:03:12
1507,2654,2810,16,3.34,07:50:52
2930,2960,2101,8,7.38,16:02:17
1669,2378,1074,16,19.14,20:56:03
1506,1145,2265,5,22.73,01:48:49
2210,2237,1075,19,21.47,05:22:33
1394,2907,1056,19,13.2,20:58:25
1910,2413,1301,19,19.92,13:59:13
1414,2331,1103,13,17.36,05:02:02
796,1545,1415,11,15.98,07:12:08
250,1050,137,7,16.9,02:53:30
626,1988,2484,15,16.98,23:56:39
411,853,2783,9,21.38,21:10:02
1260,637,2974,14,0.55,10:49:26
1973,1467,2748,16,24.08,23:36:36
831,1409,2478,1,23.75,08:55:41
2872,2391,2975,15,6.71,00:19:33
2955,654,2313,7,0.09,12:21:35
2342,1300,753,9,20.35,07:49:21
1806,2720,1715,1,24.79,16:46:57
1759,2647,1374,5,2.24,03:10:35
1182,1886,1805,6,21.66,17:45:01
2110,2652,195,12,9.54,16:52:32
235,1977,154,12,21.88,09:59:29
1869,2175,998,10,17.84,14:32:19
2706,788,2814,11,10.92,20:34:38
460,654,1447,1,12.52,09:07:19
2817,1757,847,15,22.87,12:54:58
286,1723,1624,17,18.25,12:54:10
1234,134,2060,10,6.92,09:55:47
1185,1639,2948,6,12.52,06:37:40
2828,1671,1753,6,1.96,06:09:22
1939,140,1615,8,20.33,00:30:55
232,2248,220,6,23.12,04:43:36
2922,2168,506,19,7.56,11:19:42
678,914,2147,17,3.01,03:41:08
1642,996,1152,3,5.43,21:35:24
1454,557,1463,13,5.64,22:57:56
1181,392,2163,2,3.22,19:06:57
2478,368,720,20,20.7,05:55:39
957,2907,1045,8,17.43,19:07:57
1582,1534,587,5,20.13,06:46:28
2623,1109,744,10,15.07,02:38:20
2682,815,1061,1,0.37,16:24:14
265,1174,2677,5,1.7,06:43:30
1147,178,1252,17,21.73,01:29:45
1852,1094,872,20,13.69,03:42:14
1957,2695,2870,15,13.4,20:35:27
329,2896,69,20,11.96,15:49:31
519,2668,1200,4,5.63,09:48:22
2198,2398,2249,19,18.9,13:16:03
1643,2338,2992,14,13.75,09:08:38
1907,2369,1806,19,22.91,01:23:15
953,923,2516,20,17.04,16:26:43
1004,2886,1427,4,19.18,03:05:23
944,2288,284,10,3.4,18:14:20
1768,496,320,4,18.78,05:20:07
2119,2016,2954,20,13.59,15:06:14
1948,2554,1228,14,9.58,14:21:30
1773,804,990,9,2.47,15:37:46
2675,1741,2415,10,10.27,01:29:04
894,218,2734,8,16.73,21:22:02
454,649,2643,3,18.89,23:24:24
1419,2773,815,10,20.22,17:52:34
1202,2899,2246,14,1.83,03:45:00
2770,557,269,6,22.46,06:37:28
2690,1779,2504,7,23.07,05:51:54
1122,2764,1727,20,18.07,07:45:52
2549,1636,194,1,22.36,11:02:14
2208,2058,468,19,10.97,23:13:53
435,444,2713,5,8.71,07:20:18
153,2611,1351,16,16.01,18:11:42
1143,1521,1999,17,13.33,23:58:18
1356,135,1532,14,17.19,16:20:30
1118,790,1377,9,21.65,05:21:35
317,2979,1722,10,18.72,02:57:45
2538,733,2538,10,2.76,04:07:00
1363,355,1920,9,7.67,16:42:42
399,2384,1754,8,4.8,11:19:12
2302,2236,1382,11,19.73,07:39:43
2970,1278,1821,4,10.85,18:49:02
262,2464,1049,15,6.51,00:37:20
2250,521,1218,11,1.53,03:05:47
2328,2111,1806,18,2.41,23:31:38
2470,1683,2310,19,8.26,18:10:40
2730,2307,905,11,12.01,18:41:44
2635,888,2868,1,10.96,20:33:10
1016,2585,2529,14,20.09,17:07:09
2393,1765,879,8,0.8,07:47:31
1687,2489,978,18,14.34,15:02:08
891,1573,2584,18,9.18,15:40:40
447,2562,2731,18,12.37,04:17:13
2669,372,827,13,15.01,05:29:30
1910,765,2651,5,10.28,22:14:20
115,261,2525,4,17.29,10:36:31
1843,1782,319,14,17.37,15:24:59
711,751,1883,7,16.89,10:58:14
1621,2147,1067,1,23.94,10:52:24
1727,2505,2102,16,14.54,20:21:54
2801,702,550,4,15.87,12:20:36
2380,312,1772,19,19.11,21:04:41
2509,1989,112,9,19.64,22:02:14
825,2929,2866,3,13.96,10:16:10
2476,2922,2241,18,9.51,14:48:28
396,292,1616,9,23.09,18:13:58
603,1772,1730,10,18.78,08:27:22
2383,2725,1444,9,5.44,05:18:48
1150,2887,2289,4,21.15,16:39:34
458,1091,1417,7,9.73,20:43:32
1086,1083,2493,14,22.75,13:39:07
2426,2132,1759,3,12.7,05:34:29
1415,870,1625,19,16.63,06:19:57
298,2614,600,12,19.19,03:49:49
1978,1272,1129,9,23.05,00:58:14
858,2085,1450,12,18.89,10:29:17
135,2186,1451,7,17.28,21:59:29
1361,153,2950,16,15.63,02:31:45
1823,599,728,5,13.19,04:40:53
1386,734,45,19,8.16,14:00:21
2866,341,336,13,12.06,01:02:55
1269,1222,2928,7,20.08,02:59:09
1502,738,315,19,12.59,15:01:55
2278,2598,526,8,17.59,05:30:14
2135,2301,223,6,16.51,06:12:06
2017,1667,2873,1,12.47,20:33:48
1467,124,483,11,13.56,01:02:44
685,429,881,14,8.33,19:21:00
1011,332,2838,14,6.43,07:42:51
331,407,1204,3,4.53,10:58:36
1230,2352,2272,17,10.22,05:41:45
258,44,2635,12,18.01,04:41:53
258,1938,1051,1,24.74,15:47:08
2129,746,1604,3,10.93,04:17:35
215,2236,2440,11,2.06,21:52:31
2579,489,231,13,18.49,12:24:40
2039,2649,825,1,21.23,23:10:01
770,2914,709,2,24.59,12:19:02
1489,2380,257,13,17.19,03:59:18
1626,102,269,13,0.73,08:01:03
77,2918,2434,4,6.55,15:44:31
1697,1411,2593,9,22.9,17:56:44
1721,2637,921,5,18.3,18:03:01
812,2424,57,13,17.15,15:19:25
2342,341,2563,19,19.25,17:13:15
2143,1948,1042,19,15.96,09:58:07
2465,1011,814,15,17.35,01:41:18
565,5,2290,11,10.36,09:38:39
409,596,2931,16,21.61,07:27:06
1415,2752,924,11,1.45,12:47:26
1210,1114,1843,7,16.01,11:37:13
916,239,405,17,9.45,03:13:17
1438,2364,697,2,17.3,20:35:38
2562,840,2482,2,22.81,04:01:29
1015,2532,2346,5,1.23,05:44:03
2539,495,205,8,14.37,10:58:47
1557,2841,2786,17,14.31,03:23:55
1689,1412,2311,9,24.52,22:59:32
1651,1171,2392,5,5.92,17:28:20
718,1684,2181,7,2.64,08:57:23
2607,572,948,15,17.45,15:29:50
1058,444,674,14,6.67,19:37:04
1088,2500,1749,12,16.31,19:05:57
2283,1942,106,7,14.49,22:38:43
2172,1254,658,16,0.74,10:57:39
68,2495,2535,19,9.64,22:59:30
390,1074,1476,14,18.0,20:00:15
1868,2299,186,3,16.3,02:39:39
1512,138,1364,20,22.57,03:51:20
2436,2751,1751,13,17.19,02:56:40
314,1495,2275,3,18.29,17:50:10
1704,864,1575,17,9.29,16:06:54
535,1850,740,11,15.33,08:12:24
2868,52,989,8,21.14,00:53:43
2858,62,2212,8,13.59,13:07:53
2713,1307,1203,12,12.22,13:12:57
696,1063,1197,18,15.54,02:58:56
165,935,545,11,6.01,17:18:55
1251,2099,600,12,13.68,05:04:58
1656,180,975,14,10.16,00:57:25
1115,2275,1523,17,0.3,04:06:57
2228,786,2322,6,17.72,13:17:03
1415,295,1643,14,10.76,08:07:44
2989,2057,2921,15,10.35,16:54:52
1055,847,805,5,2.52,20:53:09
2690,2831,2921,13,12.1,02:18:44
1874,2231,2945,13,13.9,21:34:10
1298,1600,331,12,1.9,21:33:31
932,483,2689,16,9.66,02:05:34
2995,2218,1655,15,15.61,02:21:22
149,2186,643,2,4.71,16:37:33
1966,1732,898,2,18.36,23:21:55
1190,399,2093,13,2.95,17:39:56
1924,2975,2052,18,23.49,15:34:24
2360,901,490,7,2.12,15:24:45
389,996,1369,16,21.61,21:47:19
2659,1864,2176,8,18.02,15:49:37
1027,1403,2457,10,18.95,13:19:32
2496,1501,1485,14,10.99,20:41:36
530,1841,596,18,10.12,16:50:57
1286,1292,1706,2,20.44,20:22:25
1638,2016,2141,7,6.1,07:22:40
1182,29,1770,4,11.4,22:49:09
617,550,10,17,12.2,18:12:30
186,400,465,16,0.06,04:44:30
2467,2409,1008,9,16.49,14:24:35
581,1141,50,20,3.95,22:45:28
2891,2357,671,16,18.69,10:44:59
1982,1156,1896,20,15.99,16:56:16
1561,1731,502,4,8.25,09:56:23
335,1928,1060,3,0.97,02:36:07
356,775,200,12,10.73,09:37:13
2561,1581,751,19,6.6,09:30:03
339,616,1031,8,9.34,03:12:48
301,19,2203,11,9.24,22:25:01
60,1450,758,8,11.64,15:18:49
2611,2455,479,2,14.26,04:19:01
1884,168,204,3,2.83,13:21:58
138,2873,208,8,10.65,16:16:58
109,1888,285,1,20.8,18:50:47
1997,896,1462,14,17.37,17:03:05
1013,2596,18,18,16.62,09:01:43
2294,2438,2185,3,19.89,14:38:54
1668,546,1807,6,17.97,13:40:35
2942,2292,2126,6,7.73,18:56:18
2851,2329,2657,6,21.47,16:38:18
1405,2289,2276,14,18.21,05:02:21
691,1027,1114,2,8.06,15:25:24
1790,859,1740,18,5.88,09:27:19
2194,285,137,17,9.92,07:01:21
595,908,117,13,12.52,00:42:14
2154,1115,1247,11,4.25,14:06:20
2999,685,324,8,15.1,21:24:51
2453,1794,2514,2,24.2,11:51:26
768,649,2812,11,3.45,22:39:34
148,1883,2284,7,8.39,05:51:43
1419,2437,392,3,2.42,00:48:05
1172,2081,441,14,22.23,13:57:58
1870,262,323,16,20.2,18:08:57
2344,1289,920,9,15.92,07:19:52
1737,1367,1030,7,7.97,15:47:26
2585,2326,101,19,21.11,04:18:40
1204,508,750,19,15.15,08:30:32
463,2442,2799,4,22.02,16:28:16
2681,2942,847,2,4.63,16:20:18
1794,2870,1652,8,1.11,12:36:24
1735,2597,1844,19,0.17,06:57:54
2442,946,807,16,20.82,21:27:31
1135,448,2808,15,17.84,17:31:27
1110,2504,1439,4,16.73,21:10:02
904,2080,800,3,4.96,01:24:56
70,1358,1675,17,11.02,21:22:59
2346,210,281,20,11.53,02:19:40
1698,751,600,15,4.0,17:14:10
2411,1010,763,20,14.99,05:39:18
2403,1603,2172,14,19.57,19:40:17
927,822,1071,10,17.98,07:15:25
732,265,1656,10,21.16,23:25:25
2238,1957,1478,16,16.38,01:29:38
181,2355,2469,10,24.19,19:39:47
799,1040,1383,12,2.72,09:48:04
1928,1247,1839,5,22.37,23:46:53
2503,1874,2804,6,14.0,11:51:58
2356,120,1464,14,15.35,10:33:30
708,2584,972,6,9.76,02:33:36
669,1648,2552,7,16.22,14:32:16
182,170,2630,3,7.6,08:42:45
681,1233,2217,18,4.64,18:06:44
305,1151,732,2,11.47,01:35:07
1875,179,1859,11,1.61,04:32:01
1632,1536,293,11,7.33,02:58:03
1854,2091,1961,1,21.78,06:08:30
1364,61,2862,20,14.98,14:32:06
2462,1764,213,1,24.78,16:00:09
1919,2500,2556,10,18.53,04:12:19
1484,1831,2939,11,4.28,02:38:55
1628,2456,2005,8,16.49,12:22:21
2948,947,886,7,19.51,01:22:28
1612,176,2159,10,5.15,10:33:05
534,795,1876,7,2.85,10:29:18
882,776,2577,6,15.15,21:20:40
2516,177,848,15,3.66,18:03:16
1393,1487,2585,18,0.89,18:09:07
1177,1680,1054,18,24.73,14:36:54
600,484,397,13,0.35,21:51:27
989,1136,884,11,22.43,03:57:48
1403,556,789,19,2.15,13:48:31
1300,637,2312,9,2.73,12:34:24
22,926,2207,9,5.72,07:04:20
2763,2812,2409,4,20.37,22:32:17
1865,1583,253,6,12.63,17:32:51
2733,827,1762,15,5.39,20:56:35
948,717,1831,17,6.17,16:27:21
1963,2016,1887,9,11.59,14:56:50
1024,2638,2054,16,20.83,04:42:56
905,491,914,20,13.86,08:01:26
470,105,266,9,4.48,15:41:41
2821,2280,1535,18,23.85,23:58:57
1482,1766,985,9,12.92,14:53:44
720,338,1554,14,23.14,11:04:20
656,369,1987,18,18.55,09:33:30
1877,2302,1582,18,18.98,05:29:50
1178,631,552,10,0.38,11:46:07
2198,2616,518,10,12.53,13:06:32
985,1461,535,12,22.21,08:40:12
2188,1817,2314,8,11.3,12:59:55
882,118,97,5,8.82,11:59:06
201,951,35,3,11.87,16:16:59
1161,2738,483,9,4.7,10:07:01
1359,267,812,15,6.28,04:06:47
681,2072,443,17,0.13,05:10:12
285,782,1498,2,12.18,18:05:54
507,906,2904,16,12.41,04:07:31
2581,2306,1921,12,19.41,20:34:38
1240,598,167,15,16.01,07:34:33
1603,1950,1650,17,5.92,16:58:12
1190,2608,1076,18,12.21,00:07:35
756,1358,446,11,7.34,00:49:53
107,575,1572,4,14.63,01:46:30
2899,2727,2539,14,19.26,18:41:48
1374,825,172,19,6.45,05:13:26
966,759,1458,14,19.72,02:32:05
2066,678,1371,15,15.69,14:08:52
385,422,2402,19,23.2,10:55:45
1975,153,753,2,0.07,18:20:28
746,1209,2361,3,7.23,14:59:17
692,778,1689,19,18.89,20:53:12
819,246,1001,17,20.21,08:52:49
2935,1716,2158,8,4.2,10:14:51
1320,919,2111,12,13.59,11:18:05
2542,1361,1676,18,6.6,19:35:29
1480,1174,218,8,13.67,00:58:35
495,62,385,7,9.04,00:01:54
1364,135,465,18,19.02,08:00:02
2754,1042,1088,16,3.8,14:06:16
1725,1390,2611,2,1.61,06:52:27
1943,634,2983,6,24.31,01:07:30
865,2958,2619,10,0.47,21:44:11
1376,1613,2266,4,20.46,14:24:41
2270,2257,2907,5,6.24,06:12:20
334,636,860,6,18.16,10:57:09
866,791,2640,15,15.78,14:00:54
528,357,804,8,9.81,05:10:30
1097,121,656,18,11.3,23:59:02
2374,126,1220,11,15.72,10:00:14
2228,2241,1225,19,19.84,02:41:39
1090,1452,1647,12,17.96,00:12:14
2445,1169,2043,6,21.34,21:30:22
1288,2645,1102,6,16.66,08:28:00
97,189,2759,18,11.08,12:29:50
2468,2078,1825,2,14.52,08:45:05
2001,615,2024,12,11.42,03:45:53
647,1454,452,2,12.17,09:50:14
873,2601,937,6,17.28,11:12:25
2752,2014,2335,3,16.63,18:01:42
637,121,155,7,1.87,01:53:46
1523,2775,690,1,22.19,11:03:34
1715,2438,2754,16,20.33,02:52:13
622,2167,36,3,21.53,11:08:34
2916,1854,1232,12,10.25,20:47:14
401,1287,2775,14,13.13,13:32:15
2842,1627,2705,6,22.05,15:54:56
1413,777,2668,17,11.55,20:03:21
2839,756,937,15,6.23,21:40:13
1940,2494,2787,1,1.59,17:27:43
1891,2651,2562,8,17.36,16:30:11
62,2170,510,3,22.82,14:37:00
1251,2223,1880,16,2.54,18:40:41
1415,2803,2911,11,18.8,15:03:28
2224,156,1036,11,9.93,20:11:00
2058,1910,2068,3,16.4,05:42:00
368,365,1456,6,20.39,16:44:36
633,1347,2424,12,1.3,15:15:52
95,338,1448,1,14.48,06:44:54
89,1655,1975,14,23.34,19:34:54
1491,504,773,3,15.36,19:25:52
1956,1018,185,19,1.0,02:12:49
888,69,137,5,23.87,08:49:27
2721,1356,845,7,1.78,10:00:40
303,2898,2427,9,19.35,20:49:53
2504,841,2854,2,12.19,10:23:27
554,2281,1458,5,3.82,04:29:30
2800,2118,951,20,17.46,12:30:54
427,633,2923,8,10.61,03:12:43
396,2892,779,5,18.33,12:58:03
748,5,982,10,8.33,01:59:48
2346,465,615,16,21.47,23:34:09
2048,1284,1092,9,13.44,09:17:04
393,2967,1744,16,6.61,10:41:03
2645,720,28,2,20.87,19:37:12
594,941,1493,20,23.32,12:42:10
1382,2727,1535,13,14.88,22:43:20
829,2324,1794,16,14.58,15:06:32
2634,2669,319,16,11.72,19:06:02
2643,2325,1080,2,11.8,09:34:03
748,320,262,17,13.31,04:55:10
1089,776,1423,8,23.19,19:25:42
2485,2168,2303,2,23.19,04:12:13
2242,285,109,17,24.36,10:18:00
944,692,2858,13,24.72,19:08:46
1884,1861,2131,16,4.46,15:56:47
1772,2992,176,2,8.0,22:12:39
734,675,1460,12,1.1,22:17:54
824,1559,1982,1,7.48,09:46:20
1120,256,466,3,17.4,05:02:35
1395,447,60,17,19.62,18:19:45
2549,2645,1671,2,15.41,04:46:46
1983,2640,2615,1,12.79,13:47:04
2722,824,2799,7,11.8,13:07:14
1794,1247,2140,9,4.8,18:30:04
2274,1269,213,7,18.94,00:08:34
2496,1015,1121,6,9.53,21:59:21
2689,508,652,3,10.74,03:36:14
2995,797,1073,19,12.02,22:25:05
59,448,619,16,15.34,19:09:40
2774,1528,1646,4,11.3,08:08:42
1159,980,2485,13,6.86,08:42:59
1159,2399,1196,15,21.37,06:33:13
2720,810,1642,19,10.1,00:31:23
628,939,949,13,23.97,08:11:25
2899,1898,2357,20,19.51,05:23:07
245,2075,279,8,23.77,21:41:43
2780,1518,2022,6,2.26,19:42:45
1830,456,2985,2,17.04,02:56:21
977,1129,1409,9,0.09,05:39:53
2421,543,1720,4,12.33,12:47:32
2679,1789,1958,14,13.45,16:46:15
962,393,971,2,7.05,06:27:36
1270,2712,786,20,13.75,22:23:16
14,2144,1029,16,0.82,05:32:02
1461,1467,2190,18,9.87,16:13:41
2635,1335,2957,1,13.35,08:37:02
628,2876,1023,17,10.66,13:50:54
2363,1483,1794,11,3.59,06:05:05
717,1121,1361,10,8.4,21:20:02
2813,1118,2033,16,4.11,19:07:14
1941,2527,994,19,2.07,01:40:59
1629,2530,1431,16,5.57,04:17:45
189,770,2809,11,1.08,17:19:05
2908,2869,2021,16,7.36,14:43:35
2017,1365,1784,6,1.06,23:42:37
2659,622,1357,10,7.07,20:09:08
897,2999,2747,15,24.0,14:24:50
1873,2215,1265,4,12.84,20:28:07
143,2959,1052,16,9.28,14:29:41
2454,1551,1675,4,24.86,12:33:51
2566,2688,1326,9,24.07,03:28:29
2221,1233,2155,6,14.49,00:21:51
1236,1199,1210,12,16.02,00:19:31
1580,965,2537,6,5.57,16:50:09
1903,2121,1197,6,9.73,20:10:58
2203,1675,295,20,4.78,01:38:28
2741,755,1959,4,23.4,06:20:42
1334,1512,25,9,21.78,14:07:31
470,2941,1139,1,14.31,05:21:45
1919,173,2481,20,17.14,23:56:37
1148,290,1062,11,5.82,06:35:44
1422,1828,336,14,15.36,14:52:15
2222,1380,936,2,6.73,09:06:06
2584,1959,999,4,19.13,05:14:14
502,953,727,16,12.57,01:09:03
667,1023,118,11,9.92,15:14:38
29,1888,2628,6,3.83,16:47:33
2827,2311,2121,20,5.82,09:20:28
2189,2399,1582,9,5.98,15:28:12
2272,1237,2329,3,18.56,16:59:04
1830,613,2260,14,2.75,17:22:28
1658,1220,2978,13,21.74,12:38:29
960,1829,2604,19,21.44,06:53:32
2084,2055,1814,18,17.39,20:50:34
1987,1616,1289,20,14.82,23:55:06
700,1640,232,12,14.27,13:31:22
462,238,42,12,14.57,18:59:25
292,1330,2843,18,23.6,01:04:53
1686,1603,1130,5,11.93,22:07:18
2842,571,2713,16,2.55,17:47:53
2949,1261,705,7,2.07,18:35:13
2207,1032,168,20,15.67,15:19:49
1020,1304,2434,19,11.71,21:30:58
1514,547,2565,14,5.45,19:57:33
2011,1865,105,7,4.74,14:20:00
2649,2454,825,9,19.04,19:31:25
358,2620,2808,15,0.5,11:54:30
1634,127,2041,2,13.3,16:49:28
635,282,2581,9,15.08,01:26:25
963,2584,1563,15,22.83,22:56:01
2194,533,1280,19,24.78,08:32:28
1840,2829,2075,5,0.49,15:20:24
1315,1093,1964,11,20.85,05:08:45
1802,1884,397,12,0.73,02:38:35
1226,2152,1011,15,8.33,19:18:10
1833,742,2711,7,18.14,13:49:36
2709,2390,2816,2,20.13,00:18:34
2866,2420,1165,12,15.8,06:01:13
2407,1658,260,7,8.06,05:58:29
703,1349,1100,20,1.4,21:52:31
1066,1559,186,1,21.24,18:54:12
1628,1475,531,20,11.5,23:34:02
518,1549,1236,7,11.43,03:12:08
2404,890,2783,19,18.18,02:01:13
2083,305,2242,12,0.69,05:22:36
512,2292,2849,5,1.47,01:28:59
2763,2755,2660,8,8.37,15:52:38
2710,943,1559,18,20.56,21:39:06
1258,165,279,10,21.89,13:30:02
2229,1839,483,4,13.02,15:36:38
1709,1858,1588,17,18.62,11:47:15
2585,1462,909,12,19.68,01:04:21
2980,1043,2922,7,5.94,00:30:35
409,2161,1369,17,23.6,01:00:04
2675,1124,1385,5,22.53,03:49:17
1359,398,628,11,13.45,23:45:59
2393,1972,1642,18,3.17,22:52:06
2270,2662,2924,4,14.68,10:46:36
2637,525,1160,14,17.13,21:35:16
23,2299,2375,14,12.76,18:31:42
2375,794,216,15,1.7,02:46:51
2283,611,1435,7,10.71,23:05:08
753,649,738,13,3.58,01:54:33
1967,239,1089,18,10.96,00:26:42
1148,1299,332,9,10.59,20:38:50
1816,1546,1190,5,8.86,20:10:14
2376,653,1277,20,1.13,03:33:24
503,2761,1178,10,23.89,22:39:50
1153,988,2143,5,12.5,01:19:48
968,2375,1914,11,5.33,03:14:32
1912,1233,2117,5,5.6,15:29:33
297,586,820,9,23.06,08:09:14
2615,1454,1810,3,21.81,01:24:29
180,2094,265,2,0.97,06:54:08
555,1820,2591,6,7.74,16:25:11
2449,678,40,5,19.96,08:37:17
1580,2105,1808,7,8.42,04:56:00
1637,2141,1826,4,6.09,14:04:38
2879,2452,313,12,2.92,07:31:48
1175,2389,2643,14,15.43,18:44:37
355,223,946,16,24.74,01:51:37
2367,2576,2604,19,2.09,19:32:02
1998,133,308,12,12.76,04:19:03
1591,886,2471,8,15.6,15:40:19
362,2183,2208,18,10.02,18:51:40
1948,119,1651,9,16.41,08:57:27
1014,390,1048,18,13.34,06:57:38
2071,1931,1941,11,7.38,02:03:33
2356,564,2895,19,4.68,23:36:13
1710,265,274,10,0.72,01:28:55
2820,710,543,6,7.2,21:06:28
132,1137,483,18,16.07,20:53:34
780,1309,1653,13,6.74,21:32:46
1935,1861,1670,4,8.21,06:17:25
1167,604,1922,4,15.74,18:28:09
2415,114,653,18,15.92,01:34:40
2146,242,2555,5,4.61,08:50:00
925,677,1146,10,20.99,01:18:52
1812,2055,1049,17,5.47,16:41:16
268,283,2485,1,7.77,12:36:51
2848,1564,753,16,14.79,01:47:20
572,1241,1660,10,8.59,18:11:49
1776,2717,1046,15,18.88,22:08:01
133,576,2354,7,10.22,02:21:44
1674,1406,2438,7,0.58,20:52:06
1834,2641,1616,3,1.66,22:21:35
2599,2231,2039,14,12.48,20:37:08
383,2193,1261,3,19.04,15:22:06
602,449,1974,6,16.79,12:17:33
1998,1365,1949,8,23.36,08:12:48
1638,980,1411,4,8.96,20:38:56
1223,1829,358,20,3.96,13:58:53
158,1931,1120,13,11.35,06:38:22
1389,1351,2298,6,2.83,16:14:50
1899,2341,2683,19,3.29,03:51:00
149,1786,1964,3,19.58,16:30:21
1494,171,529,19,22.88,05:04:03
1046,328,2681,11,13.82,00:51:38
2227,2119,2296,7,5.59,11:56:56
2853,504,1662,13,21.41,17:05:35
11,401,349,3,17.27,10:38:48
2712,572,1930,13,9.79,03:50:59
782,2596,2687,8,8.61,12:34:24
2590,2234,2065,13,24.38,04:10:51
271,229,771,7,5.89,14:16:47
2080,209,629,13,6.68,11:29:13
392,2133,535,14,17.57,05:30:14
70,1164,1760,14,13.48,23:07:55
1810,376,2883,13,9.32,02:33:53
1438,132,958,13,20.08,00:03:46
803,2438,530,3,2.4,01:09:19
2880,96,1862,6,8.94,06:16:15
1917,2606,2333,9,1.97,04:33:04
2921,218,727,13,1.58,13:37:13
654,2343,529,7,11.12,10:21:07
2082,1393,159,1,22.32,01:55:50
928,287,1558,20,1.3,04:16:35
1545,167,185,19,10.45,15:58:50
2227,2751,123,6,6.07,11:53:57
1547,1743,923,4,3.87,15:21:27
2950,1879,23,8,2.39,10:48:14
1823,615,178,8,0.2,05:28:26
2460,1141,2785,10,4.57,22:07:37
2883,391,879,10,17.05,12:07:16
480,1479,1728,20,14.55,22:54:09
2408,2412,2797,5,19.14,20:19:01
942,1421,692,5,7.55,14:08:45
1781,1202,1054,17,5.89,12:54:15
1903,472,451,19,22.42,23:15:04
1822,609,1058,3,5.42,09:50:11
1681,1696,2084,20,1.19,16:58:07
2236,1796,2676,18,24.43,08:15:11
2525,627,920,18,12.32,08:16:37
1238,307,963,16,23.41,11:02:07
2229,93,1198,10,8.33,10:10:05
923,2189,1172,11,0.07,09:31:48
2168,170,1340,17,16.7,03:16:15
1862,1576,2781,4,6.95,21:06:42
643,33,1749,16,4.5,13:56:34
83,1410,2187,18,8.08,13:32:21
1172,1840,1919,5,22.78,06:03:14
191,254,128,2,10.01,21:48:50
2902,1627,791,6,18.19,19:01:01
2882,2369,505,17,19.09,13:18:15
1600,963,1726,9,18.82,15:42:46
976,1215,424,5,1.68,17:42:39
1286,1321,2976,6,14.26,14:19:50
2023,979,1374,10,23.04,07:33:47
711,2932,970,2,19.17,09:08:53
1891,1834,2453,6,12.76,07:02:15
227,1770,2817,14,12.54,17:40:22
2195,2742,1002,16,23.01,01:10:52
1362,1737,1315,7,21.14,16:21:33
574,1729,1478,8,6.14,02:32:13
2797,1924,657,16,18.17,18:00:00
345,655,1808,9,8.88,06:41:22
2269,1687,1981,2,6.04,22:23:52
737,294,2506,17,6.52,21:40:26
1800,2255,299,18,24.96,23:07:17
2411,1977,519,18,6.99,16:06:06
2713,1207,1609,12,2.56,16:46:52
2029,672,1928,6,18.38,00:10:17
1607,1573,2535,14,9.83,16:37:43
419,2028,1258,1,15.93,10:12:54
908,1333,53,6,24.54,18:50:58
2058,2654,2979,20,16.94,13:13:42
907,2448,2407,15,2.7,18:06:05
1831,436,1566,15,9.95,05:44:38
2064,2982,66,15,12.77,10:08:37
504,526,1481,10,24.35,22:48:07
1962,1819,369,7,23.01,03:25:01
2613,1167,2486,13,2.01,10:42:54
2275,2609,1242,6,1.06,15:34:19
248,1811,760,20,20.83,16:37:35
1966,1009,1840,8,21.1,09:17:42
1974,1547,1012,3,22.6,16:59:58
1133,1518,2503,16,16.71,04:35:28
1562,2849,142,11,7.28,18:35:06
2071,1566,1854,20,11.63,15:37:04
1084,1359,870,8,5.55,03:47:22
2402,1237,2490,11,18.66,21:20:44
850,5,2769,13,3.51,14:19:31
461,1745,743,19,24.64,03:36:01
609,1512,234,4,10.82,16:45:43
785,1438,2137,20,16.38,22:39:00
422,1382,2536,17,0.73,14:07:44
2064,389,218,1,16.49,09:58:43
2960,1965,164,11,15.3,15:07:43
2830,2373,1738,8,4.63,19:04:56
1666,932,2936,8,3.05,15:04:42
2863,1890,2793,15,14.12,06:42:04
233,730,1748,16,6.96,01:53:03
1901,2684,750,19,6.98,21:44:59
1737,1544,890,10,16.87,17:03:54
1063,1536,1034,14,21.63,18:54:17
1537,1547,2405,7,9.45,11:29:08
255,339,2195,1,4.42,06:16:41
2318,2119,2244,5,21.6,03:23:41
2962,1409,1977,6,12.39,17:19:10
119,1540,2558,8,18.98,02:06:23
1887,1597,2438,1,10.2,14:26:28
969,1409,1248,13,1.73,01:55:23
2622,1635,2879,8,18.02,06:04:14
2046,2080,1785,13,22.98,12:47:09
2378,2292,2051,14,20.91,05:10:53
1430,1244,2901,4,15.8,13:17:26
1701,1563,2354,17,7.84,17:14:39
378,2620,678,19,21.98,04:20:25
123,2534,638,1,17.73,12:52:03
808,748,1980,19,13.59,01:52:55
1327,834,2067,16,23.88,23:13:10
1920,2103,324,16,10.35,23:35:48
2256,2397,1895,9,2.91,04:11:10
2924,1936,1845,12,7.48,03:20:48
815,396,1451,14,12.92,23:25:33
2083,2503,42,2,17.19,23:34:28
270,2755,1513,3,17.09,08:06:50
314,593,843,8,21.8,20:39:01
1417,229,113,3,20.91,12:00:11
1876,171,1399,3,21.92,14:25:30
1579,2063,2910,17,21.38,11:08:23
500,2548,2684,19,12.0,10:43:12
2674,2929,2480,2,10.1,17:38:26
1137,1538,2789,9,12.43,22:57:55
1495,131,1901,5,0.44,10:11:32
579,2069,2023,4,21.63,07:11:30
1159,454,432,15,5.72,00:57:12
1315,2607,607,15,0.05,02:41:44
625,1681,2216,18,20.2,16:01:18
2674,231,2535,15,0.78,05:18:00
2351,2619,2314,4,13.36,06:52:20
594,96,2289,7,23.33,21:11:51
1188,1624,845,1,9.33,17:47:40
259,885,909,4,12.06,10:33:25
1499,1414,2963,13,9.49,00:58:00
418,1886,1654,8,17.25,19:02:40
1016,2322,20,15,24.14,23:02:17
254,2055,1837,15,13.31,17:52:40
1549,2939,1972,7,14.4,20:45:26
1413,1221,2688,7,17.3,14:59:14
1049,1415,1081,20,3.48,07:53:42
109,1540,2485,15,24.33,10:51:09
2798,1317,944,16,13.82,18:27:11
909,1075,623,7,11.27,11:01:55
1776,1166,282,15,19.2,19:55:42
2455,152,1823,4,19.86,10:25:54
943,2136,920,2,20.32,14:22:33
605,35,963,18,20.94,09:19:57
2479,2568,2134,6,23.31,23:12:52
2640,2279,2385,20,2.26,10:00:08
1502,1039,143,7,16.99,15:30:04
2265,2223,1779,14,2.96,23:24:04
1558,575,2249,20,14.42,21:20:02
1896,2702,803,15,8.0,03:24:16
70,1523,321,19,7.32,13:09:16
217,107,1340,2,22.9,09:59:09
336,1762,798,14,24.18,15:47:54
417,1488,970,8,19.01,17:13:58
10,1833,1418,13,10.53,16:18:32
2366,2067,552,8,20.1,01:34:16
2105,1295,847,19,0.74,07:32:54
1163,1513,1150,13,8.91,07:52:43
1766,1366,2325,2,23.84,02:51:25
1785,2542,2297,6,15.51,05:48:14
132,2141,2495,9,11.89,04:35:27
1721,944,297,14,24.71,07:16:46
1246,2729,1857,10,3.08,12:37:42
2828,838,1150,18,0.9,13:44:37
2718,1885,1468,7,14.94,14:35:35
1343,2444,303,14,18.62,04:13:44
1159,76,1243,4,19.38,18:35:41
416,2016,604,10,18.36,22:52:32
2435,1858,1501,16,24.05,02:59:32
1883,2621,1725,2,7.68,08:03:32
273,689,2378,20,4.03,14:10:19
1453,2428,256,9,3.0,16:57:51
1585,1456,2477,7,7.86,01:47:37
1322,1940,1047,9,8.01,11:33:12
1655,2407,1420,4,8.75,18:46:26
1992,788,2052,3,2.31,12:24:15
2049,1832,2874,9,22.77,03:20:20
610,164,2163,3,2.66,09:59:20
2369,356,1141,8,20.65,10:54:34
2886,63,2372,15,2.4,19:17:39
985,512,1319,7,16.55,06:46:42
1726,1399,979,7,17.96,01:12:10
333,351,1874,4,17.17,04:32:33
2208,2783,2315,13,11.36,02:34:16
2245,2559,1010,16,24.3,15:30:27
2441,1985,965,10,15.49,17:35:04
1981,1867,78,16,18.11,09:53:42
2653,5,2220,12,24.11,07:54:05
2204,2884,2384,4,1.13,21:40:25
2820,858,2390,10,7.92,21:34:32
1188,1685,1809,4,7.51,09:23:03
557,2542,1845,12,23.3,20:18:18
1454,704,1931,8,17.17,19:23:27
2327,1492,1308,18,14.7,02:42:48
746,1387,206,13,8.24,23:50:52
1216,1953,8,5,21.15,08:43:04
1993,1947,2471,14,16.71,15:31:14
264,552,234,9,13.81,05:10:53
564,549,2388,16,13.68,02:15:11
2462,2145,2992,13,20.16,02:55:58
1017,1208,1598,20,8.96,16:14:12
1356,425,1770,2,20.07,06:51:13
833,559,2157,15,4.3,11:39:40
1614,1307,291,17,9.84,08:42:12
2659,2019,2497,9,20.59,17:42:27
2756,2113,1941,12,19.72,04:33:43
1722,898,2950,16,21.74,03:24:21
1623,2288,1145,1,13.64,03:00:38
163,304,2014,10,5.77,03:13:08
558,1355,2650,7,24.05,22:17:07
36,39,2245,6,9.39,01:28:03
6,1630,153,19,1.22,11:06:05
2087,856,1621,13,16.43,15:14:49
1719,1690,1977,8,7.21,16:58:49
2921,1934,2480,19,10.11,00:20:52
2478,955,1998,17,4.81,23:17:39
773,1893,2038,16,20.61,19:42:38
487,1771,217,3,17.23,06:05:25
1277,2054,370,14,10.21,22:27:12
54,1330,2367,16,7.41,21:05:00
552,1170,2508,12,5.54,13:06:12
1339,1496,899,13,14.38,20:59:21
589,728,391,2,21.31,04:53:52
1144,1839,919,11,8.71,21:47:43
2842,436,2350,13,15.59,15:30:13
767,1556,496,15,22.97,10:21:09
1198,2072,1885,4,18.04,12:25:20
2382,2843,1195,9,3.2,20:51:49
1491,509,2735,6,6.53,23:28:46
733,1655,2024,12,16.25,03:04:55
2629,2030,770,8,1.53,07:30:39
2855,254,502,3,7.16,03:34:56
781,52,1596,15,16.55,04:12:33
458,1808,1216,16,22.53,21:50:19
1266,2760,2683,19,5.46,20:39:40
1367,1543,1542,9,18.94,22:40:24
2175,2668,2930,5,1.97,08:53:24
2113,2314,1746,7,9.56,11:56:51
1792,288,1759,17,2.42,20:20:56
205,703,2730,3,20.18,08:15:30
181,1670,2443,8,16.87,23:00:31
428,273,2479,5,1.22,08:30:48
2147,35,488,14,21.74,23:51:36
1213,1712,1485,15,14.93,14:38:17
2745,2793,1035,3,6.44,17:57:08
1725,1136,451,9,5.69,15:18:14
1342,545,2502,18,5.0,00:28:11
907,1299,728,4,23.82,00:11:29
1475,2925,273,16,9.76,21:23:40
1536,1397,1384,9,5.5,08:56:36
1843,2712,1740,9,5.22,13:13:08
167,605,1734,4,10.36,21:46:43
1791,674,1625,15,6.58,16:48:51
1394,699,1918,2,14.83,13:39:18
761,91,1629,5,3.73,07:07:14
977,1640,2169,13,8.5,20:23:58
455,295,74,14,1.7,13:56:52
2013,2571,91,11,17.07,02:40:31
2647,858,591,11,10.08,09:56:28
1560,1002,499,4,9.11,19:07:04
1589,475,2440,17,14.92,20:42:44
1700,2525,2131,15,20.93,07:10:51
248,404,1406,18,9.47,22:17:09
2844,23,2010,2,12.08,03:07:05
584,1401,428,17,1.37,06:11:29
725,290,1696,6,14.47,09:31:20
1637,1896,768,11,18.51,01:00:57
1759,753,2853,18,17.34,02:02:04
639,1524,2033,13,17.74,22:06:10
1800,1441,90,7,7.04,12:08:56
2280,2082,2201,17,14.9,21:07:37
47,2367,2578,7,17.33,05:02:13
1937,1118,2286,1,18.33,20:08:21
1227,1771,802,6,13.44,05:17:12
515,392,2931,7,12.7,06:43:18
599,2013,1797,3,13.49,18:49:20
535,991,2072,5,6.76,03:57:53
766,1441,2554,3,8.46,10:02:33
1721,2268,71,5,11.15,09:47:19
1995,1491,1940,8,5.72,23:06:28
1650,1398,1637,5,22.99,10:20:22
2387,2101,2102,5,22.39,09:08:38
1172,1411,1250,3,14.11,13:02:14
60,598,2326,13,7.04,17:47:27
1073,213,2485,12,15.8,16:00:37
587,259,1434,12,17.06,06:30:12
326,154,1728,19,13.03,11:03:09
1020,2391,883,14,2.56,18:50:03
1741,896,1819,1,6.06,09:42:20
1701,1784,2842,13,11.25,20:53:46
1380,636,2786,1,9.29,01:02:38
719,1750,2948,11,15.2,18:58:27
1808,2905,2097,9,10.02,13:11:57
1752,719,2596,1,3.68,19:32:57
2517,1554,314,6,18.76,05:11:02
2764,2168,1861,16,13.13,05:53:38
2312,2310,1180,20,20.39,09:02:22
919,1049,968,11,24.97,00:35:04
1927,2801,101,16,22.63,03:25:36
2511,1827,1903,6,12.4,22:31:21
1489,329,1364,15,20.69,21:30:35
1098,1430,1379,17,13.18,13:44:45
2321,1861,2984,8,20.16,13:29:16
134,2672,120,5,22.97,09:22:16
2706,1160,2906,20,8.48,20:18:45
95,2958,661,17,3.07,09:53:46
1613,54,2384,17,9.66,19:11:42
2373,455,1208,6,2.38,06:47:47
2957,1606,1398,18,11.95,23:55:24
2801,266,1814,20,21.08,02:30:02
152,1898,806,2,1.1,21:35:38
254,2736,2090,2,7.01,06:28:11
2221,40,1141,16,12.88,21:06:41
1684,1658,606,18,3.1,12:22:46
1860,1880,148,10,15.69,01:58:13
2949,1939,1792,1,16.83,08:08:33
417,892,690,14,12.16,13:11:30
2696,1254,2464,13,1.79,04:13:54
2384,634,1774,17,20.94,03:45:58
1863,1926,1895,11,21.64,00:56:43
2243,206,543,13,2.39,23:34:02
2069,169,1738,12,3.8,20:54:28
2633,154,262,14,2.83,19:02:17
2256,1536,2099,19,8.1,19:58:49
200,569,713,11,6.06,13:54:25
2439,2416,32,1,24.01,17:16:58
343,925,2620,4,13.4,20:12:10
787,2518,1070,12,4.92,08:58:03
1308,2391,46,4,16.57,01:22:50
150,1129,303,18,15.55,22:37:03
443,396,400,1,20.69,19:23:07
573,673,806,8,18.85,21:14:18
2087,2384,132,13,10.83,08:11:47
309,2004,2502,13,2.05,02:38:32
2586,677,812,11,20.31,11:53:19
1591,1711,2868,17,22.58,10:59:10
137,1155,550,13,17.47,06:28:59
641,20,1583,4,8.37,07:50:17
2877,1611,951,15,0.78,03:07:55
314,793,127,7,3.87,22:37:47
1971,2404,175,4,15.28,11:14:16
2247,741,2210,10,18.04,08:18:17
565,354,943,10,1.5,11:38:54
1995,1819,2080,5,15.46,23:12:25
997,759,1072,8,7.19,19:21:37
1313,406,504,6,11.84,11:12:20
442,2753,1905,20,5.82,19:17:55
1548,2272,2716,17,10.67,08:25:59
2497,2355,2506,5,20.12,18:05:26
2330,2523,2468,3,12.13,23:31:14
141,2750,2376,10,10.49,09:30:36
1578,2355,2004,12,10.51,00:57:36
2411,1766,867,19,0.65,12:39:30
754,1710,632,17,15.56,17:47:13
283,670,2545,15,9.13,06:49:30
1549,223,2718,2,4.55,08:25:38
1347,1754,145,4,15.44,21:05:53
272,2423,866,1,4.94,05:08:00
2739,178,273,6,24.9,01:25:37
1450,717,764,9,11.8,23:23:13
1397,749,2333,3,8.0,18:56:19
2404,2259,1931,5,4.9,20:01:50
2924,890,2864,8,7.25,23:47:40
2665,1252,1650,4,16.75,17:17:02
1260,2246,584,3,19.11,11:36:18
1448,2016,889,10,3.81,06:43:09
292,1017,2081,13,17.2,23:08:56
2878,474,1617,13,19.84,04:37:56
2785,1673,2274,4,1.98,03:32:06
1859,1053,207,10,13.16,18:00:12
1456,602,2336,12,2.08,10:19:57
2644,564,10,6,11.12,14:29:51
1305,805,845,1,14.84,13:53:36
1189,1936,996,11,14.09,10:02:08
2638,1051,15,20,11.22,18:55:01
2213,2926,702,20,21.4,23:12:43
2881,2057,1047,9,12.77,07:38:54
987,1764,1066,2,15.8,05:20:49
1599,1633,1907,4,19.57,10:15:24
2051,1323,1415,2,1.48,05:35:11
341,699,158,10,24.66,20:47:31
1164,2779,2816,1,18.59,06:04:32
1629,571,1493,7,21.13,14:45:32
1982,1128,1034,19,21.14,05:07:07
2510,2296,2157,9,9.3,19:48:32
146,1873,994,17,22.73,15:12:14
1175,821,1835,11,16.33,04:52:10
2538,394,1326,20,20.0,01:12:10
2124,1998,2424,13,4.67,03:25:40
2584,1610,1589,1,6.88,05:23:59
988,127,193,2,14.46,20:41:01
1305,1433,1936,19,17.57,06:37:42
1669,1377,317,13,0.9,23:15:58
1193,1390,1693,3,21.28,07:19:31
2218,1566,1850,11,15.99,21:57:34
2564,809,460,12,7.77,17:29:17
1990,2679,238,8,9.08,01:52:09
1281,2035,620,20,4.79,01:41:03
2168,1794,2349,2,7.94,11:48:44
1365,528,1408,13,12.44,16:14:21
217,2223,2934,15,4.99,22:48:58
2725,367,51,1,20.94,16:03:22
1040,1357,423,12,1.12,09:30:08
1060,727,2556,4,6.89,09:31:59
2493,1811,2869,13,20.06,01:23:03
437,2822,143,6,16.57,00:45:23
38,1242,439,6,15.44,08:50:54
2635,2064,2834,3,21.47,09:52:09
841,2202,172,3,6.77,18:04:31
1247,1966,216,18,24.58,08:25:15
1000,2808,1071,5,10.71,15:29:59
2462,2116,333,7,13.27,22:21:14
348,2951,202,4,1.29,16:21:40
937,2521,1883,19,14.41,00:01:01
2544,176,2398,10,11.03,09:19:40
1435,2646,1837,12,1.84,20:12:34
2855,34,819,20,8.9,20:27:27
1479,2865,1088,9,0.38,14:49:55
1411,426,470,9,6.74,09:37:01
2119,1244,1740,1,9.49,03:49:20
1600,2776,1068,17,11.39,08:47:53
2623,1164,1380,20,7.82,08:39:41
423,2269,2126,14,4.5,10:25:22
670,487,182,10,2.65,13:35:08
2016,2618,1309,17,6.67,06:06:00
208,1988,964,5,17.38,19:07:03
460,2552,458,15,7.92,06:05:22
541,2006,1189,10,18.08,20:17:10
618,1223,256,20,13.41,14:10:38
3,1472,2735,7,15.55,03:26:01
1102,2918,1189,6,18.56,21:57:22
1940,2017,1500,1,22.92,03:07:39
1939,2965,2391,7,2.09,08:51:27
1042,2214,1726,5,4.98,07:08:33
1307,2412,859,3,19.72,18:37:34
486,873,1529,16,10.81,18:07:05
568,947,1024,20,13.78,21:22:31
176,1867,85,7,18.04,16:40:52
957,282,2333,18,8.48,03:29:55
2052,886,2611,9,0.05,23:09:44
408,2259,660,13,4.86,01:35:16
2168,1460,1788,17,8.98,15:47:50
874,1209,1438,7,11.46,10:27:23
690,2184,1559,3,21.15,18:01:56
2572,2185,2453,6,16.36,01:26:51
403,2310,441,3,20.44,07:22:05
2848,2770,2540,16,1.83,01:06:18
966,2830,1196,13,8.23,11:19:21
1605,567,483,1,18.48,03:48:21
83,1274,1770,11,9.21,22:11:15
1207,838,2872,9,4.74,06:05:05
369,1100,143,11,20.47,03:50:28
288,2370,1917,17,21.43,04:29:32
2152,2460,1355,11,22.74,02:41:51
2189,2816,2392,12,8.74,07:52:30
570,1923,1543,15,24.18,23:08:05
2740,283,210,9,7.07,22:26:54
1382,1939,2045,11,4.4,17:06:29
1523,695,1735,17,0.05,09:11:50
2102,2595,2414,7,0.43,15:07:49
2490,2292,2064,13,2.01,05:06:39
2045,1731,1744,12,17.17,07:14:30
2698,2041,1819,12,8.24,16:23:09
2492,2318,1422,3,10.18,04:46:27
1634,2673,1604,10,15.68,22:36:20
2847,723,2200,2,6.62,22:28:14
2164,2386,2590,17,10.05,23:27:41
781,226,240,10,24.52,14:59:16
24,2222,1867,4,14.02,09:16:03
1034,328,1836,17,24.28,23:59:45
2955,2497,535,1,20.53,17:15:12
1848,522,1030,6,23.41,17:42:50
1596,429,2129,18,6.05,10:33:08
90,354,186,2,22.59,15:15:24
2755,1020,1164,11,3.51,04:09:41
1048,362,2738,13,17.75,21:49:29
103,832,2984,4,19.04,19:43:46
1125,2637,1364,9,13.51,03:19:23
2078,1335,1032,11,1.18,00:59:15
1214,1218,1677,6,2.77,15:34:29
1332,2102,1894,3,13.62,06:50:47
1154,2499,1679,18,14.57,03:54:52
1599,2376,560,8,14.41,11:38:49
1460,2136,1341,1,18.55,09:17:05
691,2405,2479,17,17.49,14:00:24
1824,2298,1608,4,20.97,11:47:45
2690,2672,1587,6,17.32,05:29:15
160,2798,2640,11,10.12,23:03:14
1517,15,2710,14,10.78,15:49:11
1282,325,172,17,12.14,11:14:34
200,969,2649,11,7.4,17:12:44
950,1084,241,9,19.54,07:47:35
2329,1825,1877,16,4.44,16:03:10
1580,1949,1999,11,15.64,21:57:17
500,2861,89,20,13.51,18:38:47
1885,2561,1627,9,12.91,07:18:09
1106,2455,693,13,17.85,09:58:22
2600,1000,1968,18,9.43,23:25:36
874,2825,2233,16,22.75,15:43:16
234,2755,521,7,4.01,21:38:58
497,1646,1701,20,10.9,18:07:47
7,1189,2850,18,1.27,14:33:06
2086,2877,2826,17,0.01,16:15:36
2613,641,2178,19,24.27,08:58:51
1523,2183,1593,11,13.91,17:35:42
1450,748,546,3,0.12,15:38:04
1865,998,730,7,16.33,01:01:59
332,2583,2047,3,22.98,06:42:33
1971,1851,1825,8,11.5,04:57:04
1209,2656,1916,18,1.8,15:17:31
705,690,574,14,5.75,05:33:51
834,434,1560,11,3.87,20:45:41
209,1395,1776,9,12.64,02:34:09
2989,1729,940,11,15.19,17:28:31
1348,2835,2886,18,21.52,18:16:30
1238,1741,1943,9,10.83,00:53:48
1730,501,634,18,6.83,05:00:33
1354,1569,2069,2,2.84,02:56:29
1496,2133,1636,1,9.09,06:35:58
1725,2375,839,3,22.55,07:44:34
1124,599,584,14,10.03,01:02:06
501,2207,2634,3,17.07,14:55:27
193,2215,340,13,3.08,07:48:23
1568,1100,1559,20,3.19,13:52:26
600,2714,12,5,20.38,05:43:35
1146,644,2534,19,23.21,10:07:10
232,370,1776,20,0.77,16:15:53
1828,2453,1307,17,19.08,22:22:20
1758,1075,1218,7,18.29,20:54:47
265,407,847,2,19.36,15:32:10
1803,1739,1467,5,7.74,08:20:25
1947,352,2092,15,11.81,06:34:59
2219,1774,2928,13,3.08,05:37:19
2084,2147,1063,19,9.13,13:28:39
439,1753,1407,9,13.15,05:17:26
2827,1926,2186,20,11.24,17:31:06
1902,1068,694,4,1.46,00:24:30
447,1624,1101,17,13.43,23:05:22
2139,906,1001,17,23.64,13:17:38
1800,1964,2648,20,11.85,21:10:52
2805,2575,2242,6,20.56,18:09:24
1144,1376,1724,15,16.57,16:37:20
2702,84,577,17,24.72,10:04:39
2911,435,58,7,21.53,22:07:59
748,1096,1239,15,5.55,10:21:31
1789,2819,2297,7,1.19,12:16:00
2291,847,2533,19,10.16,07:49:15
1026,657,1527,5,9.21,19:26:58
1558,1734,575,12,13.41,16:02:00
660,2569,1777,20,19.55,15:06:33
1147,1845,2169,7,17.77,00:20:23
2927,1106,485,20,18.49,06:22:23
2656,1008,1335,1,6.28,03:46:29
1850,2728,1480,15,7.16,22:25:23
2337,964,1610,13,22.53,04:02:46
2110,251,74,8,22.71,11:39:55
977,2976,102,1,5.12,23:21:43
1151,1610,2609,15,16.74,10:25:53
815,484,2784,17,21.22,01:12:48
1592,654,2873,12,18.3,06:14:33
1843,2070,2890,5,21.28,08:28:47
306,1200,1616,19,14.43,09:17:06
2063,1489,2084,12,0.04,22:36:11
1724,2784,1375,9,18.11,12:58:50
2556,1195,2235,13,15.61,16:22:55
1283,1081,2132,20,16.42,05:30:57
559,1551,1301,2,3.77,13:09:40
2563,2911,1393,13,7.04,07:13:14
1686,2999,2886,6,4.63,23:27:39
2661,127,300,18,15.2,01:46:03
57,1622,1820,13,14.46,22:07:56
2378,2722,877,14,13.15,08:20:46
2937,1585,979,5,1.26,07:39:27
559,1073,993,16,7.52,09:16:48
2139,2091,2086,10,20.97,14:53:14
1384,1369,243,13,7.24,08:26:03
864,1290,2868,11,20.3,11:02:02
2038,976,894,20,8.81,06:01:19
426,1728,1482,19,17.42,10:12:12
2384,1506,718,19,16.25,00:18:08
1319,1219,2070,17,11.2,03:40:05
2435,2508,940,6,1.07,07:24:25
2445,1822,2990,20,18.56,00:33:10
277,2023,2855,13,8.95,11:17:15
1086,1047,466,14,17.9,03:20:45
16,1720,1732,6,13.34,15:23:16
798,489,534,13,19.42,14:36:51
2789,1653,2512,2,23.82,06:50:15
833,888,2173,17,5.31,00:38:16
319,930,212,10,17.76,06:10:54
1244,2498,2154,9,0.94,19:47:43
1409,1973,1288,14,12.37,05:25:05
1914,1865,545,3,18.82,14:17:56
684,902,1577,3,4.22,17:02:43
1231,1823,2932,15,19.28,04:03:32
645,2552,1185,3,3.12,03:33:41
2871,1418,667,18,21.83,10:06:00
1028,2054,1146,4,4.53,19:21:00
1027,253,304,7,17.68,04:41:22
1797,1235,2902,12,23.65,06:09:47
1226,166,2571,5,19.13,05:08:40
215,1924,500,19,18.11,05:00:33
908,1916,1603,8,1.5,04:34:22
221,1546,1870,5,18.16,04:30:32
190,2216,862,16,15.52,14:52:59
2564,2994,516,7,7.15,08:05:09
1432,2949,2472,11,19.82,18:12:47
2456,2668,1430,15,16.25,04:34:27
2239,2796,270,11,20.82,19:36:06
2662,1178,630,11,16.2,15:53:35
1825,2334,1104,10,19.29,05:08:29
2558,1546,1893,11,12.2,11:16:25
398,304,1258,10,1.46,07:51:18
2825,1998,2194,15,16.28,18:21:56
2904,2822,2807,10,8.23,02:40:34
1893,1249,2107,5,20.42,03:29:50
1442,697,865,3,4.32,18:05:26
1256,1603,619,2,17.77,08:40:27
2697,240,1962,4,7.8,10:48:13
564,388,999,18,16.43,13:24:48
2031,2340,2058,4,3.73,15:28:26
1877,866,608,6,20.68,00:50:41
2528,285,1873,3,8.85,11:21:00
2659,1185,483,4,24.3,02:56:33
2524,1961,1903,19,5.82,12:47:33
2498,822,1436,5,6.13,14:56:51
1294,940,2419,18,23.75,19:24:17
2329,1500,2091,13,10.69,10:35:48
383,1211,1562,9,14.11,05:07:18
2490,2902,1447,6,16.44,10:06:08
1485,126,1880,17,10.01,19:44:40
1563,2000,2064,15,17.7,23:38:00
752,2607,1852,14,20.96,02:09:51
2319,1721,2487,11,8.02,03:51:14
2537,2667,521,13,8.9,12:59:52
551,2886,1132,16,3.77,13:29:25
465,2965,414,1,10.4,02:21:13
537,2548,835,13,10.58,01:56:14
1916,728,1004,9,10.98,12:17:12
1344,450,350,2,16.69,20:45:03
2915,1147,2142,6,5.43,20:45:36
1558,2298,383,17,8.63,23:35:44
1510,550,1893,1,20.77,07:58:09
2852,289,2762,7,3.58,20:03:31
216,2201,1156,17,7.25,09:41:58
779,494,1673,19,21.82,09:59:02
2724,2206,1227,14,0.4,04:09:25
2400,1398,2793,17,20.77,04:28:21
129,564,2104,15,5.63,03:45:06
69,135,2850,10,23.64,05:52:13
2818,2217,1806,12,5.7,07:21:23
778,1850,2717,9,14.22,10:45:53
667,2437,1405,17,22.63,21:36:51
1274,1618,1360,7,14.59,07:21:54
1618,152,2722,14,1.73,23:10:48
2976,2365,2118,17,21.66,11:41:05
1145,1261,1962,9,18.16,07:23:16
900,2983,1750,13,22.86,08:34:15
267,2690,1695,5,21.38,09:14:52
1423,2784,1144,11,1.81,03:31:40
1006,537,2286,4,20.14,07:49:36
1594,2302,2480,6,17.1,04:47:33
1098,1899,165,16,3.6,01:46:53
1099,1688,1454,1,6.97,13:34:16
2985,2896,821,3,4.64,16:40:35
1396,2290,2130,18,23.91,12:56:08
2350,2257,2100,2,13.21,08:26:22
682,1985,1293,15,4.66,18:29:43
418,779,2623,3,19.01,03:11:49
669,1293,2626,6,5.89,20:24:05
1443,1562,1639,3,10.52,09:36:47
21,2336,631,14,5.85,16:57:52
1211,660,846,17,13.51,18:48:51
172,2320,612,16,24.77,06:08:55
219,2782,2783,14,8.69,16:16:23
1573,726,877,9,6.62,08:35:26
2477,1381,1883,16,12.14,11:31:51
1124,2479,2835,6,8.61,09:26:49
1522,1599,591,2,0.98,23:20:29
137,2933,2980,10,24.43,07:39:59
2022,1575,2376,17,19.92,23:38:36
1452,2812,2422,2,18.55,01:24:59
1587,302,1055,1,0.34,14:49:36
2110,208,221,11,14.95,23:59:13
2824,2043,1068,17,22.27,12:42:38
1555,1014,1319,3,14.59,17:26:47
2411,2573,2255,7,17.18,19:34:19
1739,2480,2402,11,10.8,05:39:50
2223,296,667,7,18.68,07:21:28
1513,1212,755,8,15.03,08:58:59
475,522,799,3,9.26,00:58:28
866,425,2800,1,14.59,21:14:01
2066,2625,534,18,9.28,01:26:57
1137,41,102,3,8.31,10:20:37
599,440,1300,3,1.29,16:09:05
801,1051,552,12,18.32,17:29:13
2479,2057,753,17,0.21,00:56:52
1764,1226,1423,8,8.67,02:25:35
2741,2023,688,18,11.0,13:09:07
1534,585,2029,15,17.34,00:03:11
905,1330,786,19,17.71,10:35:32
678,2999,1364,12,4.52,12:52:38
795,1483,833,20,20.64,21:03:12
2323,1525,1101,11,24.94,07:55:58
2240,592,1019,3,4.18,01:22:55
1948,2282,941,6,17.7,08:52:33
2143,786,2062,6,24.6,13:36:17
2004,1757,1412,8,16.61,12:43:17
1332,1149,1065,1,4.63,00:11:14
2024,396,1085,7,6.0,07:16:02
390,2507,2319,12,20.86,19:34:50
2749,2994,563,8,22.88,21:12:37
2347,2652,2967,8,7.03,17:47:39
404,84,293,13,6.27,22:58:15
522,840,832,12,4.83,17:30:41
1906,240,866,17,11.67,22:25:13
1506,348,2990,4,16.15,13:17:35
2553,2714,2828,12,8.1,15:54:12
858,952,2625,18,14.76,20:22:30
1932,235,669,16,21.16,11:40:35
22,1982,209,20,4.06,21:54:07
2928,1114,2255,6,18.69,05:43:32
2886,1119,2120,19,14.12,05:43:33
1908,1307,1510,7,10.95,13:09:37
1730,1740,597,20,12.02,18:24:53
626,2722,2690,1,17.17,02:46:41
1004,1351,1828,3,6.97,15:01:13
2711,1198,2270,5,6.89,13:08:46
2548,839,2419,20,3.03,03:45:37
2251,2527,2589,13,4.9,05:55:50
1874,1262,514,20,2.4,02:25:05
519,2099,1814,4,7.88,13:38:04
1835,938,2048,17,11.37,01:19:09
2260,976,482,10,21.67,12:22:52
71,355,1670,6,13.61,20:03:55
2411,2975,1576,19,7.25,20:22:24
543,2683,2390,3,8.28,09:31:24
489,1906,578,2,21.36,01:56:06
2595,2218,892,3,0.69,03:59:56
1288,1999,1029,6,14.86,18:23:29
2499,353,2828,12,17.53,07:40:38
1866,2534,1156,7,11.91,10:35:33
1732,312,2074,14,0.07,10:30:21
1060,2614,2410,13,20.87,17:56:59
1569,1502,2046,1,22.64,05:36:31
1095,2286,2430,1,2.78,03:53:03
1785,752,2207,10,3.01,00:29:49
933,519,2583,19,24.95,08:35:04
2642,1914,2470,13,22.1,16:29:00
2336,2241,199,17,10.69,02:39:32
185,2180,2216,12,23.35,19:34:44
1799,952,2571,2,5.85,10:36:38
1141,477,1661,16,0.1,04:55:58
1019,1427,1962,6,16.42,05:02:48
2862,1159,2724,7,16.34,17:47:27
505,2080,757,1,21.17,06:36:20
1639,165,1526,10,5.67,13:43:08
2621,1182,1210,4,0.98,01:11:19
2802,1351,1331,16,0.11,16:34:22
733,224,660,14,5.16,02:22:24
535,2111,2832,1,15.42,14:34:04
1340,2737,1554,19,19.88,09:54:04
2398,2548,1687,3,24.45,23:33:47
1978,419,910,8,5.08,06:48:24
2965,171,2279,6,6.03,16:12:54
2572,1375,207,5,5.84,01:35:39
1672,2440,1126,4,21.91,18:13:18
1661,2161,2502,13,21.83,14:09:51
2145,1483,434,7,17.76,18:34:49
1329,2835,2247,8,24.68,09:37:59
431,127,299,18,21.89,08:41:17
2779,1215,1050,9,18.76,14:16:35
548,227,955,11,20.34,12:09:48
712,1595,2062,12,5.78,04:20:02
1046,432,2294,17,7.61,08:50:47
1224,1523,2095,17,0.84,00:16:18
2185,2432,2407,19,0.9,19:18:48
1262,2284,2839,6,16.12,22:22:07
2208,2310,869,18,22.56,12:26:59
1143,2065,1047,10,0.05,07:56:30
475,2895,1139,1,15.92,07:41:41
804,1954,2556,1,23.93,20:22:20
1921,1572,821,9,15.76,12:11:08
1282,718,515,4,13.99,08:01:29
253,1576,2321,14,2.17,09:21:02
748,2539,270,9,19.55,00:18:55
2042,1164,1572,13,21.88,15:33:30
961,1419,689,1,4.83,20:05:11
2281,204,2963,7,20.94,10:40:26
474,2689,2498,17,15.49,10:08:52
522,2104,2774,17,14.8,17:53:57
2691,2199,2255,19,21.06,23:32:55
2676,48,234,20,2.96,22:54:59
1068,1461,2797,18,16.17,16:43:07
744,153,2417,3,15.38,21:33:06
447,1018,1574,11,8.31,18:52:42
1968,2503,2080,5,14.39,12:06:50
68,2010,1315,17,14.76,22:05:17
2177,1028,621,4,14.24,23:27:39
250,2010,877,20,19.39,13:48:09
2567,1118,1637,19,20.08,20:18:25
299,684,1979,9,5.61,22:16:26
2148,2602,1244,11,10.94,12:26:55
913,767,517,12,20.32,05:53:30
1276,1284,1763,2,14.8,16:45:46
729,520,807,7,11.29,14:09:16
1781,1340,1851,10,20.5,09:36:12
2541,2260,2195,13,21.07,02:15:09
2276,664,1776,16,7.71,20:22:38
2970,1105,17,10,14.97,13:08:57
2697,2773,1114,11,18.7,19:14:48
2050,2812,1877,1,16.99,09:56:32
1178,1450,2780,13,3.9,18:11:32
2547,195,147,20,2.27,04:55:21
2180,431,1228,10,20.64,12:36:43
1566,2361,1047,3,18.88,09:20:33
263,879,1058,13,4.24,06:54:03
2053,590,2810,5,15.5,10:47:56
2576,56,2446,3,23.89,06:34:54
2707,2737,1113,4,5.27,11:17:10
954,523,2399,11,3.67,12:44:38
2862,2622,2993,6,7.73,03:36:50
1427,2220,476,2,14.63,10:23:49
943,1575,2744,1,7.92,00:09:43
1647,832,1733,5,17.96,11:18:21
1962,1508,965,15,3.7,13:57:31
2967,2963,668,6,2.09,09:48:55
2298,2848,2824,19,23.39,00:27:51
2489,1807,2257,10,13.02,20:59:36
2316,1314,2746,18,23.66,01:01:04
325,2608,1890,12,4.32,09:22:47
2732,244,2537,5,17.99,12:25:56
1576,1610,2404,2,4.51,18:05:02
1940,1637,1774,7,22.3,21:35:44
614,1158,276,9,2.64,03:03:35
2075,522,2522,20,14.31,22:51:36
1552,2783,386,20,13.06,12:28:08
2036,12,2099,4,20.65,07:29:45
2195,1817,629,18,11.09,17:46:46
2567,632,2186,15,8.1,20:24:40
258,2767,601,5,16.91,09:55:34
61,263,2259,2,21.48,02:30:35
930,2696,684,8,17.92,21:04:21
549,169,1988,8,9.17,22:23:04
1458,1070,197,1,11.07,19:43:16
964,137,2064,18,3.91,06:47:22
292,2015,1846,10,0.43,00:01:25
931,1148,2967,14,0.17,23:12:39
1304,2493,2111,5,16.37,11:56:11
2273,352,669,3,11.54,15:53:53
634,1113,1340,12,22.49,04:49:08
1442,1787,1029,13,5.91,09:41:16
1943,1890,1994,5,5.85,19:26:37
1340,2770,2792,12,24.8,02:40:03
431,437,439,19,0.41,05:38:29
1115,2931,2898,16,21.37,13:27:45
1064,907,1010,11,15.11,23:49:57
658,1476,2489,6,10.46,03:36:48
1341,1497,568,7,20.66,08:46:42
1469,2756,2321,19,24.21,05:38:22
2841,449,738,11,19.24,09:17:14
1309,2486,2687,16,21.41,07:56:50
358,1334,1492,7,24.46,18:58:43
1769,307,373,4,1.55,00:44:47
444,975,53,15,12.08,12:26:29
2759,764,917,19,16.98,00:15:38
114,991,1508,9,5.03,22:16:13
1683,2258,1019,15,15.27,21:12:49
2823,1594,2758,16,12.29,00:24:46
2792,1573,680,10,0.31,18:27:53
2781,2673,2860,2,9.17,19:52:28
2649,1719,1550,13,1.67,02:22:11
2280,2815,319,2,20.77,13:45:06
1144,634,1189,11,9.19,04:38:04
2555,558,901,7,24.56,07:49:58
262,2266,2898,19,3.29,09:21:50
1199,1531,1719,19,10.92,22:57:55
1205,2367,1076,10,5.6,21:01:32
1527,2886,1868,8,16.88,03:39:31
2354,1509,2520,13,13.26,02:33:20
579,97,2087,6,7.09,07:07:38
2894,1353,2637,12,11.22,03:12:34
2491,392,1882,4,12.88,04:04:30
156,983,2658,8,4.09,19:59:50
2421,1419,1594,12,5.28,17:15:00
2537,1355,1372,10,13.21,08:08:52
1088,383,1851,19,7.85,15:06:28
2821,778,2737,14,20.0,14:04:46
2088,540,863,12,7.15,07:05:58
1027,2009,2065,18,11.91,19:43:43
1965,1662,1727,9,12.25,06:15:59
1152,260,924,17,11.6,23:51:04
307,562,46,15,15.52,01:35:03
1760,650,1156,14,24.63,15:28:40
1489,2032,1396,15,23.58,11:43:02
2067,903,1538,15,11.89,05:01:12
2120,1864,1755,10,12.65,16:40:38
1006,1510,1427,10,6.43,03:37:56
1688,2392,1928,5,3.39,06:00:53
2535,2575,282,6,22.13,12:37:58
1241,282,860,6,0.99,06:19:58
2786,1110,1248,4,16.88,09:38:23
589,2303,585,6,24.73,02:17:53
2657,1658,1449,3,10.28,02:44:25
1054,2362,1285,15,21.55,11:27:38
794,40,2711,14,20.46,16:32:03
2394,264,1959,9,12.52,14:02:08
2089,1685,761,13,21.58,09:47:37
1400,1714,2128,10,10.74,07:22:06
1125,43,682,17,17.64,08:36:23
1838,553,1099,19,19.26,09:51:35
199,2424,1905,8,1.94,02:46:04
456,2028,2226,20,14.47,21:14:43
753,1101,651,13,16.44,02:41:14
2565,35,2335,7,0.06,16:52:15
2904,1661,2785,19,12.0,22:52:03
2016,1707,2885,5,14.18,11:57:55
1300,1778,1765,13,22.18,21:00:10
1605,1412,569,19,20.49,12:47:04
2727,873,969,6,14.9,15:49:28
2880,745,2076,10,3.9,09:25:15
211,1584,1737,2,14.37,00:12:30
2493,1958,1401,14,20.98,02:51:12
49,2600,325,15,15.44,05:22:34
2514,1313,2334,13,11.08,05:58:41
2629,412,1793,12,9.81,02:50:13
1243,2062,2773,6,12.56,12:08:01
1308,980,1431,3,16.51,07:54:22
1599,2163,1269,9,0.03,11:04:07
1314,2762,2425,2,5.93,03:25:30
2677,2893,2210,14,3.04,09:08:01
771,345,2311,12,13.64,22:19:30
2179,892,2698,1,17.76,10:55:25
20,1320,1180,17,7.6,16:27:29
128,789,2829,1,2.69,01:28:37
2124,19,1068,20,0.1,14:08:05
1948,2541,1427,17,14.99,03:19:57
2622,1607,2578,19,2.29,07:08:47
57,688,851,6,16.95,10:22:36
2421,2435,560,20,8.57,02:51:01
2023,1510,1431,14,10.32,03:19:47
2923,669,586,14,23.63,09:06:29
2238,524,1486,11,24.28,02:52:06
1761,2086,503,14,1.89,03:05:28
1694,1049,423,1,3.3,18:43:28
689,2277,1200,16,18.88,03:20:20
2575,610,614,13,15.53,00:52:25
1001,1513,613,2,18.68,03:34:20
833,237,1804,7,3.88,05:54:09
214,1752,242,8,19.25,09:08:12
397,1648,2886,8,23.78,00:26:26
2706,1267,388,18,16.49,20:43:29
1666,1441,947,4,14.89,08:35:42
2748,2262,957,7,19.24,18:26:08
911,2753,1348,13,17.76,07:20:30
1544,2675,804,10,14.49,23:04:06
1078,790,1151,19,0.26,01:42:56
2558,371,1865,6,2.06,00:35:07
1447,1117,2450,16,7.99,18:39:34
58,2865,1760,16,5.86,18:13:18
1319,1368,242,2,21.92,13:21:00
21,1469,1078,15,2.65,09:34:48
2348,58,1121,2,3.14,01:41:24
745,992,1839,9,6.9,19:40:54
1534,1190,1767,10,19.67,03:17:42
422,1540,2488,19,7.62,03:20:43
273,2223,1356,13,23.13,01:17:18
2754,384,446,10,5.73,08:58:15
1998,1864,2260,17,6.37,00:54:31
808,981,1613,20,23.18,08:00:13
2248,17,1323,17,22.06,04:40:23
1945,2721,885,12,15.22,12:35:29
2730,1721,628,6,11.45,14:34:35
2331,16,2240,13,6.16,13:13:55
2819,736,2762,20,3.12,14:17:50
2725,546,525,13,10.08,21:32:05
2480,687,875,16,23.32,20:53:14
569,177,1625,19,9.34,12:35:05
2141,2773,1320,8,24.4,10:55:27
229,790,2081,5,24.49,04:48:37
2497,2492,1771,6,14.44,14:35:49
1666,2773,608,13,24.9,16:47:32
2282,153,1102,19,5.8,09:16:52
1313,2259,2742,17,4.35,06:53:29
2169,1533,396,9,11.12,06:12:42
1093,1058,809,6,19.52,20:34:47
1777,218,2409,3,22.68,12:27:50
990,2462,1800,4,22.14,13:02:19
25,1588,552,12,22.26,07:45:19
34,2649,2937,7,10.39,02:46:46
1975,6,1393,2,7.39,23:53:12
987,1329,1708,12,4.88,07:01:01
519,309,1221,18,4.54,16:39:46
172,2555,2809,14,7.5,11:47:08
2051,477,2507,12,15.52,22:51:14
2733,799,631,15,23.03,02:52:20
962,2917,2210,17,17.33,15:47:48
1376,151,1994,20,12.64,21:51:53
2260,2211,1270,13,0.93,03:23:57
613,1144,1285,9,21.97,16:25:26
1737,2374,2876,12,22.02,19:06:23
1153,2132,2518,14,16.84,20:19:07
2958,1185,936,5,4.48,17:55:45
2617,1947,202,1,10.53,18:51:04
1404,326,2369,18,2.9,18:51:49
1663,1560,1096,20,14.07,07:12:19
92,576,873,5,24.13,14:13:04
435,399,1520,12,21.2,13:39:36
1891,68,2728,2,0.7,08:22:25
2082,1536,1962,10,23.6,21:31:25
1925,915,2593,3,20.22,05:17:13
80,1368,1781,2,24.67,19:13:29
1725,1120,1171,12,12.14,02:35:35
2185,1003,1240,12,8.73,19:58:56
914,1338,859,1,18.62,23:16:01
1371,1323,1669,19,12.53,01:09:43
489,1460,1943,16,4.88,02:16:22
2981,1366,1912,13,9.38,15:17:28
1735,138,2279,5,0.22,12:04:38
2232,131,703,11,23.5,07:57:43
2623,1445,2707,2,19.36,04:05:22
782,873,1359,14,12.75,03:01:34
1404,273,198,10,2.51,19:44:40
2888,2003,2249,6,24.02,18:20:44
1732,147,1492,9,19.67,21:25:45
301,2869,997,9,1.58,23:13:31
1268,183,749,7,13.73,14:27:15
2948,1444,1760,19,9.92,18:41:32
550,392,2133,8,2.22,07:36:48
2959,929,2028,9,24.23,02:12:31
1255,929,129,3,3.0,05:46:30
719,3,534,2,22.75,09:18:05
2765,1479,1440,15,4.67,11:58:43
2651,382,2642,20,23.58,10:19:28
2190,2737,1614,7,9.55,05:55:21
615,2770,2804,2,18.56,06:46:56
1813,2579,1752,2,18.25,18:58:21
2495,1976,1255,14,19.47,12:43:37
2993,1406,1074,17,5.16,01:49:11
635,1891,2423,12,7.97,02:48:59
342,425,1615,9,22.37,05:56:47
1920,2081,1342,8,5.86,15:52:12
2192,1727,2590,13,19.92,12:43:07
727,622,2932,14,8.2,05:46:27
2953,2569,1076,12,12.67,12:07:28
2239,798,2656,20,12.84,00:43:29
158,1016,648,1,1.9,00:17:07
1248,187,2706,3,11.4,20:33:47
2824,2556,1798,4,3.1,07:21:02
1902,1855,2918,8,2.15,10:04:07
2958,1042,2546,17,17.82,23:46:48
2950,65,155,18,9.27,07:55:27
434,1995,549,9,20.93,22:35:57
1196,2524,2283,3,13.01,22:52:18
2166,224,1855,9,13.3,06:43:08
884,1623,321,15,17.51,06:07:32
189,1914,1515,12,16.64,09:01:45
2003,1150,2540,2,24.91,17:57:20
2773,2176,370,15,4.39,22:56:28
2063,1133,2621,13,4.05,21:33:13
2672,206,1747,20,14.16,08:29:49
2194,1038,1821,5,15.05,02:27:23
624,1304,1758,15,9.79,05:32:40
2815,2172,2900,11,16.14,01:36:45
422,1410,1052,19,0.9,22:38:00
282,184,2832,14,6.26,09:33:52
790,2803,229,13,22.6,08:57:39
2645,2913,2058,7,15.43,04:49:36
2151,2800,1847,19,15.84,14:59:46
1832,1119,693,4,19.29,16:15:31
2175,2361,1899,3,23.34,19:41:28
487,1718,2407,8,19.91,16:51:34
2143,1670,941,14,23.88,11:53:35
389,1219,326,13,21.49,06:56:22
1977,2639,1123,9,19.38,00:08:05
747,1168,2737,13,14.42,14:42:35
400,172,1493,10,11.48,07:48:48
2387,1124,411,2,20.24,22:32:50
1283,116,731,19,18.37,05:30:49
964,2132,1239,1,8.03,16:00:05
2460,392,1001,6,2.31,06:13:22
2245,592,2991,14,24.45,08:10:09
182,1668,1886,16,20.05,00:25:32
136,761,949,7,21.71,15:41:30
273,1603,1364,10,13.16,13:43:00
2457,387,1998,3,0.96,18:11:11
51,550,1862,8,3.09,07:10:33
2124,561,489,7,21.51,08:44:13
706,128,41,18,23.51,10:54:02
2715,1287,616,10,17.77,16:51:56
2515,1416,962,19,24.39,21:32:52
2776,478,811,9,20.57,06:26:43
2484,2843,1278,10,11.21,16:39:08
497,1068,2720,18,13.23,07:27:30
1967,2155,581,20,1.47,14:43:53
1961,1163,2586,18,4.78,11:06:49
2026,1679,2244,9,16.83,06:30:39
2844,41,1255,19,24.28,13:23:30
432,1971,2117,7,6.98,20:14:28
2508,430,2376,18,16.94,00:11:20
2067,469,735,15,18.75,23:38:09
1330,1016,198,13,7.39,13:57:44
1412,2711,450,13,23.86,09:38:54
140,2421,1672,8,9.16,15:04:32
296,2232,122,11,7.69,17:52:13
636,2733,2170,17,10.21,12:55:24
1357,771,2949,20,8.78,19:24:58
1747,2066,1001,19,15.4,17:33:57
628,289,56,14,17.3,04:06:38
279,1872,383,5,14.73,17:45:36
1492,1071,408,4,3.95,13:25:00
939,2739,2987,9,3.07,21:53:04
2394,2196,751,13,12.88,12:20:14
2578,708,1946,10,12.78,06:49:46
1942,1853,251,20,13.78,05:42:55
1081,2995,1128,14,12.77,14:17:44
1827,2245,430,9,22.61,15:05:49
1510,1704,2443,8,0.28,00:20:40
2992,2818,2728,16,10.72,13:41:13
401,902,2038,20,7.27,07:42:01
2720,432,2083,18,12.44,02:00:52
1064,2809,638,18,14.01,21:07:23
1999,2119,744,1,18.63,08:40:54
1761,2674,180,17,21.3,09:41:43
1302,2489,2432,7,5.74,19:56:12
2575,2188,1978,20,10.05,15:57:30
380,2081,2740,11,12.02,00:42:18
1965,2167,1807,6,14.19,19:56:11
281,268,2666,11,3.18,06:34:27
1682,915,509,12,11.03,21:52:39
278,132,609,7,2.75,21:50:22
2410,2060,1394,17,18.6,03:39:04
902,2593,77,1,10.24,12:27:06
2216,110,909,10,15.78,09:32:03
1414,1970,1816,8,8.15,21:25:15
1899,362,110,8,4.66,12:45:04
740,1916,1353,17,5.76,12:39:39
519,428,2072,13,20.79,08:07:09
2475,327,1113,15,7.18,15:59:47
1641,2663,446,2,23.35,04:24:50
1506,1570,2884,10,16.53,15:15:52
2379,2965,2948,12,20.47,23:21:33
2267,906,2658,17,23.99,09:21:33
1783,37,771,4,16.28,19:44:24
2179,1902,962,17,10.84,04:50:12
2724,2852,1087,15,24.53,01:02:30
2582,425,759,7,23.06,22:42:05
1571,2538,2783,16,17.09,00:32:06
264,2684,65,8,20.4,16:55:38
1167,1345,2699,17,1.51,12:34:16
1176,507,550,7,14.85,15:02:53
2662,1018,153,17,16.07,04:25:40
1551,353,1105,8,4.82,04:56:50
818,1841,500,11,12.26,00:31:42
1206,194,2787,8,12.09,09:32:47
1627,653,338,7,12.99,13:50:54
1036,2891,1982,8,12.76,21:48:53
1982,1929,2485,8,18.37,15:49:27
2036,1758,892,18,1.78,03:56:44
356,170,945,20,14.16,10:05:23
672,1650,1632,18,4.32,18:44:35
2865,1206,312,19,15.39,08:06:07
452,212,1277,2,2.27,08:15:39
2426,820,2156,14,7.83,16:59:56
1338,2993,2650,3,0.21,22:37:13
2167,2061,2292,5,16.02,21:39:23
2662,6,938,2,5.81,03:15:57
1347,1046,1765,11,18.98,06:02:04
2559,1230,887,8,21.58,08:29:01
2384,476,1767,1,17.2,11:47:05
2723,2659,595,6,4.66,05:29:08
2220,135,1008,20,4.98,05:33:11
1227,332,178,1,5.83,20:08:07
2270,2299,643,7,5.64,22:07:27
185,2221,107,4,10.76,19:36:34
16,2692,1736,15,1.37,09:35:24
2197,1213,1459,1,23.7,23:09:44
18,2346,1680,16,6.12,18:13:18
2661,437,2638,13,21.6,14:13:43
137,1616,1713,8,17.31,03:19:32
1067,2185,2886,6,15.49,09:42:20
584,2371,632,3,0.28,22:42:22
3,1346,875,19,14.17,12:26:49
2962,106,1272,16,7.2,07:42:13
1399,2259,744,19,12.53,11:28:30
2840,18,1183,15,22.65,04:26:45
2655,513,1718,11,23.58,09:55:23
811,858,1480,20,18.5,02:54:42
1773,47,1095,20,22.41,20:38:24
930,816,2927,18,6.23,22:48:51
2149,145,2437,13,18.46,11:18:37
2404,1125,1493,4,23.56,16:08:47
2543,663,2856,19,5.57,12:53:46
2170,973,2918,18,4.49,18:56:37
2758,136,1513,7,5.93,19:54:16
1825,1117,1043,20,18.79,02:26:54
2818,1909,1624,12,7.63,06:57:58
1715,117,1661,6,4.99,17:45:34
2368,2736,1743,11,1.51,18:55:34
1605,217,1750,19,11.79,22:04:36
632,2870,1484,15,8.23,17:13:42
2241,2826,179,5,14.54,16:40:02
2502,2546,584,2,17.45,00:52:52
560,133,1124,14,20.49,07:48:43
1398,281,2408,20,4.1,15:44:56
897,1445,586,6,10.72,08:14:18
1599,2767,2452,5,1.96,08:19:23
1123,1654,111,5,5.07,21:21:26
2542,938,2980,16,11.78,05:58:09
1124,2311,2138,18,2.0,15:59:48
503,1862,2994,14,7.45,07:51:06
1133,2982,2225,20,13.24,20:46:08
1166,2442,812,15,0.39,17:50:07
442,508,1364,3,6.51,14:34:42
1510,2745,1655,10,11.06,13:53:00
302,1716,1975,4,7.94,21:30:01
2693,2612,1866,6,20.87,09:14:05
938,2376,1622,18,14.46,20:01:34
1328,2185,2575,14,13.7,21:05:08
862,1495,2943,18,5.98,16:42:07
1554,472,1611,19,19.84,06:01:49
556,1618,513,10,14.4,13:34:30
638,1647,1775,1,4.83,06:26:00
1337,1331,1232,14,8.95,10:20:20
568,2855,2237,14,2.8,02:01:23
1407,1999,752,16,2.76,05:20:16
622,158,2558,1,10.03,11:59:02
758,942,2997,7,5.25,16:50:12
2823,1679,1201,18,1.75,03:44:35
1362,897,1378,2,2.54,12:14:42
1254,829,2014,10,4.05,09:10:05
1694,2469,2900,9,0.09,17:07:10
1309,1272,1334,2,4.89,18:50:08
2413,453,1935,11,23.3,03:57:57
2318,253,1742,19,5.37,00:28:08
2749,310,930,13,14.67,11:31:20
573,1858,2145,9,20.06,15:48:42
1580,1297,2240,9,19.05,11:55:18
2608,578,2018,5,14.09,13:24:08
223,1350,2831,18,13.61,21:55:37
1785,1617,1865,9,5.76,06:54:12
2840,965,384,19,3.88,02:28:34
1511,256,2183,10,17.82,11:32:54
758,1345,337,8,22.44,02:43:11
573,2422,1310,18,22.45,13:59:13
2356,244,113,19,20.0,10:34:44
759,698,2902,14,8.74,13:45:43
419,228,2075,9,13.65,04:20:09
379,419,123,4,2.53,17:51:55
2814,720,2724,18,23.93,19:45:52
785,2616,94,5,2.81,22:30:40
1708,2866,523,4,8.15,18:33:39
2468,2066,371,10,23.5,14:20:45
1314,2398,1390,12,22.76,20:06:18
1200,2140,311,4,12.46,19:45:19
1250,1169,169,11,14.24,20:11:22
1694,1403,987,10,10.99,01:59:50
1139,506,490,13,14.51,02:22:42
2642,2514,1353,2,17.93,18:52:04
2250,575,1453,7,1.53,04:28:04
2521,2297,136,1,17.59,15:37:28
453,415,100,4,8.59,06:03:18
394,958,1370,12,7.67,05:42:18
2350,130,2800,16,10.27,05:28:57
2451,1694,2012,20,1.27,06:40:42
1034,2329,2600,1,2.65,17:08:14
2441,1931,2193,2,3.18,19:59:09
2300,600,600,13,23.46,00:20:13
1393,2464,1531,15,3.28,04:15:32
2323,1082,921,14,24.24,03:31:37
2045,2484,1756,14,6.85,20:09:16
1739,2256,2201,3,2.64,02:58:53
2843,766,1675,10,13.77,08:54:31
674,239,158,11,18.37,07:38:15
2064,918,10,10,12.37,10:34:47
2009,2433,2014,3,0.16,20:36:50
1147,958,422,4,5.06,18:16:47
2839,2965,608,10,22.48,09:33:10
178,2415,1648,19,12.45,02:51:34
912,1753,1164,7,14.76,22:55:24
1792,2082,2813,17,5.26,13:06:06
1216,1388,2199,16,4.79,20:55:59
1957,2723,334,16,23.19,03:09:33
951,2897,470,16,18.44,07:09:56
1817,1614,548,12,24.67,00:47:26
848,637,636,11,15.34,13:44:32
2040,2946,703,13,6.2,20:44:39
2750,2859,2072,13,4.37,10:00:17
1865,1071,425,1,21.85,17:14:57
119,490,2478,6,20.8,14:23:42
2703,2371,1503,4,13.93,13:47:14
1867,1454,2729,3,15.17,15:19:20
49,1096,1807,17,23.49,00:35:09
2228,834,2509,2,2.48,10:27:59
2422,763,823,8,6.14,16:28:47
759,1108,2591,14,22.21,19:07:59
1047,1312,870,16,1.05,10:44:46
2285,568,2199,12,1.02,09:22:06
941,2015,558,16,17.59,08:23:01
814,883,878,6,24.23,06:11:36
888,162,2995,1,18.71,09:15:12
1437,2040,32,18,22.14,20:40:37
1383,1728,663,9,17.39,11:48:24
1823,777,275,20,14.96,10:48:24
2090,1826,597,18,3.31,20:15:54
730,2014,534,5,17.79,10:43:25
2405,1063,1412,8,8.26,02:46:02
2148,2017,2779,8,10.77,09:45:05
84,120,2657,14,18.81,20:04:23
1629,2433,956,17,17.9,22:42:54
2678,1112,2554,3,11.07,22:58:41
1887,2541,1775,9,5.79,15:37:04
2218,1442,1741,15,16.01,13:41:58
679,1390,1737,8,9.19,15:34:09
2367,2236,1238,2,11.67,22:07:16
2304,1889,474,1,18.33,10:36:48
1340,729,1995,9,7.82,01:42:34
2984,1257,2060,20,15.92,22:17:16
2940,317,1450,13,11.69,01:57:35
1142,265,2175,17,10.45,03:13:43
1724,1816,419,20,21.88,16:29:51
209,194,1151,3,1.76,19:20:28
918,1648,2559,16,23.85,09:37:32
913,1143,1101,7,3.88,14:21:49
498,1314,1388,12,18.56,13:36:13
835,489,2943,9,5.23,21:24:29
1318,2333,1610,5,0.75,08:57:04
1760,657,1229,7,2.23,10:27:09
1133,1747,292,10,24.01,23:06:10
1597,1519,2162,6,3.48,19:17:16
1587,2410,1806,5,9.74,01:32:51
2433,1463,1152,15,12.18,18:19:19
637,1573,1059,9,17.37,17:55:35
227,1400,397,20,24.95,23:55:03
2609,210,566,10,23.35,17:14:07
1578,1886,1200,3,13.66,21:34:04
1344,1908,2900,4,8.69,03:49:28
2200,9,1079,5,16.65,10:13:05
591,1995,1308,3,20.65,10:02:26
1267,1506,231,1,19.45,01:12:56
54,2524,2030,8,19.55,01:34:30
2008,328,2288,17,9.06,06:59:19
130,2914,749,8,6.55,20:44:28
132,1608,1769,16,0.68,16:58:30
807,2796,180,10,18.01,04:08:43
1727,9,1102,20,15.62,21:24:58
123,1071,1734,7,21.61,19:33:18
301,1246,2960,8,17.02,20:42:43
1365,1280,2664,10,7.61,09:10:56
670,2843,598,2,13.84,01:35:06
714,648,1315,8,14.37,16:46:52
2009,959,1548,4,9.29,17:25:12
1548,894,585,17,16.17,08:18:51
2918,74,126,12,18.96,16:46:14
1337,1455,273,5,6.13,11:42:45
582,2008,2249,14,12.37,10:27:48
972,2051,828,13,0.92,15:48:20
513,1045,2054,12,14.47,05:41:19
471,2579,952,16,5.45,12:10:26
2033,163,1469,2,12.36,17:49:45
547,2133,1707,1,9.36,23:58:03
1527,1304,2119,14,13.12,17:14:45
1061,1029,1056,11,5.05,13:00:53
908,2346,1886,2,0.49,01:10:31
1812,1128,2356,4,15.62,08:38:16
2230,2929,670,1,20.69,11:38:32
639,943,192,1,23.4,14:42:36
1177,2910,2317,4,24.29,16:40:53
1758,2598,11,4,1.24,17:34:25
250,1248,2556,20,15.59,14:34:02
1373,2755,462,16,22.86,14:21:23
640,378,2932,18,16.71,22:44:40
2950,2475,2252,8,12.68,21:33:13
1145,1062,172,10,16.89,14:42:12
2697,316,213,15,22.31,00:58:20
2610,2465,1058,4,14.47,23:37:21
1383,2421,1304,9,6.28,01:51:04
1113,246,978,2,24.22,12:18:29
1568,826,1803,6,19.9,13:01:12
1760,1798,2776,1,10.26,06:09:48
2120,2319,2918,10,24.41,10:41:54
2438,844,1816,14,5.34,14:12:11
965,278,233,2,12.27,07:39:46
2864,2492,235,5,12.09,08:35:03
1638,1639,2836,17,0.64,19:09:39
454,264,2021,6,7.9,08:35:50
1980,1299,394,19,10.17,20:30:39
1037,250,524,18,10.87,03:18:38
388,542,1719,10,2.46,03:27:09
1486,1448,994,16,11.79,11:27:10
20,2270,2539,12,4.84,09:09:45
2546,1561,1716,14,23.07,22:10:45
1223,558,2,3,2.49,22:57:21
414,1005,1135,5,12.89,05:48:20
1922,2267,511,4,7.96,21:06:49
2650,978,2044,5,19.74,04:00:30
746,2953,2341,9,21.46,08:49:52
259,1110,1061,4,3.29,10:39:10
1868,984,1978,19,19.55,05:43:30
481,1498,467,2,16.98,19:10:14
986,1002,121,6,2.82,14:33:48
1024,2081,1522,4,9.91,04:16:45
622,920,2297,1,8.23,05:09:21
1626,2309,2778,15,5.84,06:35:01
2496,2915,1556,19,16.33,00:44:19
1859,2012,1672,14,20.35,02:01:18
1494,2357,668,2,22.06,19:38:55
222,2508,126,16,16.47,11:09:16
765,1930,957,1,22.79,05:40:29
883,534,900,19,21.32,13:53:38
1714,2878,2841,15,2.36,04:22:33
2391,674,248,2,16.02,03:31:57
2756,2723,327,20,11.45,14:34:32
390,1168,962,2,12.15,03:47:14
1882,1840,2935,1,21.77,16:56:51
16,284,2344,15,16.09,19:51:17
1474,2013,1051,20,20.79,02:40:04
66,2657,1822,4,18.87,10:30:02
710,2823,473,20,20.37,08:12:03
1389,2222,980,5,21.14,15:14:30
2832,1620,9,3,4.47,02:49:06
2880,2402,599,8,15.85,16:56:37
1881,983,865,11,12.79,18:00:16
1593,1674,1783,7,7.61,16:42:59
340,643,915,19,11.67,10:47:52
619,740,531,8,4.87,14:34:39
1143,1467,2769,3,17.91,23:06:17
2009,1881,554,3,13.44,07:03:54
1563,2977,1549,9,8.16,01:32:03
1618,1960,1076,3,19.46,15:16:32
239,1501,2570,3,13.62,18:49:44
1056,1682,2671,16,2.01,23:34:03
2292,2234,1867,4,2.11,21:11:51
947,2049,1301,5,0.71,08:34:33
2328,1934,2755,6,10.21,20:01:18
124,1145,1292,8,5.51,18:42:10
1210,1597,2941,3,3.96,01:50:43
265,2576,1898,10,7.09,12:39:13
1950,1820,187,4,1.37,12:26:43
2784,1586,1864,6,18.3,03:43:04
475,624,2512,18,22.77,03:57:26
656,1917,902,1,16.79,01:13:54
1397,87,86,19,2.64,20:29:54
2522,1877,2004,12,21.83,13:11:52
1455,2835,960,3,17.23,10:09:50
1787,1703,703,17,4.23,08:52:00
1489,2673,540,11,22.19,18:26:57
600,2945,1346,13,19.36,21:14:37
2160,934,1198,16,21.4,01:42:27
2645,2236,1735,19,4.88,11:18:28
2567,2680,2249,13,14.07,19:16:11
897,1158,269,11,17.39,21:34:10
1589,340,396,2,9.17,03:44:54
2389,10,620,15,6.33,21:02:50
7,1737,2313,18,18.01,17:19:59
686,289,2993,6,17.14,17:42:03
2152,2118,1978,12,21.09,22:06:42
2725,429,436,17,6.33,13:40:47
2374,2288,666,9,8.83,20:24:07
1252,395,1932,12,15.51,00:55:20
525,1885,918,17,2.35,04:16:46
2461,1385,1825,11,15.74,17:04:38
563,1440,699,8,20.97,10:57:15
1280,1301,807,1,4.71,16:57:29
955,2868,2563,1,17.29,15:08:58
2384,2914,58,5,22.93,13:40:40
1675,2120,2246,13,24.12,08:03:04
43,368,874,11,12.29,23:47:04
2719,812,546,13,23.91,04:15:53
1438,2994,2257,7,0.41,00:44:56
96,1960,1599,6,16.53,23:12:20
779,450,831,16,24.08,14:58:01
59,1391,2969,17,11.24,18:43:31
1895,2665,638,2,2.44,04:27:10
2504,1992,2859,1,18.8,19:25:14
459,147,264,8,7.78,04:01:42
835,94,1932,2,15.79,12:20:17
568,1937,812,12,19.0,02:34:30
1438,533,1796,14,19.31,04:18:55
1224,603,427,19,21.72,22:57:06
1988,1773,2313,5,14.17,17:01:22
2040,2162,434,15,19.8,17:09:07
763,1733,2767,13,6.95,02:40:18
2939,1840,1750,20,4.7,11:44:03
1965,2709,1611,11,18.78,23:13:59
1035,2678,540,5,19.78,12:47:34
2875,834,1457,3,0.79,14:14:52
1089,2812,1703,19,23.99,20:57:58
2137,42,2161,6,17.42,22:44:28
744,151,1186,3,19.04,00:59:45
1999,899,358,13,1.3,23:49:34
1095,737,2978,5,12.14,14:03:56
562,2994,1926,15,21.93,18:50:17
1214,1414,552,1,23.85,04:37:06
2108,1752,856,6,0.56,08:43:01
312,72,580,11,6.19,14:58:13
1488,407,430,5,17.07,13:11:48
2452,433,2943,3,8.25,18:35:26
1916,1096,268,20,14.85,06:56:39
896,2788,106,6,24.24,01:47:24
2707,1056,1871,9,6.58,11:37:40
1080,393,1331,3,0.3,13:39:07
306,955,6,6,4.62,21:00:16
999,1709,1738,1,1.25,12:14:57
2256,769,1936,16,12.58,02:49:10
2095,1732,2778,6,11.74,04:35:48
1160,1625,2846,14,9.06,23:32:13
257,1713,248,4,20.87,23:08:37
821,1892,453,16,19.2,05:14:41
657,2628,2180,14,6.97,01:31:55
2510,1041,528,3,17.92,16:54:27
1796,703,2960,19,21.96,18:19:22
1886,540,2821,11,16.42,23:08:45
2375,2179,2452,15,24.24,20:56:34
1394,1052,1727,9,8.8,01:22:43
2274,1132,101,7,22.94,18:35:07
1547,1058,987,20,22.59,07:34:13
1843,2423,1074,11,12.86,00:08:31
2020,2745,1164,8,6.77,17:34:26
1940,531,2554,16,15.79,09:18:35
1170,1209,150,10,0.29,10:27:16
2676,651,2928,3,6.97,04:15:03
391,2827,2784,19,21.14,19:07:54
496,1229,235,18,24.4,11:58:17
1773,87,2914,13,7.15,17:53:42
738,308,2667,8,2.05,08:13:40
2121,98,2734,17,15.02,11:44:01
2442,502,1874,17,7.19,02:40:53
2336,2162,748,15,17.13,00:16:18
2698,987,502,11,18.17,08:44:37
1057,2468,846,3,21.88,01:47:20
2782,2671,845,20,19.75,22:49:21
1444,1450,2441,11,8.0,15:24:48
2060,596,1987,13,18.15,17:41:42
524,2858,987,2,20.24,02:23:20
1842,1001,2704,5,4.86,21:55:22
1050,692,2663,5,7.02,11:56:12
904,1415,1116,10,21.47,08:45:18
2297,233,1842,6,18.86,00:48:15
2311,652,644,14,20.5,18:33:38
1244,2,848,19,13.32,07:49:04
1521,498,578,5,3.05,03:23:13
377,2725,246,8,10.4,13:18:44
1342,2317,830,20,7.07,16:37:38
2586,2420,1823,14,23.62,06:26:21
1471,2389,1093,16,17.43,19:28:12
2475,1238,1365,10,5.98,02:45:52
2597,812,85,13,12.16,12:01:13
1399,2622,2906,5,14.89,03:48:36
1689,2213,418,9,5.25,23:34:42
887,230,2232,3,2.69,07:18:55
137,1236,1358,4,2.4,17:53:32
1164,1476,390,2,16.62,19:37:38
2700,2808,2314,1,22.03,09:35:10
682,1716,2277,2,11.13,08:32:29
2491,482,1063,4,18.24,20:54:10
1644,2593,1328,14,24.05,08:48:54
2195,648,642,1,2.86,18:26:08
455,895,2886,17,10.73,16:00:32
608,1837,1464,8,10.94,16:03:36
1829,1109,1801,9,3.2,12:55:01
2112,1421,90,3,5.52,17:08:51
1240,532,627,16,23.24,15:24:07
2607,784,1586,3,8.98,12:47:14
40,826,2967,1,6.53,18:19:20
1898,689,2582,14,16.34,23:08:50
639,2668,1488,11,0.06,19:40:12
1425,394,160,14,15.96,03:41:28
947,420,1740,19,18.33,00:59:43
2608,1461,36,15,16.51,14:38:02
2354,2207,773,13,9.54,02:58:24
2923,1096,2011,20,12.02,14:39:18
2105,2505,1735,11,21.25,05:10:13
1563,372,1063,13,7.53,16:19:16
302,2106,1973,19,17.59,05:45:11
2782,1363,484,10,18.86,04:33:45
1279,1649,1829,6,2.24,07:34:28
2990,489,294,6,11.96,02:38:29
2016,162,716,15,20.57,01:36:00
1138,2171,696,3,17.96,10:08:41
861,1097,2154,4,23.58,03:32:12
272,1393,1562,10,3.05,02:35:08
916,289,1347,3,0.02,07:59:48
517,1234,2336,2,21.18,04:48:03
1477,2994,2820,4,14.51,22:35:47
1567,2710,1942,6,11.47,05:01:36
1302,836,2926,11,6.26,11:16:29
2828,510,1422,20,15.46,21:49:58
2682,2521,2803,11,24.03,00:51:59
628,1584,1023,20,9.37,08:00:54
2358,686,409,20,4.1,11:39:04
1916,844,1343,13,6.88,14:48:54
1445,1089,2825,11,8.32,23:03:16
291,1127,1376,13,2.01,11:05:12
1384,19,2486,17,4.23,12:00:55
1372,1212,2357,1,2.74,23:13:14
2360,149,574,7,8.64,14:40:08
838,1794,36,12,24.27,04:18:03
1135,251,1560,8,8.71,10:24:52
543,2915,480,11,16.33,01:54:08
1744,351,1549,6,17.63,16:46:00
1310,1078,2256,19,9.55,11:08:38
722,429,1737,13,20.23,17:31:35
2397,1915,1524,2,4.58,19:54:35
317,498,2151,15,2.76,06:36:25
2074,17,1442,9,23.52,18:25:03
2332,2152,1248,9,19.69,15:46:03
2080,1602,559,3,16.96,20:46:02
1178,2503,25,12,14.72,09:27:46
2215,133,95,15,7.66,19:33:54
1160,1924,136,9,24.68,18:51:03
218,1533,2462,10,1.83,15:20:14
2586,619,1924,3,9.37,13:08:21
2732,543,2221,15,22.82,01:25:40
657,868,1422,5,18.11,23:14:01
1724,81,2247,8,17.72,06:47:27
2024,2448,2441,16,3.36,10:36:10
629,1115,1043,10,22.67,17:57:53
2605,2508,407,13,6.83,22:54:48
1240,1992,2776,1,22.27,02:04:47
1923,1660,1665,12,1.1,19:13:34
2031,190,411,18,6.55,15:50:45
149,2704,701,4,14.29,17:22:29
886,298,592,14,22.45,13:09:36
388,538,1333,8,4.19,09:23:37
1555,1380,1627,19,7.48,03:33:36
1,1835,1440,6,15.68,17:21:39
164,2103,2755,9,6.44,14:06:59
510,460,1480,10,19.67,15:13:05
800,2516,1936,8,21.64,08:02:14
642,1587,228,7,20.79,02:18:59
2492,1660,867,18,12.9,02:51:48
343,2096,2217,15,16.9,14:37:27
642,674,802,19,8.6,16:07:51
1177,2822,612,19,12.81,03:42:47
2535,1622,369,17,17.77,22:07:35
2147,1243,287,12,5.27,22:36:03
1394,1713,2736,3,10.57,15:53:52
2218,2660,2840,20,22.15,14:06:23
580,1263,96,3,22.48,12:37:11
706,1289,463,12,2.6,22:57:44
629,434,655,20,16.54,02:07:52
1961,2528,2772,2,4.6,04:08:29
401,1581,177,12,18.3,17:17:03
2522,63,1782,11,14.6,15:52:54
2598,2120,471,3,0.05,00:53:10
944,2173,1965,16,0.55,07:04:59
1229,1406,1305,1,14.48,20:59:14
57,2101,2990,6,14.83,22:23:03
285,2977,2212,7,24.19,19:54:58
96,52,1804,9,7.57,15:22:19
210,1370,2457,17,19.2,11:33:05
1687,2742,2496,12,16.16,15:03:26
1061,1400,1302,2,7.76,19:18:16
1607,2057,2844,10,10.56,17:57:07
1088,1079,1145,9,20.24,04:28:08
520,183,91,13,21.27,13:56:26
335,1653,253,10,13.27,20:49:04
2824,2756,1663,20,17.93,11:57:13
2571,1521,617,9,4.58,22:23:13
2417,1385,662,14,3.0,22:23:25
2072,1267,1627,13,22.31,22:44:53
1636,1867,2918,15,4.03,15:39:38
2022,1669,552,7,13.74,03:34:28
1770,1932,2159,8,2.92,09:08:31
285,1350,2159,12,12.81,01:47:05
1286,1737,1467,8,10.56,05:30:53
2200,1551,2567,4,22.87,23:54:20
983,415,678,10,16.01,07:00:37
2002,2143,1762,6,18.75,16:14:01
1037,2241,1070,14,20.71,08:56:29
2439,1461,2049,4,24.61,14:00:12
2069,1029,2805,11,20.0,13:06:30
2509,1748,920,6,5.38,07:53:58
1770,2065,2123,6,0.84,23:49:13
42,903,195,16,12.74,14:00:33
2645,1074,1564,8,12.92,21:06:48
1198,2486,276,8,24.75,13:12:56
857,943,1054,19,2.66,04:05:49
1065,1336,46,1,2.79,11:32:37
2056,2631,85,3,21.12,11:20:01
1299,820,842,9,22.39,18:22:26
2543,1376,1053,19,9.71,10:40:29
1805,920,1621,14,24.16,06:46:31
2352,660,1031,9,24.89,23:17:51
2976,181,117,17,21.8,03:55:37
820,968,1694,16,20.31,02:51:09
872,1909,1695,20,18.62,04:20:37
131,1987,1171,9,1.24,03:39:19
94,2558,2557,4,15.87,01:39:46
1043,1950,586,4,7.43,10:07:24
2001,1181,1383,12,8.31,01:58:35
2906,180,448,20,6.88,18:47:36
1981,1272,893,3,9.29,06:16:37
626,1485,2488,16,13.29,06:28:12
161,1066,466,10,10.56,12:34:40
2967,522,653,20,7.54,03:46:52
1214,295,2706,18,24.86,06:14:55
2850,1377,184,14,2.87,07:41:28
634,1019,984,20,18.27,07:27:28
2296,1362,458,17,11.21,22:56:01
2466,929,2496,5,3.1,06:09:09
659,649,550,14,14.95,01:53:58
48,618,1357,7,22.59,23:43:32
2108,2498,2647,10,0.71,15:40:22
2306,2408,2202,18,9.11,05:21:08
655,110,583,10,5.02,09:50:38
2213,2453,2256,20,17.62,17:37:32
2669,475,2025,20,17.04,11:46:49
1941,1672,812,1,11.27,22:07:20
431,516,1034,8,13.48,09:12:52
774,694,146,11,8.47,17:05:46
299,12,2774,11,19.13,12:45:04
1389,1993,228,6,23.34,11:05:27
2773,2039,576,13,7.29,19:49:38
1993,2023,1356,8,18.08,14:00:38
142,255,877,11,21.74,05:56:32
1067,2876,1802,12,23.97,03:39:21
1142,2660,1090,5,16.21,17:19:09
2223,44,562,5,9.63,10:31:15
1101,2577,2047,5,4.97,20:37:48
1333,715,92,9,20.69,09:19:00
2645,1472,2352,10,3.78,12:00:32
964,653,1222,14,0.86,21:59:52
393,555,1888,16,10.95,14:00:15
1890,911,189,17,4.93,13:18:33
2795,1473,1778,2,3.74,12:58:12
836,778,1411,19,5.23,03:52:06
1109,299,2989,17,19.39,09:33:22
215,1981,2079,10,3.78,02:54:22
390,1248,61,10,20.65,16:19:04
998,2303,295,17,20.52,08:02:26
243,1144,1510,15,23.69,21:03:48
1139,1539,890,15,5.67,02:35:51
2767,1965,1636,2,2.68,09:03:06
896,470,572,15,14.3,01:28:18
709,520,1076,18,17.57,19:00:51
2071,1347,434,17,20.27,09:05:22
2823,2596,2415,5,10.61,05:03:20
2556,2933,396,14,18.81,15:03:46
83,614,795,19,7.21,13:48:50
964,1931,3000,1,18.58,17:42:30
1269,122,1312,2,7.92,04:18:11
864,1823,1179,4,13.58,13:02:08
1555,919,1446,1,22.09,11:29:45
383,817,2298,12,16.34,12:26:48
2172,1615,2811,14,2.86,02:49:55
390,2545,2619,11,12.2,01:18:33
1179,842,1619,1,7.94,13:40:03
786,314,1069,12,22.1,07:13:54
1037,1319,309,8,18.61,14:36:15
2145,1395,2382,17,6.9,02:46:09
2156,1584,1815,13,11.49,12:15:40
2634,1750,894,15,1.25,11:25:23
251,497,2303,13,0.0,04:36:03
1489,463,2691,1,13.96,09:48:08
2827,1397,2571,17,18.02,06:55:04
840,1420,1477,1,24.38,17:06:13
565,260,2469,9,2.71,18:30:11
358,1732,2402,4,9.09,19:30:09
444,623,2560,4,23.78,15:03:34
2339,2809,526,4,1.91,12:44:02
426,2873,1020,15,2.43,08:24:00
2609,2503,1651,3,9.77,11:18:30
2483,599,2173,18,3.62,19:53:24
2472,1702,930,5,13.74,20:45:18
541,2137,2998,14,0.52,23:32:55
2017,2634,1901,12,24.44,14:59:26
2655,2296,1570,13,6.41,05:42:01
156,2394,463,11,13.74,08:17:02
888,124,1185,10,10.61,18:25:17
130,1076,2051,3,5.99,23:30:25
2812,2983,2859,6,10.59,00:58:52
514,1473,1898,20,17.86,06:25:30
1853,2279,1342,16,22.71,21:01:56
855,1410,1518,11,5.11,06:08:11
1997,2299,1772,20,16.86,07:45:17
1410,2863,902,12,23.55,22:04:07
2021,490,1395,10,7.96,19:41:07
891,2901,1528,5,20.03,08:55:26
2962,2864,799,16,10.4,03:03:53
977,574,763,11,17.8,03:44:03
2436,126,1058,4,19.77,20:05:15
2803,1610,649,13,1.12,06:08:51
2873,2535,251,13,19.12,12:26:44
1570,2009,771,4,0.34,12:44:04
582,2848,100,2,20.02,07:59:24
106,1704,2287,5,2.74,20:54:19
1074,1948,474,15,13.91,12:01:33
780,83,773,1,11.88,20:41:05
450,1199,1160,15,19.69,12:44:42
230,2911,2009,9,7.29,12:08:55
1079,1302,2503,4,20.74,07:29:49
1676,2815,2639,1,17.24,17:40:51
1228,466,1763,20,17.55,13:47:04
1272,1613,179,20,13.18,08:45:33
2634,230,654,11,6.29,13:49:49
378,326,1273,3,17.77,03:09:34
1545,1508,1105,14,14.58,21:44:21
668,253,76,2,19.64,19:42:14
2427,580,514,18,12.15,05:52:27
1963,549,137,7,0.58,10:42:31
1009,2811,1754,2,4.22,02:06:56
2283,2271,1568,14,20.97,21:16:23
2955,1280,942,17,21.21,11:49:33
296,148,2802,8,15.01,19:53:04
2244,674,2642,6,9.75,04:11:00
1948,2571,1710,20,15.18,05:44:47
1681,2978,1820,5,2.16,03:32:20
633,700,412,4,13.3,03:20:18
2943,392,1020,13,12.54,11:01:34
2799,2436,1591,8,20.74,16:32:59
1755,2629,1619,15,21.22,06:03:33
2062,2620,2176,3,13.63,01:02:27
2228,1156,1929,16,10.08,07:12:27
2954,965,1841,3,9.95,03:06:16
2752,2003,2598,6,24.26,23:17:28
1873,1168,1412,16,11.44,19:19:44
