standing_id,season_id,team_id,total_points,rank
1,11,1204,319.78,6
2,1,2434,335.61,18
3,8,364,486.06,3
4,18,1597,189.39,4
5,3,1819,466.13,16
6,8,1520,374.7,11
7,18,1758,475.08,9
8,4,1988,406.67,13
9,1,2726,182.5,10
10,8,1607,5.15,10
11,15,552,134.02,3
12,5,1802,47.62,14
13,1,945,471.56,12
14,7,500,342.17,3
15,7,97,384.96,15
16,8,1479,242.9,11
17,8,2547,102.45,3
18,5,2046,74.97,8
19,16,287,76.32,4
20,5,334,374.76,7
21,3,183,150.63,9
22,14,2506,371.28,13
23,2,2604,261.76,7
24,1,1754,368.2,16
25,6,2781,392.17,7
26,20,1450,323.54,4
27,10,2035,346.7,2
28,15,1513,449.73,5
29,17,8,131.68,18
30,10,122,348.97,11
31,5,2379,373.29,6
32,20,2408,82.0,17
33,7,1933,162.91,7
34,18,160,386.48,3
35,19,326,42.93,15
36,8,763,207.71,7
37,16,61,220.33,6
38,5,289,243.78,9
39,4,1885,336.02,19
40,11,1703,112.62,4
41,9,1949,266.45,7
42,6,1400,60.17,14
43,1,870,425.42,9
44,13,1653,441.25,1
45,10,2069,84.7,18
46,17,2293,417.17,1
47,2,1083,38.15,7
48,1,1038,452.84,8
49,7,1167,5.28,2
50,5,2628,169.87,5
51,8,934,75.84,14
52,11,2098,420.9,12
53,7,844,416.26,9
54,5,2922,185.17,1
55,15,165,409.38,6
56,7,2728,202.51,15
57,19,1967,433.19,19
58,5,1742,28.62,9
59,9,541,13.94,15
60,6,715,461.84,20
61,1,938,214.95,16
62,7,1926,396.22,6
63,14,646,436.14,20
64,8,1022,103.14,20
65,16,1958,248.15,15
66,12,781,393.7,8
67,3,540,397.01,16
68,3,2717,155.94,20
69,16,1018,276.26,2
70,18,634,284.97,18
71,2,1112,23.27,2
72,13,1741,255.02,6
73,12,2328,161.43,13
74,13,1567,344.27,11
75,15,993,412.95,17
76,9,1836,168.88,14
77,5,1078,470.21,11
78,15,2505,70.31,13
79,19,311,121.07,13
80,9,1642,299.69,13
81,6,2348,187.43,7
82,9,2692,49.67,6
83,5,1017,134.75,16
84,20,1023,74.71,19
85,1,1264,431.44,1
86,12,1190,264.57,5
87,1,1282,483.48,19
88,20,1320,10.03,8
89,19,1991,231.23,4
90,2,2596,57.43,17
91,16,1050,224.81,16
92,13,1657,228.87,20
93,13,1798,210.03,11
94,7,2740,329.65,6
95,17,1684,38.92,12
96,1,2111,233.68,7
97,17,1173,419.46,20
98,16,1810,117.62,13
99,19,1328,148.04,10
100,14,2910,440.87,4
101,4,1955,58.02,7
102,11,784,26.8,7
103,18,1264,69.94,10
104,19,1775,151.1,5
105,4,80,266.33,10
106,20,2396,244.95,17
107,8,2626,333.35,1
108,18,1896,311.29,5
109,14,1507,126.86,14
110,16,2796,411.46,5
111,10,2561,346.28,7
112,3,2534,223.13,19
113,1,2358,264.04,18
114,9,1222,336.2,11
115,15,1903,110.13,4
116,1,450,370.39,18
117,7,2171,256.16,17
118,13,2626,486.22,13
119,5,1732,398.05,18
120,19,1646,340.99,7
121,6,2584,142.82,9
122,2,2028,291.54,7
123,4,2568,320.7,10
124,2,713,402.04,3
125,3,2334,160.16,18
126,8,498,14.71,18
127,15,1221,18.15,18
128,3,2014,236.11,20
129,15,2232,295.49,8
130,8,1344,420.23,3
131,19,430,126.8,7
132,18,618,316.25,20
133,1,2595,398.65,2
134,1,1384,459.54,4
135,10,2228,13.0,7
136,20,339,486.83,13
137,18,492,176.68,10
138,8,2416,321.21,6
139,3,1467,17.55,5
140,2,1372,493.16,18
141,8,1853,441.09,11
142,7,1544,255.09,6
143,5,1,20.5,17
144,12,709,357.49,2
145,1,284,26.63,11
146,9,1381,359.26,9
147,6,1076,89.8,11
148,7,2738,102.72,1
149,4,1024,487.34,12
150,5,1834,477.75,10
151,17,2175,82.77,11
152,20,998,253.23,15
153,17,467,244.0,2
154,20,2662,246.69,12
155,8,2691,27.24,15
156,17,1782,20.69,1
157,20,1155,187.51,20
158,9,1227,83.47,14
159,14,331,224.16,4
160,13,41,385.73,8
161,1,98,478.73,5
162,1,1999,49.42,6
163,12,1136,345.32,1
164,4,2271,323.44,7
165,10,1353,117.92,3
166,5,2329,428.5,19
167,12,725,122.11,6
168,13,567,356.65,7
169,18,2355,391.89,6
170,5,1583,321.17,15
171,2,2029,249.22,20
172,20,2240,465.43,8
173,5,2106,62.7,3
174,5,2460,499.83,16
175,8,960,328.77,20
176,16,453,492.07,2
177,18,288,322.61,3
178,18,2617,281.69,15
179,20,2677,155.58,8
180,9,921,396.47,14
181,17,2867,72.78,19
182,7,1642,316.48,4
183,9,547,96.93,1
184,3,1968,435.92,6
185,15,2453,226.71,18
186,18,2377,448.89,8
187,11,1168,394.86,13
188,2,2884,247.21,17
189,20,144,102.39,8
190,13,1301,472.87,15
191,16,2403,336.07,12
192,11,1859,149.58,18
193,10,2976,403.08,7
194,7,1860,260.67,16
195,1,2341,171.35,11
196,11,2981,53.36,8
197,1,1289,453.18,6
198,15,236,336.82,8
199,15,1266,428.98,19
200,16,2932,58.94,2
201,9,1023,213.13,10
202,14,1056,286.5,18
203,2,843,41.94,7
204,1,1702,150.31,1
205,6,2234,89.13,4
206,13,753,164.65,18
207,10,1973,476.78,5
208,2,883,166.01,17
209,16,1792,414.06,15
210,17,2879,166.35,12
211,19,218,227.91,2
212,19,2091,140.51,5
213,11,1712,461.72,15
214,14,1764,490.0,17
215,20,2989,239.51,6
216,19,436,69.2,6
217,3,267,491.57,17
218,12,855,400.69,1
219,5,2157,168.44,16
220,14,2051,299.18,5
221,14,1246,3.11,19
222,2,1211,136.87,4
223,17,1952,7.79,14
224,16,2273,446.15,17
225,14,1816,213.99,20
226,20,1568,419.79,2
227,9,1602,303.93,3
228,17,2659,58.51,18
229,1,1979,159.57,17
230,9,448,325.88,19
231,9,393,254.31,9
232,17,1849,420.96,15
233,20,591,184.93,14
234,20,1495,258.35,9
235,6,857,118.74,6
236,4,972,113.85,8
237,7,375,0.19,1
238,4,1617,471.01,12
239,1,401,451.42,9
240,13,1783,332.72,10
241,18,2915,458.1,2
242,7,79,129.3,14
243,15,1558,333.59,15
244,18,1436,163.01,16
245,10,1843,137.35,18
246,18,406,368.39,4
247,14,2319,70.17,7
248,10,2982,124.99,3
249,11,1383,325.27,12
250,13,378,490.26,6
251,4,586,393.72,9
252,12,849,419.24,20
253,14,2357,181.65,15
254,19,885,170.69,14
255,13,251,477.29,14
256,7,1905,189.52,19
257,20,2969,148.52,8
258,13,2357,98.63,16
259,9,2093,262.27,15
260,16,1085,92.35,12
261,11,2885,193.02,9
262,14,2857,279.24,15
263,6,1165,104.17,13
264,11,2218,212.72,17
265,11,1572,435.18,15
266,9,2657,341.37,12
267,10,1296,254.63,7
268,15,1307,478.78,11
269,2,528,387.62,14
270,19,1699,219.99,6
271,7,2822,450.23,16
272,15,2433,403.32,7
273,20,494,166.12,10
274,20,901,440.59,8
275,20,1231,318.59,6
276,1,1670,273.59,16
277,14,2297,187.04,9
278,11,1901,401.13,7
279,14,2259,296.84,7
280,20,943,384.48,9
281,2,1,28.89,5
282,1,391,148.21,2
283,5,1209,194.82,3
284,13,845,304.67,2
285,9,880,412.38,6
286,9,1663,375.09,12
287,5,1934,258.89,9
288,20,1,46.4,15
289,4,127,58.25,4
290,14,1102,267.49,4
291,11,2307,378.0,15
292,16,2720,2.82,6
293,15,1659,320.17,2
294,6,2467,421.6,1
295,6,1694,18.23,1
296,3,216,110.17,7
297,9,545,155.75,13
298,14,1607,93.09,7
299,20,1366,262.77,6
300,7,603,402.72,2
301,6,1644,362.11,4
302,9,925,476.97,5
303,9,2086,44.63,19
304,18,1400,298.45,9
305,5,2068,236.82,7
306,15,2246,431.48,5
307,13,2597,70.89,5
308,16,71,123.77,9
309,9,1644,5.46,8
310,18,1462,321.08,19
311,13,1954,264.7,7
312,10,521,94.05,11
313,1,525,35.33,4
314,10,691,475.15,9
315,10,1855,339.54,12
316,20,1562,398.61,20
317,5,409,214.47,20
318,2,1286,413.72,4
319,12,1887,53.62,7
320,5,1613,82.36,10
321,11,2018,307.6,11
322,17,2811,131.43,5
323,13,482,438.2,17
324,14,2848,267.03,8
325,9,204,281.9,8
326,19,1220,262.94,15
327,6,1639,271.71,8
328,13,2067,444.88,20
329,20,2714,141.14,5
330,12,1162,367.78,7
331,12,1695,193.33,16
332,5,1678,165.77,6
333,8,2406,275.84,3
334,5,2818,325.5,8
335,7,235,169.72,5
336,18,1799,168.82,18
337,9,1724,46.35,14
338,5,1438,100.84,4
339,11,1009,82.73,16
340,18,1092,278.45,1
341,13,410,346.61,20
342,13,2115,198.63,15
343,9,1659,25.97,9
344,12,1436,177.52,12
345,6,2209,146.12,15
346,3,372,147.96,19
347,12,690,430.78,13
348,12,1336,98.85,7
349,10,1882,183.71,8
350,15,1841,241.74,5
351,1,2979,198.07,3
352,5,238,97.25,6
353,9,295,285.95,11
354,4,22,469.11,17
355,9,2872,146.09,7
356,10,2073,426.16,19
357,9,2161,498.85,16
358,2,891,335.98,17
359,5,2724,45.28,20
360,4,219,222.86,5
361,16,57,319.91,5
362,13,2056,463.04,9
363,3,1720,186.49,17
364,7,433,133.35,13
365,18,1716,277.72,1
366,20,1660,331.61,1
367,12,924,418.86,10
368,4,2324,320.16,16
369,2,377,234.2,18
370,13,208,161.46,13
371,1,360,401.37,13
372,20,746,145.52,3
373,19,1098,323.61,1
374,2,2298,90.91,6
375,10,581,58.23,14
376,17,1945,401.14,13
377,1,861,285.23,7
378,3,788,354.94,14
379,20,110,380.69,16
380,3,2826,134.58,19
381,15,452,284.87,9
382,7,502,83.76,19
383,13,757,222.62,8
384,7,1966,170.54,5
385,15,272,71.23,4
386,4,966,64.94,9
387,12,1449,82.34,13
388,15,579,61.54,11
389,18,1573,283.43,14
390,19,2448,380.56,16
391,9,1989,253.5,18
392,15,2565,54.01,19
393,19,656,123.33,10
394,20,1702,91.52,15
395,15,453,220.84,10
396,18,1334,117.49,20
397,14,47,115.69,6
398,9,947,150.29,14
399,7,1573,232.79,12
400,2,867,43.15,9
401,10,2255,87.62,17
402,14,1223,270.83,16
403,8,2468,69.91,9
404,9,1617,454.28,13
405,20,1140,53.17,6
406,20,2263,46.78,17
407,18,565,460.98,18
408,12,775,106.83,7
409,20,2543,317.53,11
410,1,530,294.17,17
411,20,277,288.13,15
412,2,2140,167.27,15
413,8,2745,118.79,7
414,9,1685,371.18,14
415,15,1894,445.94,19
416,2,811,376.56,5
417,12,1774,3.38,16
418,20,2526,224.01,13
419,12,1166,248.82,19
420,1,1847,13.65,13
421,15,41,10.09,4
422,15,2683,226.36,8
423,17,95,186.79,20
424,3,570,247.35,15
425,18,2260,397.18,2
426,19,2925,352.7,15
427,12,823,53.39,20
428,2,2163,148.21,6
429,8,1164,295.06,7
430,10,1910,214.65,19
431,17,2946,41.41,14
432,20,1680,259.98,12
433,5,1015,204.39,20
434,6,913,66.96,7
435,14,1402,147.27,2
436,16,2450,263.33,8
437,13,795,262.46,19
438,11,1591,129.24,10
439,16,2393,102.99,13
440,1,809,412.3,15
441,15,2365,72.49,5
442,3,223,319.83,14
443,16,2353,186.33,6
444,11,10,303.17,5
445,6,700,248.76,1
446,12,2055,380.52,17
447,11,2368,421.32,17
448,10,383,246.08,2
449,12,1559,468.32,15
450,11,669,411.59,15
451,9,2508,29.51,2
452,19,1104,410.76,1
453,3,1170,156.48,20
454,1,1123,432.97,12
455,12,1247,85.3,18
456,7,525,356.08,15
457,18,1540,406.66,11
458,13,1618,116.52,13
459,15,2198,282.62,10
460,16,450,171.27,14
461,10,1392,59.42,19
462,6,2360,457.34,3
463,10,2346,454.19,4
464,14,1612,404.22,17
465,14,1980,462.6,4
466,2,2195,308.09,3
467,10,2115,240.28,17
468,1,728,195.7,8
469,17,2044,272.82,18
470,16,1806,243.16,3
471,5,939,178.54,2
472,19,1797,409.83,10
473,18,863,139.73,13
474,11,1503,428.45,11
475,12,82,158.0,15
476,9,186,28.75,17
477,13,1242,395.43,5
478,12,2544,472.25,16
479,18,710,309.19,15
480,8,1424,440.89,19
481,20,991,173.57,7
482,9,2102,489.04,3
483,16,2039,481.8,6
484,12,1963,434.67,8
485,19,352,73.89,19
486,8,926,18.59,19
487,12,2268,322.95,20
488,4,2612,54.92,14
489,14,572,477.85,12
490,20,1072,287.52,4
491,7,1833,213.43,18
492,12,2805,8.24,10
493,15,2419,227.3,7
494,1,2437,106.87,2
495,13,2415,0.53,12
496,15,1542,166.36,17
497,19,1869,352.91,14
498,10,1960,365.28,12
499,12,1358,220.76,17
500,15,827,191.19,14
501,16,1379,96.24,14
502,3,425,143.21,11
503,20,2266,247.06,9
504,13,601,67.18,14
505,3,677,308.76,14
506,16,2886,135.88,5
507,20,2731,344.06,11
508,10,2131,142.18,16
509,1,1359,336.04,14
510,20,1815,166.62,18
511,3,130,207.23,13
512,7,1383,80.34,16
513,18,310,316.74,15
514,16,142,130.21,6
515,19,2893,429.31,9
516,5,205,410.06,12
517,7,2885,41.26,2
518,2,471,269.36,10
519,3,1642,84.44,16
520,3,1598,199.68,17
521,13,608,108.43,7
522,16,1127,84.0,14
523,8,429,65.43,10
524,14,2414,247.42,20
525,6,1220,284.19,18
526,8,935,401.98,6
527,15,1081,439.69,11
528,8,2327,283.65,9
529,7,2121,249.79,13
530,2,1263,211.68,15
531,6,719,294.35,4
532,9,1074,302.43,17
533,2,283,217.49,2
534,19,1510,346.09,11
535,15,2056,58.17,1
536,2,1722,442.18,14
537,1,2592,34.22,16
538,13,958,17.29,19
539,16,2726,353.69,14
540,4,1727,312.39,1
541,6,13,181.97,16
542,16,1987,46.03,14
543,3,1147,411.94,17
544,2,1643,161.69,15
545,18,635,383.63,8
546,6,1077,200.94,6
547,12,2582,411.41,9
548,4,826,64.52,6
549,15,2545,19.74,18
550,2,2922,240.73,12
551,14,755,255.83,4
552,6,2808,447.42,5
553,13,2863,358.97,8
554,1,1137,111.12,16
555,7,742,247.76,1
556,12,2771,19.54,19
557,4,236,188.26,19
558,19,1881,279.74,16
559,5,2037,341.0,16
560,7,2355,440.59,2
561,10,1282,92.58,7
562,15,2047,242.4,9
563,15,608,211.01,15
564,20,2127,425.44,17
565,11,1308,31.98,4
566,6,1744,44.84,16
567,7,424,150.57,20
568,14,112,265.66,3
569,10,1144,123.68,17
570,6,503,137.18,3
571,5,650,386.89,3
572,20,2670,135.08,14
573,7,2580,419.94,5
574,10,337,261.76,18
575,16,2235,247.77,3
576,11,1342,127.23,18
577,9,1120,214.66,20
578,17,2444,23.54,19
579,14,2728,156.13,16
580,18,2429,327.01,10
581,13,1023,412.2,19
582,14,299,367.01,16
583,6,686,305.61,13
584,20,1173,101.81,15
585,19,2127,164.95,9
586,5,1950,176.71,3
587,1,1491,247.42,6
588,6,2119,240.53,20
589,1,2766,229.67,17
590,19,1209,443.22,10
591,13,1458,87.18,3
592,1,1349,372.09,2
593,4,2306,499.59,7
594,10,1885,201.02,17
595,6,2134,442.5,13
596,11,1041,430.09,8
597,8,687,66.45,10
598,16,819,160.56,19
599,4,1583,105.64,7
600,20,2654,230.3,6
601,7,1118,486.34,11
602,1,1074,383.43,15
603,20,472,11.74,9
604,16,1246,350.4,18
605,2,2848,445.9,5
606,15,1229,412.9,17
607,15,2122,230.57,4
608,11,1986,288.65,15
609,10,117,155.95,4
610,1,603,379.35,8
611,13,1565,153.74,10
612,13,2782,263.07,20
613,8,223,369.94,4
614,3,2652,140.98,5
615,18,1691,197.49,9
616,18,2443,274.37,19
617,5,1158,469.9,12
618,5,1465,420.61,2
619,17,2828,357.7,18
620,17,78,120.25,4
621,9,374,462.02,19
622,20,2761,156.66,3
623,11,1912,493.37,6
624,5,1614,281.12,5
625,10,362,478.71,8
626,6,1115,215.19,7
627,9,2431,392.11,7
628,11,227,196.89,17
629,11,2908,298.96,1
630,16,94,189.49,17
631,14,2871,406.34,2
632,13,995,420.3,9
633,19,2178,402.48,13
634,17,2826,134.56,1
635,1,561,149.97,15
636,14,1245,383.84,10
637,12,381,27.36,12
638,5,1889,176.24,1
639,12,2429,404.06,15
640,7,441,319.57,19
641,10,482,29.59,18
642,13,830,174.62,7
643,9,910,286.89,13
644,15,1993,343.65,5
645,15,364,495.41,4
646,13,298,102.8,5
647,19,2697,244.97,18
648,3,1440,420.72,4
649,2,208,272.43,19
650,3,776,324.74,8
651,15,1357,322.53,4
652,6,284,187.69,19
653,2,599,181.21,1
654,8,758,153.36,14
655,4,79,319.33,5
656,20,1201,41.55,6
657,19,1753,114.61,1
658,3,398,181.05,17
659,11,2262,166.47,6
660,16,1120,308.31,17
661,8,1587,240.39,4
662,17,1814,191.77,4
663,19,1141,300.88,7
664,15,2288,30.37,7
665,3,2815,247.75,14
666,19,2358,252.63,12
667,1,741,470.03,1
668,8,2447,478.54,2
669,17,1914,307.36,5
670,19,2026,301.2,1
671,19,2928,301.1,16
672,13,565,370.38,16
673,17,206,252.04,6
674,20,2643,67.87,15
675,1,421,279.57,16
676,18,1148,436.74,3
677,15,114,282.27,19
678,17,824,499.94,11
679,1,2576,49.26,3
680,11,2651,38.23,20
681,10,2734,128.02,16
682,16,2765,292.09,16
683,6,1100,235.28,18
684,20,1296,485.38,18
685,13,500,247.71,12
686,16,2813,338.36,4
687,19,2989,92.45,6
688,11,696,293.9,15
689,15,1883,325.11,5
690,1,436,499.83,16
691,3,207,466.31,16
692,6,2590,361.6,10
693,13,268,52.96,8
694,3,2666,324.22,2
695,5,128,495.41,18
696,9,528,290.76,1
697,2,2941,139.97,14
698,3,1622,131.17,6
699,12,713,219.89,14
700,13,1425,119.77,15
701,16,204,105.63,7
702,13,2560,184.91,3
703,4,820,390.0,14
704,20,2079,411.46,5
705,2,2676,358.43,7
706,7,1560,184.38,12
707,9,1813,358.04,8
708,15,499,175.87,7
709,14,2869,351.44,7
710,20,1095,374.58,5
711,4,1220,71.2,14
712,1,159,234.47,7
713,6,1988,321.15,15
714,3,1546,260.9,20
715,10,150,416.73,20
716,19,2683,340.09,11
717,19,1201,281.96,3
718,15,2953,89.64,14
719,19,2129,71.52,16
720,10,535,378.28,20
721,15,2617,228.01,13
722,1,424,410.88,12
723,11,1230,371.31,2
724,9,2725,318.65,14
725,10,768,59.61,8
726,18,233,287.64,4
727,10,2970,490.15,7
728,1,2859,410.41,20
729,14,976,333.22,12
730,7,410,476.48,10
731,3,2428,382.04,16
732,11,68,115.9,11
733,8,1988,333.83,18
734,19,1635,127.91,8
735,8,944,83.7,11
736,6,1883,144.59,2
737,20,1390,8.34,15
738,17,2128,76.46,20
739,7,315,60.98,1
740,6,2495,409.51,9
741,18,1688,298.17,5
742,14,1614,441.97,11
743,2,1464,297.52,9
744,9,19,309.88,16
745,11,1788,59.15,12
746,4,1630,406.93,15
747,13,1076,146.68,19
748,5,2619,54.56,1
749,1,101,75.7,3
750,5,584,487.19,17
751,20,1977,284.79,19
752,15,1474,0.07,3
753,6,1819,338.36,13
754,9,836,9.05,7
755,11,1977,370.16,10
756,14,1442,197.8,19
757,20,55,338.94,5
758,12,2398,321.64,4
759,7,891,260.04,14
760,1,1645,18.73,10
761,4,1290,56.33,2
762,15,43,401.99,10
763,11,2195,477.28,16
764,7,2540,241.6,16
765,14,894,218.09,9
766,4,2193,401.57,17
767,9,2676,214.52,10
768,12,238,300.44,9
769,10,223,288.71,20
770,13,2672,249.07,8
771,6,666,369.95,11
772,16,2616,62.31,10
773,6,1023,404.82,2
774,2,598,205.66,20
775,18,1521,422.86,9
776,9,2745,123.34,7
777,19,141,302.52,2
778,4,2204,385.83,5
779,14,2907,416.07,1
780,2,2036,231.36,10
781,18,2284,415.56,4
782,1,2721,292.52,2
783,3,1128,198.21,18
784,18,2585,326.16,1
785,3,2793,106.73,1
786,6,2301,298.47,11
787,7,1682,325.24,20
788,14,125,423.0,4
789,12,1526,480.26,16
790,7,2218,269.98,4
791,5,1302,326.46,16
792,15,823,469.1,1
793,13,1599,421.44,9
794,3,319,208.65,2
795,3,1136,11.12,13
796,8,2562,89.0,7
797,6,1677,314.53,17
798,4,1282,212.46,14
799,14,2116,331.33,12
800,17,1522,31.81,15
801,4,890,38.97,8
802,18,434,291.96,7
803,20,1121,413.23,1
804,9,857,37.12,5
805,14,2110,237.65,5
806,11,1037,197.55,14
807,19,125,434.72,3
808,15,1100,387.6,20
809,14,1924,498.22,4
810,8,17,188.35,13
811,8,1370,338.79,2
812,5,34,31.36,5
813,11,642,10.36,18
814,19,1324,418.72,17
815,1,2020,468.56,19
816,4,458,437.16,2
817,20,67,35.37,1
818,20,668,79.36,6
819,14,938,374.19,17
820,12,66,91.72,5
821,12,524,280.4,10
822,1,2614,356.96,20
823,7,1226,45.6,1
824,14,2741,58.35,8
825,8,832,327.91,13
826,2,693,249.78,8
827,1,1735,338.72,11
828,15,2889,298.21,17
829,19,1025,320.5,13
830,17,1856,158.09,7
831,4,1054,272.82,6
832,13,535,162.93,18
833,17,2624,434.53,11
834,4,2099,94.68,19
835,6,2779,372.94,20
836,3,2319,361.66,8
837,15,2791,282.76,15
838,11,2971,65.01,3
839,10,1202,245.05,11
840,2,614,268.88,11
841,17,1125,365.51,5
842,18,1211,284.67,5
843,7,2717,75.87,4
844,13,2118,440.63,3
845,1,328,349.01,3
846,14,2371,432.99,18
847,20,1256,273.65,7
848,13,4,204.46,1
849,12,2321,328.38,4
850,17,1471,235.13,16
851,9,352,210.55,11
852,20,680,260.4,19
853,11,1091,334.96,6
854,3,1561,257.57,4
855,4,2435,126.78,8
856,15,1345,154.02,9
857,4,34,52.73,9
858,1,2298,232.74,17
859,18,1380,351.81,2
860,1,1872,312.92,4
861,15,2221,390.06,12
862,1,100,134.37,9
863,11,754,457.13,5
864,12,2864,91.53,10
865,17,1541,116.03,18
866,7,2118,366.38,6
867,1,776,9.2,16
868,2,736,336.84,12
869,19,1632,463.08,5
870,3,2687,235.01,15
871,17,124,474.77,2
872,15,980,167.61,1
873,9,2313,209.25,7
874,20,1178,166.43,4
875,7,1150,405.93,13
876,15,1440,156.05,16
877,19,1509,168.11,7
878,11,1541,341.91,8
879,10,262,252.49,16
880,9,255,93.26,16
881,14,1822,422.68,17
882,9,2288,430.75,20
883,13,1498,460.08,8
884,14,1249,147.44,19
885,11,1485,319.44,14
886,19,1013,132.27,15
887,11,2924,355.83,4
888,2,2898,299.4,9
889,8,325,128.88,9
890,13,2027,365.5,11
891,5,2578,138.49,13
892,14,1233,436.5,16
893,2,592,438.34,6
894,5,2678,327.64,1
895,20,2808,15.44,13
896,17,54,228.81,9
897,5,1546,208.76,4
898,15,1071,330.14,15
899,18,1325,125.35,11
900,19,1497,199.63,6
901,19,423,477.85,2
902,13,2034,497.04,10
903,14,394,162.47,3
904,4,1700,326.23,1
905,11,2886,420.62,15
906,3,634,13.44,4
907,1,920,266.75,3
908,14,1653,23.68,12
909,5,458,121.65,13
910,7,1278,454.98,6
911,2,1289,459.64,7
912,6,507,133.34,14
913,18,2122,287.49,1
914,13,582,79.32,11
915,16,337,459.15,16
916,9,125,124.71,4
917,4,198,207.27,10
918,14,2583,490.76,6
919,14,99,441.3,15
920,15,1581,181.87,4
921,14,825,372.75,4
922,11,722,376.43,12
923,8,1879,71.45,11
924,16,2626,404.03,3
925,15,2595,289.12,20
926,18,1489,470.17,11
927,1,1481,113.68,9
928,20,1791,321.22,16
929,4,1917,305.4,10
930,5,2475,360.1,6
931,10,710,343.32,16
932,5,305,394.64,11
933,2,1488,130.4,8
934,11,2,37.29,1
935,3,461,432.9,7
936,2,1470,394.2,15
937,16,2660,7.48,18
938,17,439,479.21,19
939,2,2479,153.89,13
940,13,1371,181.11,5
941,9,2246,66.86,2
942,6,2039,438.74,7
943,1,305,369.07,10
944,12,686,83.38,17
945,13,984,134.76,17
946,2,759,26.63,10
947,7,2015,298.33,6
948,15,1536,68.67,18
949,19,2043,437.33,18
950,19,911,364.49,19
951,11,623,88.7,8
952,19,2892,419.82,8
953,7,833,126.69,10
954,18,1360,461.84,13
955,18,2098,80.17,13
956,17,2496,79.99,10
957,12,7,34.23,16
958,18,1541,314.56,12
959,9,138,51.42,11
960,13,980,496.4,19
961,7,554,467.23,12
962,4,2783,212.57,17
963,5,1152,474.94,18
964,5,2685,197.88,13
965,8,1008,273.3,12
966,10,1322,452.59,14
967,2,2962,226.39,18
968,3,424,165.12,12
969,16,2737,363.42,8
970,2,2798,405.18,12
971,8,930,464.13,15
972,14,1075,356.71,9
973,9,2355,380.4,19
974,4,155,23.79,3
975,19,1081,200.53,1
976,4,959,27.51,10
977,15,1319,445.85,7
978,7,1061,457.58,9
979,13,1169,416.78,10
980,20,2174,29.44,2
981,7,292,348.58,9
982,17,2475,20.0,9
983,8,2424,452.31,10
984,15,1916,220.28,17
985,7,2497,269.7,9
986,6,635,60.91,8
987,4,1337,305.49,13
988,4,995,280.84,3
989,19,2559,238.02,10
990,1,1816,186.4,5
991,14,1790,498.0,17
992,5,1794,400.79,6
993,15,950,421.44,11
994,7,1103,407.47,7
995,8,1311,282.65,17
996,4,2090,414.0,17
997,4,1691,201.99,4
998,5,2579,422.23,3
999,10,2137,42.7,5
1000,10,2190,158.83,6
1001,1,2929,278.86,18
1002,5,2804,388.65,18
1003,7,1576,100.26,19
1004,15,45,438.46,6
1005,19,2752,18.1,14
1006,11,2591,290.14,17
1007,18,1857,208.2,15
1008,14,2926,211.82,7
1009,15,329,357.61,10
1010,10,1628,169.39,12
1011,8,853,364.25,16
1012,15,1454,56.26,18
1013,9,1711,333.64,19
1014,15,2286,138.36,17
1015,2,1184,230.51,16
1016,16,1323,484.78,13
1017,20,741,246.92,5
1018,10,2205,496.25,3
1019,16,2674,258.88,9
1020,16,625,250.02,19
1021,2,1884,115.16,5
1022,14,2209,477.41,3
1023,11,1208,22.73,17
1024,20,1317,69.81,8
1025,4,1897,131.1,15
1026,10,2098,302.19,3
1027,15,895,267.09,15
1028,11,2056,459.64,11
1029,12,2225,349.58,15
1030,9,1017,91.97,19
1031,9,2852,118.65,11
1032,2,2311,263.58,17
1033,20,6,55.99,9
1034,15,421,75.82,15
1035,20,1534,330.73,14
1036,19,2619,276.9,12
1037,16,2781,285.4,17
1038,18,2853,38.72,17
1039,2,54,355.72,4
1040,12,2167,471.29,16
1041,13,419,213.89,13
1042,5,99,249.29,10
1043,15,2997,213.17,20
1044,5,380,408.17,11
1045,8,776,288.56,18
1046,13,2984,88.13,4
1047,18,1817,406.59,20
1048,15,938,41.9,13
1049,3,366,234.68,6
1050,11,1800,352.01,5
1051,1,1763,236.69,9
1052,18,2051,217.99,7
1053,7,1639,469.52,4
1054,8,1085,335.96,1
1055,5,1005,99.27,4
1056,19,2172,284.43,14
1057,11,2728,391.27,12
1058,12,728,451.18,12
1059,2,241,209.95,8
1060,6,716,208.68,12
1061,20,2483,449.37,14
1062,10,1672,155.62,18
1063,6,1402,23.04,9
1064,16,2540,216.18,19
1065,10,1731,92.02,11
1066,20,1580,255.53,17
1067,3,1286,34.2,17
1068,3,640,177.63,7
1069,16,2097,474.85,14
1070,20,1204,93.25,9
1071,17,2968,419.45,11
1072,1,1231,18.02,15
1073,7,2162,126.54,6
1074,15,2135,105.29,9
1075,5,1661,5.3,5
1076,10,2180,21.79,13
1077,8,1955,485.01,11
1078,1,2795,337.97,8
1079,4,1406,63.14,4
1080,19,1370,59.52,2
1081,13,2465,185.57,7
1082,3,2221,452.85,15
1083,9,60,223.93,20
1084,7,2711,91.57,14
1085,12,1093,455.21,7
1086,2,1813,207.92,2
1087,2,1600,186.95,6
1088,6,2910,108.0,8
1089,18,1333,288.35,10
1090,5,1376,286.2,4
1091,2,2840,335.21,14
1092,14,2588,212.22,19
1093,8,1019,219.47,5
1094,15,1389,409.18,20
1095,12,2178,144.56,20
1096,14,1128,491.71,8
1097,20,1981,497.31,6
1098,17,1129,413.16,9
1099,20,307,159.53,4
1100,6,595,217.15,4
1101,9,102,7.98,18
1102,7,1033,279.45,10
1103,7,2873,331.78,11
1104,13,750,254.56,12
1105,20,2357,404.29,20
1106,15,1615,414.17,16
1107,16,2237,391.6,18
1108,10,2565,382.31,13
1109,20,661,417.36,4
1110,7,2682,133.38,9
1111,1,953,453.43,1
1112,13,694,350.14,18
1113,3,513,206.48,7
1114,20,113,439.55,12
1115,20,2711,479.97,5
1116,9,1941,135.42,15
1117,5,1018,267.23,14
1118,10,2692,483.39,16
1119,3,2809,344.48,2
1120,14,282,100.13,13
1121,9,790,386.4,3
1122,4,988,462.48,8
1123,4,683,51.24,4
1124,2,40,58.2,4
1125,15,2716,315.39,19
1126,3,1423,162.09,18
1127,9,2966,175.38,4
1128,20,375,15.26,12
1129,18,2831,213.08,20
1130,6,1318,139.03,14
1131,18,2344,68.84,16
1132,18,1217,373.33,18
1133,5,364,47.0,10
1134,6,2156,375.04,5
1135,3,1018,112.7,15
1136,11,2154,453.97,11
1137,19,595,65.17,7
1138,1,2808,163.21,3
1139,17,1140,95.66,17
1140,8,2753,346.47,20
1141,16,2894,356.28,15
1142,10,1386,354.84,2
1143,16,749,107.05,20
1144,16,2744,193.22,4
1145,7,1826,251.42,13
1146,10,1891,209.66,12
1147,18,1577,313.82,19
1148,15,1250,23.16,5
1149,6,186,150.31,4
1150,4,2918,238.64,7
1151,5,1125,467.49,1
1152,6,2153,394.32,16
1153,19,296,340.0,17
1154,12,611,48.59,8
1155,8,1930,385.45,9
1156,7,1315,175.36,13
1157,6,1355,471.86,18
1158,1,617,476.53,12
1159,19,2988,455.89,14
1160,18,2507,89.26,3
1161,17,938,105.35,3
1162,1,2798,189.12,10
1163,1,1199,398.68,10
1164,13,1342,2.74,5
1165,18,1870,56.77,6
1166,1,1604,370.29,5
1167,4,2701,41.44,8
1168,2,1114,126.56,1
1169,18,147,289.49,14
1170,10,1047,314.45,15
1171,7,696,23.32,19
1172,8,286,195.74,18
1173,4,1286,497.97,12
1174,7,1020,377.06,4
1175,14,948,485.7,19
1176,20,33,231.75,14
1177,18,1547,62.69,9
1178,10,2128,270.38,17
1179,6,2661,206.65,8
1180,20,451,159.62,1
1181,18,1922,130.23,13
1182,7,2345,22.84,13
1183,2,2489,97.68,14
1184,10,585,242.4,19
1185,20,1313,89.44,7
1186,19,959,380.9,16
1187,20,855,465.11,4
1188,19,767,362.96,2
1189,1,1493,224.82,17
1190,8,947,139.01,8
1191,16,344,333.8,16
1192,3,1236,315.17,8
1193,15,451,487.08,13
1194,15,1378,254.89,8
1195,18,2435,388.79,13
1196,15,1823,124.11,12
1197,20,2639,314.18,11
1198,19,2732,155.46,9
1199,20,1926,495.82,3
1200,20,2344,108.8,4
1201,8,698,334.08,2
1202,14,379,299.91,16
1203,13,300,486.64,14
1204,4,2111,199.3,16
1205,10,2440,150.78,19
1206,3,935,151.53,14
1207,16,256,53.92,8
1208,15,548,413.79,2
1209,18,764,55.74,4
1210,4,979,313.22,12
1211,6,1471,89.77,18
1212,1,92,228.71,15
1213,18,2809,201.82,5
1214,20,248,14.64,3
1215,9,181,114.79,13
1216,13,2945,399.21,18
1217,15,2856,4.07,17
1218,10,1027,368.55,7
1219,15,227,273.99,11
1220,7,2485,180.4,20
1221,12,770,371.94,14
1222,11,1097,142.48,17
1223,8,1654,400.24,12
1224,18,846,7.37,3
1225,14,1123,173.24,13
1226,1,183,38.77,5
1227,3,14,71.94,6
1228,5,2310,59.42,19
1229,16,2782,192.0,20
1230,12,1693,235.01,19
1231,19,2216,417.73,19
1232,19,83,362.3,15
1233,1,358,328.01,9
1234,11,1969,190.85,11
1235,10,1074,168.72,13
1236,7,2243,239.97,8
1237,10,1938,254.44,4
1238,2,1324,417.77,9
1239,8,717,151.24,12
1240,2,1650,331.09,16
1241,7,2640,174.98,19
1242,10,2051,212.09,9
1243,10,447,160.86,3
1244,1,1703,206.27,6
1245,4,18,200.92,13
1246,19,2278,254.73,7
1247,1,1332,134.18,20
1248,4,1250,401.08,7
1249,20,1595,45.13,2
1250,3,1073,19.09,11
1251,13,2583,93.91,9
1252,19,137,290.33,19
1253,8,149,324.21,13
1254,16,2869,231.17,16
1255,16,2625,43.02,6
1256,18,1519,149.87,10
1257,8,1574,414.59,17
1258,14,1131,193.76,13
1259,10,1970,259.66,20
1260,15,1821,295.54,11
1261,12,2844,295.91,6
1262,7,2446,416.13,14
1263,3,1739,479.73,6
1264,15,2265,346.32,15
1265,16,1387,109.37,8
1266,3,2690,334.31,12
1267,13,2813,315.78,15
1268,4,1681,169.1,20
1269,10,338,384.73,4
1270,10,628,105.88,4
1271,2,2807,367.95,19
1272,3,739,191.74,6
1273,2,648,380.13,2
1274,13,1323,413.64,1
1275,6,757,286.23,7
1276,14,869,452.3,14
1277,13,402,464.76,12
1278,1,2831,38.66,15
1279,5,179,496.21,14
1280,1,2806,242.86,14
1281,1,2079,98.55,13
1282,10,1431,307.88,11
1283,7,542,143.36,7
1284,18,1853,217.96,13
1285,20,1838,398.63,17
1286,3,583,476.51,20
1287,14,174,425.21,7
1288,13,2224,285.44,9
1289,16,2437,107.32,8
1290,15,1202,297.14,9
1291,19,2315,494.19,12
1292,1,1103,117.55,15
1293,8,320,300.48,20
1294,9,1207,151.61,5
1295,7,2561,471.4,12
1296,14,2139,50.1,19
1297,13,2598,111.6,5
1298,4,2605,242.92,11
1299,19,188,445.38,3
1300,20,2631,331.54,12
1301,18,973,418.36,17
1302,6,2992,66.67,3
1303,18,2511,203.8,2
1304,2,2168,100.18,15
1305,12,2279,494.78,7
1306,1,2204,429.5,15
1307,7,524,224.39,6
1308,10,1334,314.01,11
1309,2,1068,43.73,2
1310,3,1100,197.9,17
1311,11,2978,45.52,15
1312,2,280,271.4,13
1313,4,2096,20.39,20
1314,2,339,177.67,6
1315,17,2389,127.12,15
1316,8,232,314.23,4
1317,8,1421,54.86,11
1318,16,2434,157.83,16
1319,3,2820,419.56,12
1320,20,1476,369.1,16
1321,15,581,339.17,19
1322,4,402,123.7,19
1323,11,229,196.14,16
1324,20,2129,7.64,16
1325,7,1441,168.2,10
1326,7,545,331.4,4
1327,4,282,486.01,14
1328,18,446,113.94,1
1329,5,1082,474.27,3
1330,7,1648,213.41,17
1331,10,1095,124.19,14
1332,13,1893,465.75,17
1333,8,634,4.18,15
1334,16,2770,1.17,10
1335,16,1075,49.51,1
1336,15,828,377.98,11
1337,7,2895,180.2,6
1338,16,911,250.09,10
1339,9,2028,32.62,17
1340,3,1441,341.57,6
1341,19,1327,272.92,6
1342,15,901,448.06,2
1343,19,2047,125.6,3
1344,9,1782,141.1,19
1345,17,910,440.06,7
1346,11,1506,456.39,11
1347,4,1368,221.44,1
1348,1,2361,457.37,20
1349,19,374,450.42,18
1350,15,2819,59.54,7
1351,17,397,27.58,9
1352,7,575,375.74,10
1353,8,2772,145.46,1
1354,1,1131,127.52,13
1355,6,1793,221.27,2
1356,3,2318,380.61,5
1357,2,1625,358.57,10
1358,12,589,86.32,14
1359,8,2876,142.1,10
1360,15,190,225.34,16
1361,5,2713,139.52,16
1362,14,248,297.9,17
1363,8,938,467.23,18
1364,4,2186,36.71,17
1365,5,392,288.46,12
1366,11,2623,402.35,8
1367,12,785,38.77,15
1368,8,2429,164.38,20
1369,15,1066,329.75,9
1370,10,653,135.93,14
1371,11,523,354.29,14
1372,18,1550,32.31,12
1373,17,2095,405.37,1
1374,20,2420,34.27,13
1375,13,715,319.87,16
1376,9,1372,266.02,11
1377,15,600,21.15,17
1378,13,202,431.85,9
1379,16,2487,400.17,17
1380,10,201,134.29,9
1381,15,550,0.26,3
1382,4,805,288.97,10
1383,13,1400,122.03,12
1384,19,1445,258.4,12
1385,16,173,256.25,10
1386,15,741,22.42,8
1387,3,826,170.93,4
1388,13,2951,222.53,15
1389,18,556,182.19,15
1390,8,2226,246.07,1
1391,7,2083,248.94,4
1392,17,596,488.94,1
1393,3,2150,189.12,5
1394,16,1277,235.01,2
1395,5,2596,356.52,12
1396,2,1341,189.26,12
1397,18,2441,46.32,17
1398,3,1426,335.38,17
1399,16,1883,101.9,16
1400,15,937,106.99,14
1401,9,636,144.89,10
1402,1,2088,344.57,1
1403,16,838,232.25,8
1404,1,2697,308.17,15
1405,7,1779,413.68,5
1406,5,1322,276.67,5
1407,7,1227,139.76,7
1408,2,2059,231.63,12
1409,13,1983,444.46,11
1410,20,2644,329.48,8
1411,19,104,114.35,3
1412,6,2624,434.49,1
1413,9,364,152.27,11
1414,6,5,30.49,3
1415,1,1447,438.84,16
1416,1,914,118.48,8
1417,4,2278,89.9,11
1418,9,2610,21.48,3
1419,16,2155,312.84,14
1420,5,2523,174.07,14
1421,5,2239,122.92,12
1422,10,1482,285.75,1
1423,12,2340,188.56,17
1424,17,1896,159.05,15
1425,8,317,15.22,5
1426,17,2233,103.86,5
1427,8,2631,77.1,12
1428,14,1547,257.02,1
1429,2,2547,323.13,11
1430,4,980,248.04,14
1431,19,2399,102.96,2
1432,19,1980,266.23,20
1433,20,327,244.94,19
1434,16,485,112.68,11
1435,6,2956,160.32,13
1436,19,2782,351.45,8
1437,5,209,149.45,16
1438,12,1835,321.18,4
1439,15,50,102.34,9
1440,17,1933,9.17,7
1441,19,576,340.63,16
1442,7,1452,55.33,11
1443,13,918,201.04,12
1444,14,223,70.24,16
1445,4,2827,399.48,17
1446,10,2270,218.08,17
1447,17,2576,32.74,14
1448,2,2685,449.7,2
1449,20,2259,482.17,16
1450,4,2758,314.47,15
1451,20,2005,98.23,17
1452,5,2971,370.48,1
1453,1,1364,439.58,14
1454,17,2733,223.07,1
1455,20,2766,284.9,11
1456,19,2999,241.07,9
1457,1,1295,122.87,12
1458,16,2264,183.41,14
1459,5,2792,368.35,20
1460,12,667,341.87,2
1461,7,2068,83.86,11
1462,5,1123,340.53,13
1463,9,2481,381.98,2
1464,5,2528,110.26,14
1465,20,2504,458.32,6
1466,18,309,332.86,2
1467,9,1967,81.04,17
1468,12,870,183.64,8
1469,10,1691,58.71,20
1470,3,2097,274.98,12
1471,4,247,58.27,13
1472,2,1227,414.27,10
1473,11,1165,195.12,17
1474,3,1859,312.05,2
1475,1,2794,457.04,11
1476,11,2445,373.86,13
1477,9,473,164.3,14
1478,10,3,337.12,1
1479,18,952,158.69,4
1480,5,2484,64.72,6
1481,3,2267,226.68,11
1482,20,1434,388.05,20
1483,10,475,403.51,4
1484,17,2266,368.78,4
1485,3,1067,316.69,4
1486,9,1314,267.51,10
1487,10,536,295.04,4
1488,20,2475,199.71,11
1489,6,1237,218.08,6
1490,11,2991,189.69,11
1491,12,2329,191.13,5
1492,19,2575,300.17,15
1493,6,2468,156.65,16
1494,18,2660,97.81,7
1495,9,1129,337.72,6
1496,14,357,316.86,4
1497,1,2346,226.13,15
1498,6,991,31.53,11
1499,10,1336,485.37,16
1500,7,1219,170.17,6
1501,9,1594,290.39,2
1502,12,1769,318.02,7
1503,9,652,241.53,13
1504,16,1424,485.73,5
1505,1,2044,384.07,18
1506,17,2699,361.81,4
1507,18,1651,376.65,18
1508,1,2214,199.91,15
1509,5,1723,389.6,16
1510,14,1920,468.96,4
1511,5,621,219.9,3
1512,2,621,167.26,10
1513,16,1024,123.4,14
1514,7,1189,57.41,13
1515,20,1386,431.45,5
1516,10,1466,278.88,13
1517,11,2296,445.68,12
1518,20,199,42.58,12
1519,14,587,475.63,7
1520,15,275,40.07,13
1521,15,2553,269.54,11
1522,2,233,335.57,14
1523,4,254,47.09,16
1524,7,2183,69.01,2
1525,11,2694,235.05,10
1526,16,644,486.21,9
1527,2,1232,382.07,8
1528,3,22,243.19,9
1529,7,704,327.04,10
1530,2,1750,277.91,16
1531,1,2992,490.99,16
1532,16,892,140.47,18
1533,3,2489,474.95,13
1534,8,192,492.25,19
1535,4,1651,99.45,6
1536,3,931,136.76,7
1537,7,156,448.11,20
1538,18,2558,74.27,17
1539,4,1677,170.34,6
1540,6,1764,301.01,7
1541,5,2972,277.03,10
1542,13,2936,431.69,4
1543,15,1737,253.07,4
1544,10,2038,472.61,3
1545,11,59,165.1,16
1546,18,2212,11.17,20
1547,12,2794,412.44,16
1548,20,1609,480.13,16
1549,15,1189,461.33,11
1550,11,2980,29.87,3
1551,13,305,227.05,1
1552,18,154,174.58,12
1553,3,1409,5.75,1
1554,3,2442,180.85,10
1555,14,432,193.41,20
1556,15,2975,440.73,3
1557,17,1707,485.92,20
1558,1,1508,435.31,10
1559,1,2401,296.89,5
1560,17,496,160.57,18
1561,18,2119,463.64,18
1562,14,2308,9.73,10
1563,17,2981,310.33,9
1564,19,2299,48.42,7
1565,8,2804,252.03,18
1566,13,1780,8.83,2
1567,3,492,396.77,17
1568,2,1751,238.36,13
1569,16,511,361.46,20
1570,8,1035,318.36,6
1571,20,1520,240.0,9
1572,18,2581,287.55,16
1573,16,2931,221.61,11
1574,2,2250,332.13,1
1575,14,682,418.78,8
1576,14,1814,182.07,10
1577,12,1026,317.85,2
1578,12,2022,483.99,12
1579,13,1377,469.81,17
1580,17,1456,139.46,17
1581,10,895,152.93,19
1582,4,932,179.52,18
1583,2,2931,340.85,6
1584,10,1300,343.83,8
1585,17,1320,386.24,7
1586,18,2614,307.29,18
1587,2,514,398.38,13
1588,15,1441,174.97,11
1589,15,2498,335.14,8
1590,10,1058,86.62,11
1591,7,376,230.6,15
1592,11,2799,78.46,15
1593,18,1144,486.05,19
1594,3,1821,31.54,2
1595,17,1197,192.87,12
1596,3,2756,227.54,12
1597,2,512,419.3,14
1598,5,1067,378.81,5
1599,7,2611,47.44,9
1600,6,2546,368.82,17
1601,6,1523,242.62,8
1602,10,1921,238.0,20
1603,2,2283,340.54,6
1604,3,2189,286.45,12
1605,4,2292,255.78,9
1606,13,743,120.0,19
1607,20,2545,372.69,19
1608,2,2107,281.19,2
1609,18,2223,298.36,2
1610,10,1076,238.94,10
1611,10,2905,60.15,10
1612,14,441,138.88,6
1613,11,104,315.13,5
1614,5,1415,54.96,18
1615,5,2025,199.65,6
1616,14,2512,2.61,9
1617,2,570,401.02,20
1618,10,2090,45.01,3
1619,19,2933,489.54,10
1620,14,897,42.83,14
1621,12,2652,495.98,19
1622,13,167,372.19,3
1623,8,303,62.85,12
1624,8,277,228.08,6
1625,17,1401,155.25,1
1626,20,2928,451.03,4
1627,12,1479,437.55,11
1628,20,2000,159.7,7
1629,15,1651,238.17,1
1630,16,705,163.68,13
1631,6,1938,136.64,14
1632,15,2234,138.18,1
1633,1,629,219.36,20
1634,5,2296,200.94,19
1635,14,2403,239.25,16
1636,16,863,252.34,1
1637,2,2358,252.55,9
1638,9,2518,132.03,18
1639,9,1182,287.6,20
1640,14,2947,88.61,7
1641,17,2817,200.76,14
1642,11,2032,304.42,4
1643,16,343,379.42,4
1644,11,276,125.75,3
1645,10,984,163.6,7
1646,2,1421,327.95,14
1647,17,2238,3.97,17
1648,1,656,347.99,19
1649,12,2853,136.91,5
1650,11,6,381.56,11
1651,9,520,340.14,13
1652,7,2060,169.82,11
1653,3,997,311.89,3
1654,1,2273,304.62,20
1655,10,1981,312.53,10
1656,5,2163,188.03,4
1657,16,1633,486.89,17
1658,18,1302,333.09,4
1659,11,1706,113.24,16
1660,3,1,255.83,12
1661,20,1343,379.08,12
1662,1,276,394.85,8
1663,9,2744,295.19,14
1664,13,2252,213.62,3
1665,13,1352,19.26,7
1666,17,1045,246.07,12
1667,5,151,335.83,8
1668,20,170,20.51,18
1669,14,2046,387.21,11
1670,4,939,395.42,4
1671,7,2148,244.01,20
1672,6,87,397.73,15
1673,5,2609,411.9,17
1674,10,178,334.5,1
1675,8,1178,248.63,7
1676,7,960,41.55,19
1677,4,582,9.03,4
1678,19,1979,383.23,17
1679,8,2285,342.61,11
1680,13,1505,362.84,2
1681,6,1262,97.23,7
1682,6,2027,63.87,13
1683,3,660,357.64,7
1684,9,45,429.02,17
1685,4,361,87.97,18
1686,18,1637,250.5,7
1687,16,1557,137.86,17
1688,20,2965,285.51,7
1689,16,2638,357.49,9
1690,13,1849,147.51,14
1691,14,759,188.52,8
1692,15,567,499.73,10
1693,17,332,171.91,13
1694,19,2177,74.22,6
1695,4,623,195.76,19
1696,12,402,481.16,11
1697,12,1819,0.77,8
1698,5,1969,328.44,9
1699,11,2215,367.0,2
1700,9,1527,160.83,16
1701,13,1303,375.44,18
1702,2,1997,336.91,9
1703,6,47,225.09,18
1704,4,426,325.82,17
1705,7,572,399.08,9
1706,11,1394,388.1,7
1707,3,2726,468.43,20
1708,13,2641,374.87,12
1709,13,1344,316.58,4
1710,2,1830,462.11,3
1711,19,60,390.94,20
1712,16,735,308.04,16
1713,6,502,479.34,18
1714,15,1979,48.34,20
1715,11,130,247.47,11
1716,17,1918,175.86,15
1717,6,222,495.28,19
1718,20,847,466.31,19
1719,6,741,200.14,18
1720,8,786,454.14,16
1721,11,859,21.71,12
1722,15,2706,490.45,10
1723,2,1178,275.43,3
1724,1,205,215.85,12
1725,2,162,488.51,14
1726,10,2906,281.52,1
1727,14,2398,457.29,4
1728,8,122,187.53,20
1729,2,1462,255.71,20
1730,18,6,452.07,5
1731,8,1973,47.69,2
1732,11,2027,215.1,8
1733,9,2391,325.14,13
1734,12,1523,78.28,17
1735,20,391,419.88,18
1736,3,2193,428.0,19
1737,11,2237,8.13,4
1738,12,2850,387.14,7
1739,16,916,84.57,9
1740,4,2175,86.64,11
1741,17,2942,296.41,9
1742,6,2792,462.44,2
1743,2,800,158.93,7
1744,13,10,376.63,10
1745,19,2125,72.69,16
1746,17,1870,9.81,2
1747,19,874,251.07,13
1748,19,2992,59.77,10
1749,11,54,102.9,20
1750,16,1458,111.45,11
1751,13,782,405.71,17
1752,17,2422,446.87,20
1753,8,2443,230.25,19
1754,9,1924,292.33,15
1755,19,2033,138.28,14
1756,1,1091,219.87,16
1757,8,32,402.21,5
1758,1,2703,387.28,19
1759,13,2297,302.24,17
1760,1,45,404.21,18
1761,12,1337,265.39,16
1762,17,952,56.4,12
1763,6,1623,99.46,15
1764,15,1940,206.47,13
1765,17,482,134.16,19
1766,8,1716,78.4,17
1767,16,1213,192.0,2
1768,4,1082,317.3,1
1769,4,674,149.23,7
1770,14,2889,477.61,12
1771,6,708,190.16,20
1772,11,488,248.13,14
1773,17,85,121.15,12
1774,11,1313,258.53,4
1775,3,1447,149.12,14
1776,4,2426,499.1,19
1777,2,1795,173.64,19
1778,20,1183,371.76,17
1779,10,509,225.07,5
1780,17,2303,476.08,20
1781,2,1517,12.06,13
1782,7,1304,385.29,4
1783,20,3000,291.39,1
1784,18,1648,314.56,18
1785,11,1201,308.63,15
1786,4,1404,398.97,16
1787,7,1306,205.35,12
1788,12,2309,364.29,2
1789,9,2154,418.63,10
1790,11,706,205.92,9
1791,19,1618,71.62,11
1792,12,1057,376.74,9
1793,16,440,256.64,7
1794,12,148,93.68,10
1795,12,2998,490.6,3
1796,12,189,225.16,7
1797,9,668,139.49,15
1798,20,1512,288.12,10
1799,16,961,65.37,19
1800,3,358,384.1,7
1801,6,2749,105.84,8
1802,4,2465,410.58,4
1803,15,144,121.24,11
1804,4,2064,389.55,3
1805,19,160,423.93,2
1806,5,1580,362.14,15
1807,18,657,442.33,12
1808,8,1435,340.45,11
1809,11,1344,92.59,1
1810,20,1996,122.26,7
1811,4,435,436.82,13
1812,15,2361,127.5,17
1813,16,1822,364.83,7
1814,17,2060,418.45,3
1815,2,1149,382.53,13
1816,7,2234,357.82,15
1817,19,2182,467.52,16
1818,12,2924,314.83,16
1819,15,698,207.07,16
1820,12,333,330.85,7
1821,7,1417,58.39,12
1822,11,451,306.88,3
1823,8,2618,206.73,5
1824,7,2430,285.55,7
1825,19,2263,367.53,12
1826,6,739,41.58,7
1827,7,247,261.65,5
1828,1,1305,82.95,2
1829,19,1169,213.56,15
1830,6,54,452.96,15
1831,5,789,85.56,16
1832,8,2800,251.47,4
1833,10,2691,425.12,1
1834,3,408,226.98,17
1835,11,2697,415.47,9
1836,10,1316,368.65,11
1837,5,1673,282.34,8
1838,8,1249,323.93,5
1839,12,1427,176.45,14
1840,11,416,492.04,19
1841,19,2959,283.37,15
1842,19,1868,171.48,5
1843,17,2990,28.08,19
1844,5,1748,478.6,9
1845,10,2652,94.44,12
1846,16,371,143.59,16
1847,3,2653,247.84,8
1848,13,1174,137.33,13
1849,7,1242,428.25,11
1850,19,2505,225.37,12
1851,14,1704,436.33,12
1852,13,2176,202.55,12
1853,9,1042,35.08,16
1854,5,167,84.76,12
1855,12,1967,33.68,8
1856,2,1502,344.9,7
1857,12,2378,163.37,12
1858,12,398,244.23,9
1859,17,393,262.12,20
1860,6,351,397.93,15
1861,13,2340,147.38,10
1862,11,1746,351.74,20
1863,4,2569,125.84,10
1864,6,1894,70.51,7
1865,15,441,187.31,10
1866,3,2781,204.81,15
1867,20,2072,356.38,2
1868,17,722,241.08,9
1869,13,1624,352.18,13
1870,10,949,5.12,13
1871,1,1028,287.09,16
1872,4,2342,475.14,17
1873,5,1162,256.57,7
1874,15,2794,293.41,13
1875,17,2350,87.29,2
1876,4,2974,337.68,2
1877,15,1085,112.01,4
1878,4,1961,406.72,17
1879,1,1547,416.68,11
1880,13,128,121.66,10
1881,13,637,332.99,9
1882,20,2125,190.45,16
1883,19,178,306.12,18
1884,11,2666,228.73,5
1885,14,2278,19.53,17
1886,16,20,335.65,11
1887,9,176,175.82,11
1888,14,1018,103.58,2
1889,16,2717,153.83,6
1890,13,2326,207.28,16
1891,10,1998,158.62,18
1892,19,1612,158.62,17
1893,1,1896,359.58,2
1894,17,1540,145.7,9
1895,18,588,116.72,8
1896,9,1426,394.73,7
1897,3,407,150.5,19
1898,7,254,244.48,2
1899,9,2259,348.17,17
1900,3,1877,160.01,9
1901,20,1327,473.84,11
1902,15,887,397.06,7
1903,19,938,361.27,20
1904,8,2835,168.23,9
1905,3,1053,403.03,5
1906,6,1936,13.55,4
1907,18,1563,280.58,11
1908,10,918,384.9,17
1909,18,749,359.85,9
1910,10,235,236.38,20
1911,17,645,182.6,12
1912,3,896,72.06,6
1913,17,930,254.7,20
1914,8,2140,304.65,11
1915,2,953,77.68,2
1916,9,66,470.36,19
1917,13,2719,110.53,20
1918,16,688,9.61,14
1919,15,391,354.05,6
1920,16,2131,437.0,13
1921,3,1855,267.02,13
1922,8,967,491.03,7
1923,16,29,372.55,18
1924,17,2117,441.96,19
1925,18,1255,43.34,2
1926,9,2826,226.93,16
1927,7,64,204.54,10
1928,11,1938,103.22,3
1929,7,311,386.47,7
1930,5,2986,10.16,15
1931,15,1629,196.55,6
1932,12,729,82.64,20
1933,2,2004,226.9,15
1934,7,1480,379.01,4
1935,7,2302,348.25,2
1936,4,1922,329.26,16
1937,9,165,426.31,8
1938,8,72,41.19,5
1939,17,2183,422.45,3
1940,4,2270,135.49,1
1941,3,1055,65.14,16
1942,15,2293,296.86,1
1943,11,50,222.58,1
1944,19,1943,24.97,2
1945,15,1375,3.07,6
1946,14,343,284.4,1
1947,3,664,1.67,4
1948,7,766,489.65,3
1949,16,1258,431.49,9
1950,6,1427,233.42,2
1951,3,911,401.38,4
1952,15,1584,236.08,17
1953,18,2894,201.24,8
1954,14,2573,318.4,5
1955,8,1371,48.47,7
1956,19,2689,408.49,8
1957,10,65,163.32,19
1958,20,1587,223.48,8
1959,17,1021,407.1,8
1960,17,2335,62.5,19
1961,19,1480,223.92,13
1962,15,1508,181.64,7
1963,14,2503,284.62,12
1964,1,788,144.31,10
1965,17,2237,152.75,20
1966,16,2615,305.02,18
1967,18,2294,20.57,2
1968,8,996,222.73,18
1969,9,2682,271.94,6
1970,15,1129,369.77,17
1971,9,1108,2.22,17
1972,19,1933,135.75,14
1973,7,2675,218.85,3
1974,4,743,41.02,19
1975,8,2654,432.21,12
1976,1,404,206.11,12
1977,18,2324,102.14,5
1978,9,911,236.69,15
1979,9,245,497.79,15
1980,1,1297,384.66,4
1981,3,174,168.91,18
1982,11,1180,421.75,11
1983,16,2139,189.25,13
1984,6,1250,243.65,20
1985,17,2614,199.01,8
1986,2,2813,7.48,3
1987,20,2276,233.14,13
1988,12,1837,118.45,9
1989,2,1576,62.27,20
1990,13,1183,123.07,20
1991,3,180,61.02,3
1992,7,364,107.09,4
1993,8,2123,73.18,11
1994,8,1016,209.1,12
1995,7,808,19.55,12
1996,10,1180,81.57,7
1997,1,2885,61.28,20
1998,13,2710,486.86,11
1999,4,2698,418.23,16
2000,12,735,450.57,11
2001,4,102,463.71,7
2002,11,585,290.61,20
2003,12,204,77.7,13
2004,19,868,338.92,12
2005,17,341,220.84,19
2006,18,1567,269.77,15
2007,16,775,213.2,14
2008,1,569,89.43,18
2009,4,1925,496.04,15
2010,19,772,271.75,11
2011,14,950,18.88,19
2012,14,64,413.51,11
2013,2,2070,227.7,6
2014,7,2351,141.34,5
2015,6,1092,276.21,17
2016,2,723,76.91,2
2017,20,1869,460.26,13
2018,13,658,330.82,17
2019,8,1645,341.85,3
2020,9,1133,468.24,19
2021,17,1234,346.57,17
2022,10,1694,213.76,15
2023,3,2449,87.79,19
2024,2,944,158.33,10
2025,7,2216,433.52,15
2026,10,230,417.56,2
2027,10,995,10.5,16
2028,9,1664,445.82,9
2029,6,2849,495.89,12
2030,8,629,79.68,11
2031,2,1726,312.73,9
2032,17,2141,267.94,17
2033,16,459,359.81,10
2034,3,991,455.72,12
2035,3,2842,385.25,11
2036,16,1786,319.09,16
2037,4,2967,132.37,8
2038,16,874,481.89,6
2039,6,514,203.12,14
2040,20,711,74.83,5
2041,7,2472,51.12,11
2042,4,2053,259.31,16
2043,10,2194,470.78,8
2044,15,839,262.76,1
2045,7,2756,256.06,15
2046,5,863,220.9,19
2047,4,2818,49.31,4
2048,8,1797,459.7,20
2049,13,778,180.67,10
2050,17,2631,495.52,14
2051,6,1421,11.83,16
2052,10,600,7.9,16
2053,7,761,426.61,11
2054,20,1159,32.7,12
2055,12,1422,362.1,20
2056,16,1592,498.49,18
2057,9,768,122.16,12
2058,15,2224,413.88,20
2059,9,2265,44.92,1
2060,17,867,271.65,12
2061,8,2384,16.17,9
2062,15,346,371.38,6
2063,9,1952,427.34,7
2064,5,2128,117.54,12
2065,6,1479,171.83,9
2066,1,624,243.53,5
2067,20,884,299.91,6
2068,7,558,232.37,20
2069,7,1099,234.0,12
2070,6,533,237.08,7
2071,3,2678,380.84,9
2072,16,1072,464.59,6
2073,3,962,396.4,20
2074,6,512,147.7,5
2075,4,2525,251.76,20
2076,15,2117,369.6,19
2077,5,1383,27.51,4
2078,1,2621,405.14,5
2079,18,1687,471.34,18
2080,2,936,181.09,13
2081,15,2537,478.85,8
2082,20,2748,82.05,1
2083,7,2714,84.16,11
2084,5,2343,292.53,19
2085,19,2145,45.01,13
2086,11,888,1.02,16
2087,13,2084,195.13,19
2088,13,2270,345.2,2
2089,4,1715,220.44,5
2090,9,1215,355.17,11
2091,1,2610,259.79,16
2092,9,1456,148.9,16
2093,18,150,398.55,16
2094,4,412,287.64,20
2095,7,1899,488.25,2
2096,5,853,356.04,20
2097,9,1200,235.75,13
2098,15,1660,138.64,15
2099,8,2985,359.99,14
2100,7,1370,365.3,18
2101,15,54,307.58,1
2102,13,396,10.79,4
2103,19,693,296.87,9
2104,15,557,219.78,20
2105,3,532,52.8,20
2106,1,34,310.85,15
2107,8,1585,4.06,11
2108,8,1372,243.51,20
2109,12,2009,449.65,3
2110,20,1736,124.67,5
2111,9,2260,221.52,19
2112,4,1621,123.83,5
2113,8,1508,128.99,7
2114,9,1551,120.5,3
2115,2,1974,65.67,3
2116,12,885,105.26,16
2117,11,1051,231.91,9
2118,8,1210,29.34,18
2119,10,2674,276.2,17
2120,13,2655,118.28,3
2121,13,963,317.09,17
2122,14,2902,270.83,9
2123,4,2126,426.95,7
2124,17,2281,394.95,19
2125,17,1454,31.77,8
2126,14,2559,399.48,15
2127,15,2989,336.28,19
2128,1,2710,197.99,17
2129,18,1284,142.77,11
2130,8,2910,28.2,19
2131,15,835,291.39,15
2132,14,1280,433.54,20
2133,8,878,25.82,8
2134,9,1416,434.46,15
2135,1,1002,174.41,11
2136,17,343,308.25,5
2137,8,352,7.18,11
2138,15,1526,386.19,15
2139,11,1088,342.68,11
2140,4,539,153.98,20
2141,17,29,127.1,9
2142,3,2544,324.97,13
2143,14,2089,7.87,2
2144,17,1936,472.67,4
2145,10,2373,128.08,9
2146,17,281,271.93,5
2147,8,2427,36.9,4
2148,16,2525,474.95,10
2149,3,1012,475.44,8
2150,19,390,206.1,5
2151,13,2745,491.81,12
2152,5,765,57.22,3
2153,2,2148,347.95,10
2154,4,2213,354.21,14
2155,20,1729,314.01,13
2156,11,1610,121.46,6
2157,2,1788,76.08,9
2158,9,1081,461.89,5
2159,1,2800,51.83,11
2160,2,1374,274.39,5
2161,4,1505,140.7,15
2162,12,384,311.45,16
2163,12,1177,145.77,4
2164,14,2667,118.09,2
2165,4,135,178.79,13
2166,7,1140,402.27,2
2167,5,444,184.17,3
2168,11,1907,305.4,11
2169,5,2683,313.52,15
2170,6,193,146.93,4
2171,5,2966,351.71,14
2172,9,1544,236.27,2
2173,15,1814,63.42,14
2174,3,1408,396.08,13
2175,6,915,333.35,16
2176,11,1872,117.56,12
2177,3,2016,385.68,13
2178,2,2332,22.94,20
2179,13,228,366.94,4
2180,5,2764,369.87,17
2181,6,1564,308.05,8
2182,6,2085,205.42,2
2183,15,1593,323.34,16
2184,11,877,0.93,4
2185,5,1389,245.57,10
2186,11,225,15.48,16
2187,14,1098,278.01,20
2188,13,783,496.67,4
2189,7,522,133.26,2
2190,10,1350,379.84,3
2191,7,2623,76.85,12
2192,19,794,34.83,20
2193,3,1238,317.65,20
2194,5,1958,9.97,8
2195,8,1199,85.03,5
2196,6,2769,401.13,17
2197,6,2660,468.34,14
2198,7,391,144.91,19
2199,6,1900,11.24,18
2200,7,1430,177.6,6
2201,3,376,129.81,13
2202,6,1147,396.85,11
2203,8,358,153.41,19
2204,17,2208,246.94,7
2205,16,1947,456.98,8
2206,20,985,100.37,14
2207,17,2072,452.23,13
2208,6,1949,100.18,20
2209,20,1625,84.79,11
2210,5,1246,77.91,18
2211,11,2792,296.36,8
2212,19,2155,447.3,15
2213,1,2130,355.82,5
2214,17,574,325.16,2
2215,9,1971,404.01,19
2216,14,1933,134.89,14
2217,14,699,120.54,7
2218,18,695,408.07,20
2219,10,641,479.02,2
2220,9,769,292.52,6
2221,17,2495,99.62,8
2222,9,1390,391.38,11
2223,18,1775,268.67,3
2224,15,1781,314.52,20
2225,14,957,262.4,17
2226,4,313,37.91,6
2227,8,507,378.71,2
2228,12,958,446.8,19
2229,16,2191,464.97,18
2230,16,249,412.05,18
2231,2,1665,268.89,8
2232,19,52,333.01,18
2233,6,2317,346.41,11
2234,6,799,393.5,12
2235,2,2443,121.85,10
2236,4,2219,384.15,9
2237,4,98,164.15,6
2238,15,2038,455.87,20
2239,7,2641,344.26,11
2240,3,1469,438.64,11
2241,13,1816,196.97,9
2242,10,1090,180.25,1
2243,16,2548,93.9,9
2244,6,1555,123.59,18
2245,14,2536,499.16,4
2246,14,253,97.31,8
2247,5,553,254.35,20
2248,4,1181,372.49,17
2249,12,810,103.23,2
2250,18,1048,475.97,3
2251,19,1984,269.53,9
2252,1,1980,470.21,2
2253,7,55,291.27,14
2254,1,2479,326.36,16
2255,18,608,13.3,15
2256,9,1274,466.0,12
2257,1,197,44.86,19
2258,9,2819,385.71,12
2259,10,2592,411.18,13
2260,2,246,289.89,18
2261,18,2911,216.48,20
2262,8,2370,138.39,18
2263,15,210,181.98,18
2264,12,2384,315.75,3
2265,13,1200,17.36,15
2266,6,914,442.58,15
2267,7,1668,419.46,2
2268,11,1321,435.73,4
2269,2,2183,306.68,15
2270,11,1140,385.39,4
2271,5,2831,362.65,12
2272,20,2547,419.2,19
2273,3,1684,466.96,14
2274,2,1674,320.54,13
2275,14,2450,34.36,9
2276,17,2907,496.79,18
2277,16,2277,184.98,9
2278,2,244,457.58,13
2279,11,2444,181.93,15
2280,19,1366,49.45,9
2281,6,1568,279.04,20
2282,7,1630,452.71,16
2283,1,334,197.32,1
2284,14,2530,337.06,12
2285,20,101,139.87,16
2286,11,1365,80.76,2
2287,17,985,491.29,14
2288,4,397,135.29,11
2289,1,258,371.56,18
2290,19,2162,481.07,6
2291,12,1494,158.12,20
2292,8,461,268.24,9
2293,3,1159,188.06,6
2294,19,2820,212.21,19
2295,18,513,165.45,18
2296,14,810,335.37,17
2297,20,2819,240.23,14
2298,11,2739,86.21,14
2299,10,27,243.83,10
2300,8,621,84.19,2
2301,3,505,4.74,17
2302,1,442,143.75,4
2303,4,1216,349.14,19
2304,5,1800,147.88,15
2305,12,1840,281.77,18
2306,13,2492,178.39,13
2307,19,1908,402.95,5
2308,3,1900,27.45,20
2309,20,1408,167.44,8
2310,13,411,76.74,19
2311,4,2357,363.49,5
2312,5,2298,192.64,10
2313,5,2124,498.99,19
2314,20,124,435.69,11
2315,6,996,309.56,11
2316,14,15,347.31,4
2317,3,1078,181.84,1
2318,4,1987,356.37,12
2319,6,2402,455.13,15
2320,2,358,411.95,12
2321,17,1306,415.49,3
2322,9,1613,386.85,20
2323,2,1329,469.14,16
2324,14,1901,407.2,16
2325,14,2407,50.52,20
2326,12,919,74.88,12
2327,8,846,440.78,7
2328,17,2941,29.71,8
2329,6,1008,156.16,14
2330,15,167,173.97,3
2331,9,1592,326.75,15
2332,15,1158,110.93,7
2333,7,1763,64.74,7
2334,4,1437,109.58,19
2335,2,1559,200.4,5
2336,7,84,231.84,4
2337,16,1162,350.13,9
2338,2,1816,295.24,11
2339,3,1317,437.99,11
2340,14,2662,94.9,8
2341,18,2254,90.99,20
2342,13,460,489.36,13
2343,6,1116,226.07,10
2344,1,1410,264.44,6
2345,10,2974,164.53,12
2346,18,2320,320.81,4
2347,3,479,269.14,16
2348,15,2104,252.62,11
2349,12,59,489.93,12
2350,6,1198,446.19,3
2351,14,2746,166.95,9
2352,6,912,168.3,6
2353,18,2552,62.77,3
2354,17,1525,81.0,13
2355,5,2463,402.35,14
2356,18,1347,387.43,10
2357,8,1072,497.94,14
2358,19,89,232.82,3
2359,20,2414,187.47,6
2360,17,1329,229.98,12
2361,1,1615,119.79,18
2362,15,220,330.34,20
2363,16,122,311.76,18
2364,8,660,222.85,8
2365,16,1966,30.67,9
2366,18,1544,294.0,17
2367,7,1963,46.67,18
2368,18,2508,259.75,5
2369,17,1633,422.11,5
2370,6,1158,329.43,15
2371,7,730,204.79,8
2372,20,2915,124.57,20
2373,7,198,213.93,10
2374,18,241,211.2,4
2375,3,2295,392.37,7
2376,1,1612,22.3,19
2377,10,2072,28.02,16
2378,15,559,244.31,19
2379,19,2582,79.35,11
2380,15,1384,63.23,2
2381,10,1492,226.12,4
2382,5,539,238.84,7
2383,17,1890,376.25,15
2384,6,2306,458.13,16
2385,2,586,311.77,14
2386,9,489,485.13,15
2387,1,1509,394.99,11
2388,1,1143,219.77,17
2389,17,946,166.23,5
2390,20,2271,357.35,20
2391,14,2650,336.94,10
2392,20,1415,120.86,16
2393,10,2741,297.78,16
2394,16,2033,71.22,12
2395,12,824,72.95,19
2396,2,2804,301.44,13
2397,9,803,236.96,1
2398,3,2114,69.3,16
2399,3,2363,206.81,19
2400,7,850,276.95,19
2401,2,1924,279.72,5
2402,11,936,456.5,3
2403,14,2465,158.1,15
2404,9,1137,321.72,8
2405,8,109,219.95,14
2406,19,1922,450.62,20
2407,4,2001,82.12,20
2408,5,1851,161.92,16
2409,9,2947,367.95,7
2410,10,1444,214.32,12
2411,2,300,262.28,14
2412,10,2625,131.67,2
2413,14,2269,152.5,12
2414,10,1713,159.23,9
2415,4,2665,483.52,1
2416,4,336,43.21,20
2417,4,2904,152.96,15
2418,6,1587,199.47,8
2419,16,1398,230.21,9
2420,3,330,38.98,2
2421,15,1735,368.76,6
2422,17,1711,23.93,5
2423,16,2939,29.01,5
2424,10,2239,130.16,19
2425,20,247,348.9,2
2426,4,1156,364.25,10
2427,9,518,422.82,17
2428,4,606,448.33,16
2429,15,1625,92.84,9
2430,4,233,11.06,11
2431,9,1211,90.55,16
2432,9,2991,92.94,19
2433,10,1798,63.65,13
2434,16,68,6.61,9
2435,18,1513,313.15,20
2436,3,1288,132.31,18
2437,5,515,9.22,9
2438,20,241,228.62,20
2439,8,2488,480.5,16
2440,14,2413,378.25,7
2441,13,2472,439.74,4
2442,6,1997,272.24,9
2443,17,1954,469.3,7
2444,14,1951,312.41,18
2445,20,2279,222.22,2
2446,20,139,231.38,16
2447,8,2080,372.77,4
2448,9,853,80.54,3
2449,20,2448,59.43,13
2450,11,2802,83.93,16
2451,3,327,108.44,9
2452,15,2209,387.2,3
2453,14,482,88.73,1
2454,17,2433,268.66,13
2455,20,2490,497.54,13
2456,12,547,473.58,8
2457,19,1234,118.64,19
2458,14,1935,336.21,8
2459,20,517,60.85,4
2460,6,2721,482.91,5
2461,15,1157,62.83,9
2462,7,1535,454.55,6
2463,5,2043,66.46,15
2464,10,1194,189.33,2
2465,8,2763,191.41,8
2466,4,1186,86.71,8
2467,18,2535,355.25,9
2468,13,1033,368.55,15
2469,11,52,135.3,8
2470,16,1906,149.41,19
2471,3,1389,276.59,9
2472,8,813,71.16,19
2473,11,954,461.8,11
2474,18,429,368.6,4
2475,9,1734,191.08,16
2476,16,1359,20.29,12
2477,7,768,216.83,11
2478,11,2575,351.58,14
2479,11,2016,217.46,12
2480,17,2319,71.41,2
2481,6,2973,464.51,6
2482,15,273,437.12,14
2483,10,231,426.55,5
2484,6,2554,494.46,12
2485,17,615,121.69,7
2486,17,1895,349.74,1
2487,19,2000,8.41,12
2488,9,1562,42.11,15
2489,11,217,274.45,5
2490,1,2262,95.28,9
2491,8,975,211.9,8
2492,20,610,177.07,4
2493,1,939,359.06,20
2494,8,949,95.06,16
2495,9,1355,465.57,9
2496,4,1473,245.7,7
2497,14,8,400.46,2
2498,5,2168,250.0,16
2499,5,1620,57.68,7
2500,3,2416,106.63,4
2501,20,963,92.76,14
2502,5,645,328.61,10
2503,12,1050,271.08,17
2504,19,355,6.87,14
2505,15,2951,402.84,14
2506,7,366,201.39,15
2507,4,1008,327.72,2
2508,7,2909,310.34,17
2509,5,253,125.83,2
2510,19,2939,411.63,18
2511,9,446,444.84,5
2512,19,2662,310.25,20
2513,3,586,422.32,12
2514,9,496,303.26,3
2515,1,1928,352.12,17
2516,6,2917,423.5,9
2517,5,1908,203.53,17
2518,7,1232,106.63,2
2519,20,1549,13.52,15
2520,7,902,240.6,8
2521,1,2146,463.15,2
2522,15,2487,358.46,2
2523,14,106,473.35,16
2524,12,1310,73.24,13
2525,9,2670,369.17,11
2526,16,252,276.47,17
2527,6,569,298.99,1
2528,10,2539,85.55,10
2529,17,1991,429.95,7
2530,18,2399,280.89,8
2531,1,130,254.42,17
2532,16,828,213.39,3
2533,1,1055,29.03,10
2534,5,1998,16.48,12
2535,10,176,195.72,1
2536,4,629,438.44,18
2537,10,1839,115.84,12
2538,15,2911,29.98,18
2539,15,2231,221.37,7
2540,19,2556,494.05,8
2541,12,2054,342.66,6
2542,12,2306,97.79,3
2543,7,1848,84.81,7
2544,14,1241,362.46,19
2545,19,171,71.57,4
2546,6,667,6.99,8
2547,13,1162,419.4,18
2548,5,2807,74.89,4
2549,2,2639,417.42,13
2550,7,2760,402.14,18
2551,11,892,222.81,12
2552,13,1475,255.33,18
2553,20,1851,105.52,16
2554,5,479,464.62,10
2555,15,531,81.94,7
2556,20,188,143.68,5
2557,9,816,441.27,20
2558,6,1829,155.36,8
2559,3,1175,492.45,14
2560,16,2172,180.16,7
2561,19,828,450.45,20
2562,19,1692,12.66,16
2563,4,1664,293.4,3
2564,11,2880,64.31,12
2565,6,2700,232.7,13
2566,14,2956,354.85,17
2567,8,2582,1.43,7
2568,7,460,436.92,6
2569,11,51,229.91,12
2570,11,1108,165.07,8
2571,9,2216,186.08,13
2572,16,396,333.1,14
2573,2,1637,156.65,19
2574,3,1406,276.73,4
2575,16,374,390.53,18
2576,3,2562,379.38,15
2577,5,794,175.57,3
2578,4,167,482.52,8
2579,17,1999,440.87,5
2580,18,2717,3.24,8
2581,6,1718,458.34,12
2582,4,2136,421.27,10
2583,7,2018,34.73,20
2584,11,1408,193.14,7
2585,9,380,436.36,2
2586,17,456,227.27,6
2587,9,94,323.47,16
2588,7,2146,68.56,5
2589,17,1216,138.14,10
2590,18,2218,316.99,6
2591,2,1951,482.44,16
2592,6,525,375.79,1
2593,19,204,280.02,5
2594,4,1125,344.17,9
2595,14,126,54.59,12
2596,16,1656,199.31,5
2597,18,1939,59.23,3
2598,8,2861,222.45,1
2599,2,657,351.99,13
2600,12,1542,345.24,5
2601,5,1435,398.06,17
2602,17,1126,1.87,14
2603,1,688,364.33,12
2604,9,2025,421.54,6
2605,1,2471,184.43,4
2606,3,135,363.14,3
2607,20,2723,30.15,12
2608,18,2525,457.86,15
2609,17,2013,93.04,11
2610,12,291,298.4,7
2611,13,2679,318.73,14
2612,13,1655,320.88,9
2613,9,436,174.37,7
2614,17,1210,71.68,11
2615,9,1888,63.65,17
2616,5,790,39.51,13
2617,1,193,200.58,19
2618,13,817,178.6,9
2619,19,389,71.73,2
2620,17,1665,284.82,19
2621,6,413,298.04,5
2622,7,2111,53.38,4
2623,10,2230,246.21,3
2624,4,2124,453.22,6
2625,17,2531,424.04,18
2626,11,624,152.01,17
2627,18,2251,482.2,17
2628,16,1088,352.4,8
2629,15,444,288.12,17
2630,9,303,135.39,3
2631,2,1370,413.98,15
2632,13,695,306.64,20
2633,1,1958,496.59,2
2634,3,2153,277.24,20
2635,9,327,433.45,4
2636,15,2501,391.91,1
2637,4,2138,100.17,5
2638,17,1817,253.72,19
2639,5,1419,361.75,13
2640,4,2460,498.03,17
2641,6,2413,174.88,7
2642,7,644,369.1,12
2643,5,2942,468.67,8
2644,2,2864,434.89,7
2645,4,12,306.5,11
2646,19,1547,342.6,1
2647,4,2565,106.26,4
2648,4,847,140.9,1
2649,11,282,203.77,16
2650,8,915,400.99,17
2651,13,2102,313.8,2
2652,11,1157,107.65,19
2653,19,2351,135.07,2
2654,12,717,259.75,18
2655,9,2720,238.29,12
2656,17,47,20.89,6
2657,19,1756,215.1,1
2658,3,2966,258.06,16
2659,7,279,423.0,1
2660,8,319,371.79,5
2661,12,1543,383.43,13
2662,15,2179,94.49,5
2663,5,63,176.47,9
2664,10,2992,112.35,19
2665,18,1789,411.35,4
2666,20,2566,35.42,2
2667,2,90,407.79,6
2668,11,680,407.1,6
2669,14,561,484.04,17
2670,2,836,347.28,14
2671,16,871,407.29,16
2672,2,316,48.79,12
2673,18,1482,486.54,3
2674,7,1857,62.83,8
2675,17,199,92.14,1
2676,16,2978,232.13,16
2677,1,2688,56.88,17
2678,19,1369,166.77,20
2679,17,1853,316.49,6
2680,17,1767,108.12,18
2681,6,1770,125.6,4
2682,10,365,325.81,1
2683,19,2333,202.09,3
2684,4,1628,477.62,19
2685,7,220,157.59,12
2686,8,2759,295.91,12
2687,20,2015,310.28,2
2688,5,1016,460.7,18
2689,8,945,305.87,4
2690,8,1781,30.53,11
2691,1,1054,449.84,6
2692,13,2168,478.17,15
2693,19,351,246.05,6
2694,2,2780,206.9,1
2695,9,1012,206.69,1
2696,20,1065,478.63,10
2697,7,141,478.94,16
2698,4,29,206.09,10
2699,1,131,295.13,3
2700,12,2676,165.99,18
2701,18,1906,159.97,7
2702,15,1396,22.77,16
2703,10,2117,373.11,17
2704,12,1300,228.52,11
2705,17,680,470.12,19
2706,1,1363,146.88,14
2707,10,1656,230.72,9
2708,7,2741,76.2,10
2709,14,2296,143.01,20
2710,2,877,90.57,16
2711,7,602,244.5,4
2712,7,2098,495.1,19
2713,18,1950,142.59,9
2714,3,1191,471.81,12
2715,20,768,152.3,14
2716,11,1589,385.13,1
2717,10,2259,163.59,3
2718,10,2760,144.34,16
2719,16,2890,374.7,12
2720,13,921,174.52,5
2721,12,2385,217.39,13
2722,13,259,131.37,12
2723,16,1791,85.77,20
2724,19,1977,95.53,17
2725,10,1689,479.67,12
2726,17,1539,258.55,8
2727,8,2856,15.19,15
2728,13,1489,229.6,1
2729,12,881,162.96,8
2730,7,1854,122.78,15
2731,17,1616,219.92,17
2732,5,1094,164.81,19
2733,19,1381,13.35,1
2734,12,1619,465.42,11
2735,10,1468,156.93,13
2736,20,88,279.94,7
2737,11,2864,272.12,14
2738,8,1546,8.97,1
2739,20,1798,436.98,4
2740,6,2558,259.78,6
2741,14,129,226.15,14
2742,12,365,415.53,16
2743,12,861,251.36,20
2744,6,151,315.05,15
2745,11,569,165.37,14
2746,6,399,129.63,19
2747,12,822,175.09,4
2748,1,260,310.62,18
2749,10,2641,14.44,6
2750,13,179,252.14,3
2751,6,198,346.14,15
2752,17,1696,291.05,7
2753,12,2475,318.31,3
2754,8,631,79.36,6
2755,11,458,239.51,13
2756,13,2040,177.78,8
2757,8,1735,144.42,3
2758,18,650,48.73,3
2759,6,2318,487.3,13
2760,4,2729,380.41,14
2761,18,1931,393.1,9
2762,18,24,160.39,8
2763,19,1724,277.34,5
2764,6,813,10.59,12
2765,16,875,173.23,10
2766,16,330,221.29,8
2767,19,1817,401.98,20
2768,2,1287,282.41,11
2769,19,2326,238.46,8
2770,3,62,438.04,3
2771,7,1543,328.68,20
2772,14,2161,267.93,4
2773,19,2280,171.11,16
2774,12,653,31.57,11
2775,9,739,324.57,3
2776,17,130,428.63,3
2777,16,1467,15.41,3
2778,6,361,292.05,3
2779,6,1192,94.0,7
2780,3,2337,467.18,12
2781,17,1179,14.07,18
2782,14,1977,462.93,11
2783,12,51,449.24,18
2784,13,885,204.44,11
2785,9,1202,288.86,16
2786,15,1740,456.8,18
2787,11,1525,54.03,8
2788,11,603,47.77,8
2789,14,1492,321.45,13
2790,18,987,239.05,5
2791,17,2794,19.36,13
2792,18,531,129.9,10
2793,3,933,20.19,15
2794,18,486,490.56,17
2795,1,687,320.41,14
2796,19,1663,457.89,8
2797,18,2531,417.78,16
2798,15,792,388.12,6
2799,13,2380,126.69,5
2800,13,1853,13.79,11
2801,10,2213,342.63,2
2802,10,1561,30.72,14
2803,18,2108,420.18,1
2804,18,1291,472.45,10
2805,6,1599,35.92,4
2806,20,2952,151.21,1
2807,13,2129,159.75,1
2808,3,1688,158.88,16
2809,11,1529,46.9,4
2810,2,1157,363.1,4
2811,3,808,267.96,4
2812,2,2319,315.51,1
2813,9,2072,489.91,19
2814,15,92,271.23,18
2815,15,2285,424.94,10
2816,11,2654,335.4,9
2817,19,598,136.28,11
2818,7,323,38.84,16
2819,11,1363,475.1,15
2820,11,1465,188.22,9
2821,12,584,348.49,18
2822,16,1501,271.71,13
2823,2,225,340.64,1
2824,5,2248,313.32,9
2825,19,115,7.14,1
2826,9,2517,148.09,20
2827,9,1746,72.61,10
2828,19,166,281.41,13
2829,2,1741,357.05,8
2830,4,555,426.06,4
2831,20,1212,112.93,6
2832,10,705,441.52,13
2833,8,432,387.3,8
2834,7,48,52.45,7
2835,16,808,156.77,14
2836,1,386,236.18,15
2837,2,1300,345.94,4
2838,16,2363,102.12,15
2839,15,257,218.15,11
2840,18,2482,458.53,6
2841,16,1166,260.56,19
2842,14,1586,140.46,10
2843,9,1029,284.2,2
2844,12,2204,294.0,5
2845,19,1660,63.01,18
2846,6,511,409.44,6
2847,3,600,317.31,17
2848,5,1240,270.1,17
2849,20,2676,245.68,2
2850,12,155,496.49,12
2851,20,2187,85.48,8
2852,2,175,465.26,17
2853,15,965,437.17,7
2854,20,1080,193.99,2
2855,15,2252,426.7,18
2856,5,989,21.13,20
2857,11,1081,387.32,9
2858,6,1041,400.73,4
2859,8,78,445.68,3
2860,19,1083,327.63,8
2861,1,2271,44.47,1
2862,3,2654,58.1,18
2863,5,476,155.65,12
2864,2,788,0.98,6
2865,17,6,463.89,16
2866,20,2634,334.38,17
2867,12,1538,40.69,4
2868,3,203,366.59,15
2869,2,751,77.53,11
2870,9,1048,56.9,9
2871,1,2634,105.21,10
2872,10,1032,114.93,18
2873,19,917,197.95,1
2874,4,8,41.45,15
2875,11,32,95.42,16
2876,8,2340,152.42,8
2877,6,145,54.76,6
2878,8,2688,339.61,6
2879,8,2644,134.87,2
2880,15,2012,203.31,17
2881,13,2771,439.09,11
2882,4,1936,104.38,11
2883,14,2937,104.86,12
2884,6,1146,480.84,13
2885,7,618,220.06,18
2886,20,1168,492.06,7
2887,8,2634,60.88,16
2888,20,2814,384.57,1
2889,11,2109,479.58,2
2890,6,1698,93.99,16
2891,4,1627,86.55,3
2892,5,431,50.69,12
2893,7,2308,305.37,18
2894,19,1903,196.92,10
2895,8,1568,186.19,1
2896,10,218,466.28,7
2897,8,1487,3.25,1
2898,14,2814,170.97,8
2899,13,671,54.03,2
2900,20,2672,361.54,18
2901,3,359,439.59,9
2902,6,2394,494.43,15
2903,3,644,97.53,19
2904,13,481,436.9,15
2905,18,2897,317.39,6
2906,14,2457,476.78,11
2907,6,1123,428.46,19
2908,8,2711,439.0,8
2909,18,421,254.61,6
2910,19,865,485.09,2
2911,11,1423,31.58,20
2912,1,243,187.93,12
2913,7,1570,201.67,2
2914,1,1139,70.93,5
2915,14,102,323.78,19
2916,18,1911,210.2,4
2917,17,182,368.61,4
2918,17,2529,299.56,2
2919,14,2277,22.13,11
2920,17,920,72.88,2
2921,3,348,357.64,5
2922,20,1077,345.22,15
2923,3,1881,79.25,5
2924,1,2628,442.02,11
2925,4,1447,21.98,15
2926,12,622,329.77,10
2927,10,1804,95.73,2
2928,12,1149,182.39,2
2929,5,2675,453.54,20
2930,1,257,158.05,2
2931,16,334,424.29,14
2932,11,927,182.18,17
2933,14,2562,439.57,8
2934,20,599,309.95,19
2935,2,777,94.86,17
2936,16,1245,301.8,4
2937,5,1428,268.39,2
2938,1,2295,212.02,9
2939,1,1258,125.9,16
2940,1,1466,227.82,12
2941,14,2702,40.17,18
2942,8,1063,430.68,10
2943,2,1144,324.14,1
2944,4,2394,275.98,15
2945,2,1693,218.85,15
2946,8,2721,383.96,3
2947,17,961,495.26,18
2948,4,1986,1.17,12
2949,10,2915,351.68,7
2950,17,2847,109.71,7
2951,18,1611,116.63,11
2952,17,415,387.21,10
2953,8,1457,388.96,19
2954,11,2945,415.19,10
2955,17,1901,484.55,20
2956,2,822,92.95,16
2957,15,2860,18.27,20
2958,18,1193,497.27,7
2959,12,117,133.46,14
2960,1,2116,167.1,16
2961,13,1795,219.81,19
2962,18,1452,146.04,5
2963,8,1727,11.49,15
2964,11,1331,478.57,11
2965,12,490,173.06,13
2966,4,2176,33.28,12
2967,10,582,125.11,14
2968,2,284,249.02,1
2969,15,356,121.15,3
2970,18,1538,325.74,12
2971,10,1301,398.74,12
2972,6,45,280.72,6
2973,5,1003,410.1,1
2974,9,720,103.9,17
2975,20,2769,26.24,1
2976,17,691,438.34,10
2977,20,1206,270.01,4
2978,5,2508,59.36,12
2979,20,1141,426.54,9
2980,20,701,147.77,6
2981,2,361,120.17,4
2982,6,1291,456.16,16
2983,17,394,448.87,15
2984,19,2005,433.76,19
2985,3,745,150.12,17
2986,2,285,316.47,2
2987,15,2460,174.56,15
2988,4,1903,405.32,14
2989,6,1331,355.51,2
2990,4,2873,300.99,5
2991,16,2672,379.75,4
2992,8,91,319.56,6
2993,1,89,13.93,3
2994,5,2504,403.7,12
2995,7,2151,95.67,19
2996,15,2137,277.65,5
2997,11,2705,175.21,13
2998,8,2939,457.1,17
2999,3,251,402.93,2
3000,11,1098,402.67,10
